energy,valence,tempo,danceability,acousticness,instrumentalness,track_name,track_artist,mood
0.592,0.535,157.969,0.521,0.308,0.0,Die With A Smile,"Lady Gaga, Bruno Mars",Happy
0.507,0.438,104.978,0.747,0.2,0.0608,BIRDS OF A FEATHER,Billie Eilish,Energetic
0.808,0.372,108.548,0.554,0.214,0.0,That’s So True,Gracie Abrams,Energetic
0.91,0.786,112.966,0.67,0.0939,0.0,Taste,Sabrina Carpenter,Happy
0.783,0.939,149.027,0.777,0.0283,0.0,APT.,"ROSÉ, Bruno Mars",Happy
0.582,0.785,116.712,0.7,0.0502,0.0,"Good Luck, Babe!",Chappell Roan,Happy
0.561,0.841,150.069,0.669,0.495,0.00962,Diet Pepsi,Addison Rae,Happy
0.247,0.126,148.101,0.467,0.612,0.000271,WILDFLOWER,Billie Eilish,Sad
0.416,0.297,94.926,0.492,0.686,8.61e-05,Sailor Song,Gigi Perez,Sad
0.722,0.57,119.973,0.769,0.0584,2.56e-06,Timeless (with Playboi Carti),"The Weeknd, Playboi Carti",Happy
0.667,0.618,130.019,0.776,0.0146,0.3,Guess featuring billie eilish,"Charli xcx, Billie Eilish",Happy
0.586,0.579,107.071,0.669,0.274,0.0,Please Please Please,Sabrina Carpenter,Happy
0.806,0.587,104.032,0.608,0.121,0.0,2 hands,Tate McRae,Happy
0.709,0.604,81.012,0.722,0.0633,0.0,A Bar Song (Tipsy),Shaboozey,Happy
0.757,0.957,139.982,0.742,0.0187,0.0,HOT TO GO!,Chappell Roan,Happy
0.917,0.501,100.987,0.562,0.0513,0.0,Disease,Lady Gaga,Happy
0.787,0.672,109.939,0.734,0.126,0.0,Moonlit Floor (Kiss Me),LISA,Happy
0.843,0.746,122.064,0.619,0.00948,0.000118,Love Somebody,Morgan Wallen,Happy
0.406,0.338,115.94,0.53,0.656,0.0,"I Love You, I'm Sorry",Gracie Abrams,Sad
0.782,0.655,119.992,0.727,0.0563,0.336,Move,"Adam Port, Stryv, Keinemusik, Orso, Malachiii",Happy
0.812,0.664,80.09,0.505,0.285,0.0,"Sticky (feat. GloRilla, Sexyy Red & Lil Wayne)","Tyler, The Creator, GloRilla, Sexyy Red, Lil Wayne",Happy
0.76,0.69,103.969,0.701,0.107,6.54e-05,Espresso,Sabrina Carpenter,Happy
0.725,0.838,116.988,0.894,0.00434,1.15e-05,Mantra,JENNIE,Happy
0.563,0.343,105.008,0.833,0.528,1.27e-05,Qué Pasaría...,"Rauw Alejandro, Bad Bunny",Energetic
0.628,0.321,119.98,0.757,0.189,0.0209,NEW DROP,Don Toliver,Energetic
0.855,0.731,127.986,0.638,0.00757,0.0,I Had Some Help (Feat. Morgan Wallen),"Post Malone, Morgan Wallen",Happy
0.62,0.934,117.038,0.741,0.0295,0.000809,Too Sweet,Hozier,Happy
0.339,0.457,97.989,0.705,0.552,0.0814,No One Noticed,The Marías,Sad
0.651,0.471,112.648,0.694,0.496,1.36e-05,Tu Boda,"Oscar Maydon, Fuerza Regida",Energetic
0.601,0.332,123.994,0.635,0.246,0.0,Stargazing,Myles Smith,Energetic
0.691,0.703,167.029,0.836,0.00586,0.0,WHATCHU KNO ABOUT ME (with Sexyy Red),"GloRilla, Sexyy Red",Happy
0.646,0.295,115.842,0.645,0.0615,3.04e-05,we can't be friends (wait for your love),Ariana Grande,Energetic
0.471,0.219,105.029,0.472,0.151,0.0,Beautiful Things,Benson Boone,Sad
0.709,0.712,194.055,0.744,0.0501,0.0,DEGENERE 👑 (feat. benny blanco),"Myke Towers, benny blanco",Happy
0.904,0.788,167.033,0.739,0.549,1.03e-05,Touch,KATSEYE,Happy
0.604,0.242,159.92,0.561,0.199,1.9e-05,Lose Control,Teddy Swims,Energetic
0.668,0.64,90.969,0.646,0.491,0.0,Belong Together,Mark Ambor,Happy
0.668,0.787,128.027,0.924,0.446,0.000594,Si Antes Te Hubiera Conocido,KAROL G,Happy
0.454,0.912,159.982,0.689,0.0351,0.00259,End of Beginning,Djo,Neutral
0.386,0.281,192.004,0.504,0.502,1.53e-05,Fortnight (feat. Post Malone),"Taylor Swift, Post Malone",Sad
0.681,0.388,155.079,0.56,0.103,0.0,Q U E V A S H A C E R H O Y ?,"Omar Courtz, De La Rose",Energetic
0.472,0.214,101.061,0.898,0.0107,0.0,Not Like Us,Kendrick Lamar,Sad
0.711,0.317,146.921,0.487,0.000175,0.0,Running Wild,Jin,Energetic
0.712,0.692,91.98,0.848,0.221,0.0,+57,"KAROL G, Feid, DFZM, Ovy On The Drums, J Balvin, Maluma, Ryan Castro, Blessd",Happy
0.645,0.788,114.933,0.882,0.475,4.13e-05,Embrace It,Ndotz,Happy
0.872,0.806,184.115,0.466,0.0156,0.0,The Emptiness Machine,Linkin Park,Happy
0.756,0.838,116.034,0.66,0.00289,0.0,Who,Jimin,Happy
0.508,0.609,147.125,0.579,0.00574,0.000494,Hotel California - 2013 Remaster,Eagles,Happy
0.89,0.259,133.52,0.502,0.000147,0.0117,Thunderstruck,AC/DC,Energetic
0.446,0.278,123.596,0.743,0.0039,0.118,Seven Nation Army,The White Stripes,Sad
0.43,0.104,91.844,0.515,0.0097,0.000133,Creep,Radiohead,Sad
0.824,0.539,120.125,0.5,0.00016,0.00161,Come As You Are,Nirvana,Happy
0.767,0.328,96.483,0.592,0.0021,0.00165,Californication,Red Hot Chili Peppers,Energetic
0.952,0.624,125.304,0.445,0.09,0.0843,Sweet Child O' Mine,Guns N' Roses,Happy
0.795,0.612,158.691,0.464,0.0493,0.00244,"Paint It, Black",The Rolling Stones,Happy
0.492,0.789,120.151,0.828,0.0644,0.00428,Dreams - 2004 Remaster,Fleetwood Mac,Neutral
0.881,0.364,158.066,0.413,5.99e-05,0.000308,Everlong,Foo Fighters,Energetic
0.716,0.901,94.379,0.535,0.326,0.0,I Love Rock 'N Roll,Joan Jett & the Blackhearts,Happy
0.322,0.387,93.503,0.475,0.367,0.00056,Dust in the Wind,Kansas,Sad
0.394,0.721,104.114,0.693,0.0782,0.000694,"Another Brick in the Wall, Pt. 2",Pink Floyd,Neutral
0.899,0.603,152.445,0.475,0.00375,1.91e-05,Runaway,Bon Jovi,Happy
0.943,0.781,85.064,0.442,0.00293,8.71e-06,Basket Case,Green Day,Happy
0.345,0.458,84.581,0.559,0.0576,0.000105,Under the Bridge,Red Hot Chili Peppers,Sad
0.814,0.728,147.193,0.673,0.0134,0.00293,White Wedding - Pt. 1,Billy Idol,Happy
0.767,0.755,127.361,0.532,0.00287,0.000513,You Shook Me All Night Long,AC/DC,Happy
0.863,0.931,136.302,0.723,0.0383,0.0317,(I Can't Get No) Satisfaction - Mono Version,The Rolling Stones,Happy
0.449,0.549,100.456,0.486,0.166,2.23e-06,Starman - 2012 Remaster,David Bowie,Neutral
0.902,0.422,89.74,0.412,0.0484,0.131,Whole Lotta Love - 1990 Remaster,Led Zeppelin,Energetic
0.722,0.716,103.886,0.55,0.25,0.0129,Riders on the Storm,The Doors,Happy
0.944,0.265,105.338,0.394,0.00178,4.54e-06,Even Flow,Pearl Jam,Energetic
0.952,0.584,122.093,0.398,0.000373,7.75e-05,Born in the U.S.A.,Bruce Springsteen,Happy
0.917,0.518,171.176,0.356,0.0335,0.0,Bitter Sweet Symphony - Remastered 2016,The Verve,Happy
0.589,0.254,124.634,0.455,0.00184,0.00358,Don't Cry (Original),Guns N' Roses,Energetic
0.805,0.564,113.253,0.438,0.00255,5.69e-05,All Along the Watchtower,Jimi Hendrix,Happy
0.239,0.298,189.507,0.446,0.551,4.1e-06,In The Air Tonight - 2015 Remastered,Phil Collins,Sad
0.521,0.942,123.118,0.721,0.0708,0.00545,Psycho Killer - 2005 Remaster,Talking Heads,Happy
0.67,0.777,129.269,0.619,0.00165,0.0109,Are You Gonna Go My Way,Lenny Kravitz,Happy
0.828,0.562,105.25,0.539,0.00067,0.421,Master of Puppets (Remastered),Metallica,Happy
0.487,0.731,114.965,0.73,0.258,0.01,Everywhere - 2017 Remaster,Fleetwood Mac,Neutral
0.697,0.774,116.109,0.741,0.0664,2.28e-05,Have You Ever Seen The Rain,Creedence Clearwater Revival,Happy
0.579,0.691,127.215,0.62,0.0152,6.4e-05,Just What I Needed,The Cars,Happy
0.912,0.72,116.761,0.502,2.55e-05,0.000173,Smells Like Teen Spirit,Nirvana,Happy
0.833,0.661,88.785,0.466,0.0266,0.0,Killing In The Name,Rage Against The Machine,Happy
0.376,0.188,164.775,0.53,0.0304,0.247,Come Together - Remastered 2009,The Beatles,Sad
0.786,0.793,126.755,0.482,0.00321,8.88e-05,Carry on Wayward Son,Kansas,Happy
0.789,0.918,129.802,0.674,0.00178,0.00708,Song 2 - 2012 Remaster,Blur,Happy
0.441,0.25,81.334,0.519,0.0204,0.000453,Where Is My Mind? - 2007 Remaster,Pixies,Sad
0.836,0.82,113.375,0.743,0.0804,0.0,Should I Stay or Should I Go - Remastered,The Clash,Happy
0.528,0.757,109.975,0.932,0.115,0.329,Another One Bites The Dust - Remastered 2011,Queen,Happy
0.905,0.411,128.019,0.602,0.000202,0.064,Uprising,Muse,Energetic
0.519,0.822,98.883,0.653,0.406,0.0209,For What It's Worth,Buffalo Springfield,Happy
0.946,0.647,138.18,0.454,0.0223,0.0,You Really Got Me - 2015 Remaster,Van Halen,Happy
0.828,0.147,105.435,0.35,0.000217,0.000161,Black Hole Sun,Soundgarden,Energetic
0.349,0.622,124.348,0.489,0.676,0.0789,Black Magic Woman - Single Version,Santana,Neutral
0.872,0.735,159.925,0.587,0.018,0.0,Fly Away,Lenny Kravitz,Happy
0.808,0.869,151.008,0.577,0.0338,1.33e-05,Message In A Bottle,The Police,Happy
0.758,0.435,112.113,0.489,0.000678,0.49,Heroes - 2017 Remaster,David Bowie,Energetic
0.932,0.619,112.937,0.564,0.013,0.169,Immigrant Song - Remaster,Led Zeppelin,Happy
0.338,0.478,177.765,0.388,0.652,3.73e-06,Mr. Blue Sky,Electric Light Orchestra,Sad
0.7,0.763,188.386,0.31,0.011,0.00965,Back In Black,AC/DC,Happy
0.691,0.667,137.145,0.548,0.015,0.106,Barracuda,Heart,Happy
0.532,0.342,136.576,0.601,0.433,5.95e-06,"Rocket Man (I Think It's Going To Be A Long, Long Time)",Elton John,Energetic
0.641,0.382,203.006,0.256,0.199,0.0329,Heart-Shaped Box,Nirvana,Energetic
0.755,0.883,109.535,0.667,0.0966,6.94e-05,Life in the Fast Lane - 2013 Remaster,Eagles,Happy
0.373,0.732,92.718,0.671,0.257,8.01e-05,Africa,TOTO,Neutral
0.927,0.385,141.466,0.333,0.0029,0.000208,(Don't Fear) The Reaper,Blue Öyster Cult,Energetic
0.787,0.964,126.879,0.767,0.0163,0.583,1979 - Remastered 2012,The Smashing Pumpkins,Happy
0.366,0.171,127.163,0.472,0.15,0.312,Comfortably Numb,Pink Floyd,Sad
0.864,0.749,81.394,0.437,0.396,0.0314,Black Dog - Remaster,Led Zeppelin,Happy
0.584,0.685,170.411,0.509,0.0368,9.96e-05,No One Knows,Queens of the Stone Age,Happy
0.912,0.843,117.399,0.575,0.0916,0.00211,Long Train Runnin',The Doobie Brothers,Happy
0.611,0.786,85.387,0.654,0.0337,0.000178,Loser,Beck,Happy
0.482,0.492,138.453,0.529,0.7,0.0,American Pie,Don McLean,Sad
0.748,0.663,134.114,0.618,0.0384,4.1e-06,Roxanne,The Police,Happy
0.7,0.897,147.245,0.586,0.0589,0.00125,My Sharona,The Knack,Happy
0.318,0.385,104.522,0.575,0.683,0.000202,Walk On the Wild Side,Lou Reed,Sad
0.706,0.768,80.823,0.445,0.234,0.000252,The Boys Are Back In Town,Thin Lizzy,Happy
0.913,0.423,115.728,0.574,0.061,0.00158,Highway to Hell,AC/DC,Energetic
0.495,0.308,124.936,0.532,0.659,0.0,Vienna,Billy Joel,Sad
0.875,0.595,75.009,0.284,0.00752,0.000461,Alive,Pearl Jam,Happy
0.737,0.744,103.867,0.662,0.108,0.0191,The Best,Tina Turner,Happy
0.936,0.776,91.577,0.666,0.00244,0.086,Give It Away,Red Hot Chili Peppers,Happy
0.432,0.648,94.605,0.475,0.183,0.0,Good Riddance (Time of Your Life),Green Day,Neutral
0.549,0.907,176.941,0.516,0.501,0.00572,The Boys Of Summer,Don Henley,Happy
0.751,0.789,89.839,0.421,0.2,0.0,Break on Through (To the Other Side),The Doors,Happy
0.938,0.543,168.131,0.324,0.032,0.0321,Sabotage,Beastie Boys,Happy
0.953,0.568,84.989,0.267,0.00211,0.0,Pour Some Sugar On Me - Remastered 2017,Def Leppard,Happy
0.919,0.537,135.997,0.465,1.83e-05,2.07e-05,Learn to Fly,Foo Fighters,Happy
0.58,0.944,127.402,0.741,0.117,3.61e-05,Hit Me With Your Best Shot,Pat Benatar,Happy
0.72,0.475,121.864,0.404,5.59e-05,0.836,Bullet With Butterfly Wings - Remastered 2012,The Smashing Pumpkins,Energetic
0.927,0.49,170.814,0.215,0.000273,0.00661,Interstate Love Song - 2019 Remaster,Stone Temple Pilots,Energetic
0.801,0.776,133.769,0.651,0.123,0.0,London Calling - Remastered,The Clash,Happy
0.262,0.375,122.861,0.481,0.735,0.0114,Wish You Were Here,Pink Floyd,Sad
0.449,0.573,84.383,0.623,0.212,0.0,Free Fallin',Tom Petty,Neutral
0.476,0.566,148.117,0.389,0.619,5.09e-05,No Rain,Blind Melon,Neutral
0.978,0.451,141.167,0.526,0.00122,4.75e-05,Panama - 2015 Remaster,Van Halen,Energetic
0.842,0.586,100.127,0.297,0.000286,9.1e-06,Would? (2022 Remaster),Alice In Chains,Happy
0.944,0.606,146.347,0.27,0.00501,2.05e-05,Born to Run,Bruce Springsteen,Happy
0.182,0.178,136.094,0.349,0.92,0.0152,Unforgettable,Nat King Cole,Sad
0.164,0.071,58.303,0.136,0.911,0.916,"Tchaikovsky: Swan Lake, Op. 20, Act 2: No. 10, Scene. Moderato","Pyotr Ilyich Tchaikovsky, André Previn, London Symphony Orchestra",Sad
0.00527,0.151,170.612,0.184,0.995,0.887,"Sonata No. 14 ""Moonlight"" in C-Sharp Minor"", Op. 27 No. 2: I. Adagio sostenuto","Ludwig van Beethoven, Paul Lewis",Sad
0.449,0.036,92.468,0.447,0.934,0.961,Experience,"Ludovico Einaudi, Daniel Hope, I Virtuosi Italiani",Sad
0.812,0.664,80.09,0.505,0.285,0.0,"Sticky (feat. GloRilla, Sexyy Red & Lil Wayne)","Tyler, The Creator, GloRilla, Sexyy Red, Lil Wayne",Happy
0.507,0.506,130.007,0.872,0.195,0.0,HIM ALL ALONG,Gunna,Happy
0.802,0.374,128.085,0.835,0.0311,7.33e-06,Leave Me Alone,BigXthaPlug,Energetic
0.533,0.15,120.011,0.794,0.14,2.76e-05,PLUTOSKI,Future,Energetic
0.722,0.57,119.973,0.769,0.0584,2.56e-06,Timeless (with Playboi Carti),"The Weeknd, Playboi Carti",Happy
0.684,0.68,166.976,0.832,0.00449,0.0,WHATCHU KNO ABOUT ME (feat. Sexyy Red),"GloRilla, Sexyy Red",Happy
0.642,0.186,111.907,0.65,0.00502,0.0,Insecurities,Lil Baby,Energetic
0.699,0.484,129.054,0.92,0.00768,0.0,Gang Baby,NLE Choppa,Energetic
0.628,0.321,119.98,0.757,0.189,0.0209,NEW DROP,Don Toliver,Energetic
0.709,0.564,78.53,0.749,0.155,0.0,Help Me,Real Boston Richey,Happy
0.69,0.471,125.951,0.853,0.0771,0.0,No Face,Drake,Energetic
0.754,0.301,131.001,0.863,0.00125,0.0,LIL DEMON,Future,Energetic
0.4,0.089,106.682,0.608,0.029,0.000327,2 Slippery (feat. BossMan Dlow),"Luh Tyler, BossMan Dlow",Sad
0.509,0.549,157.94,0.662,0.247,0.0,Sorry Not Sorry,"Lil Yachty, Veeze",Happy
0.663,0.209,143.082,0.76,0.109,0.0,ALL RED,Playboi Carti,Energetic
0.761,0.313,147.216,0.649,0.00694,0.0,I CAN’T LET GO,"Lil Tecca, Don Toliver",Energetic
0.663,0.381,184.057,0.672,0.112,0.0,Chill Bae,Lil Uzi Vert,Energetic
0.681,0.324,114.991,0.884,0.0439,0.0,2AM,BigXthaPlug,Energetic
0.723,0.294,139.942,0.783,0.0264,0.0,It's Up (feat. Young Thug & 21 Savage),"Drake, Young Thug, 21 Savage",Energetic
0.831,0.648,139.905,0.652,0.0111,0.0,The Viper,BabyChiefDoit,Happy
0.525,0.467,75.013,0.776,0.0366,0.0,Brokey,Latto,Energetic
0.5,0.269,63.925,0.427,0.286,0.0,25,Rod Wave,Sad
0.586,0.147,125.845,0.731,0.116,0.0,Or What,"NLE Choppa, 41, Kyle Richh",Energetic
0.552,0.112,144.941,0.64,0.0215,0.0,Type Shit,"Future, Metro Boomin, Travis Scott, Playboi Carti",Energetic
0.472,0.214,101.061,0.898,0.0107,0.0,Not Like Us,Kendrick Lamar,Sad
0.859,0.64,129.77,0.77,0.362,0.0,Thought I Was Dead (feat. ScHoolboy Q & Santigold),"Tyler, The Creator, ScHoolboy Q, Santigold",Happy
0.685,0.458,121.991,0.731,0.054,0.0,FIELD TRIP,"¥$, Playboi Carti, Don Toliver, Kodak Black",Energetic
0.578,0.192,124.005,0.916,0.00349,0.00402,TEFLON DON,Future,Energetic
0.574,0.286,146.007,0.694,0.193,0.0,Circadian Rhythm,Drake,Energetic
0.867,0.799,131.041,0.902,0.0678,0.0,The Largest,BigXthaPlug,Happy
0.692,0.427,140.203,0.637,0.0153,0.0,Light Year (Practice),Lil Uzi Vert,Energetic
0.478,0.39,104.563,0.675,0.0731,7.8e-06,Blow for Blow (feat. J. Cole),"Tee Grizzley, J. Cole",Sad
0.878,0.514,82.557,0.661,0.00289,0.0,Rah Tah Tah,"Tyler, The Creator",Happy
0.396,0.413,78.022,0.726,0.269,0.0,Both Ways,Juice WRLD,Sad
0.711,0.328,117.038,0.974,0.0988,3.92e-05,NISSAN ALTIMA,Doechii,Energetic
0.527,0.212,77.499,0.824,0.149,0.0,Tailor Swif,A$AP Rocky,Energetic
0.752,0.242,158.042,0.638,0.0066,0.734,GEEK TIMË,Yeat,Energetic
0.826,0.417,108.52,0.654,0.0153,0.00146,Many Men (Wish Death),50 Cent,Energetic
0.472,0.214,101.061,0.898,0.0107,0.0,Not Like Us,Kendrick Lamar,Sad
0.764,0.886,140.113,0.882,0.359,0.0,BAND4BAND (feat. Lil Baby),"Central Cee, Lil Baby",Happy
0.552,0.112,144.941,0.64,0.0215,0.0,Type Shit,"Future, Metro Boomin, Travis Scott, Playboi Carti",Energetic
0.632,0.253,123.987,0.848,0.398,0.0,"Bent (with Kyle Richh, Jenn Carter & TaTa)","41, Kyle Richh, Jenn Carter, TaTa",Energetic
0.805,0.649,142.096,0.548,0.212,0.000405,Dior,Pop Smoke,Happy
0.631,0.433,121.854,0.772,0.0648,0.0,SAY MY GRACE (feat. Travis Scott),"Offset, Travis Scott",Energetic
0.702,0.675,125.089,0.871,0.296,0.0,6locc 6a6y,Lil Loaded,Happy
0.57,0.733,142.974,0.787,0.0449,0.0,All My Life (feat. J. Cole),"Lil Durk, J. Cole",Happy
0.583,0.533,116.624,0.709,0.138,2.97e-06,Superhero (Heroes & Villains) [with Future & Chris Brown],"Metro Boomin, Future, Chris Brown",Happy
0.592,0.4,159.98,0.82,0.0149,4.71e-06,Took Her To The O,King Von,Energetic
0.68,0.694,144.006,0.85,0.732,0.0,Loading,Central Cee,Happy
0.758,0.331,165.409,0.681,0.00465,0.0,née-nah,"21 Savage, Travis Scott, Metro Boomin",Energetic
0.413,0.211,131.964,0.772,0.0361,0.0,Love Sosa,Chief Keef,Sad
0.658,0.387,151.951,0.752,0.0421,0.0,Drankin N Smokin,"Future, Lil Uzi Vert",Energetic
0.732,0.612,142.791,0.548,0.125,0.0,Invincible,Pop Smoke,Happy
0.676,0.472,143.477,0.594,0.135,0.0,GATTI,"JACKBOYS, Pop Smoke, Travis Scott",Energetic
0.618,0.286,99.7,0.49,0.0221,3.77e-06,The Woo (feat. 50 Cent & Roddy Ricch),"Pop Smoke, 50 Cent, Roddy Ricch",Energetic
0.35,0.346,77.528,0.822,0.0213,0.0,Neva Cared,Polo G,Sad
0.946,0.745,150.141,0.804,0.002,0.0,Mr. Glock,Key Glock,Happy
0.626,0.415,143.01,0.819,0.00748,0.101,Runnin,"21 Savage, Metro Boomin",Energetic
0.592,0.232,188.051,0.696,0.152,0.0,Armed & Dangerous,King Von,Energetic
0.547,0.606,138.05,0.92,0.0241,1.45e-06,Coffin,Lil Yachty,Happy
0.395,0.128,76.984,0.793,0.277,1.4e-05,Ready (feat. Gunna),"Lil Baby, Gunna",Sad
0.774,0.549,130.007,0.867,0.11,0.0,Russian Cream,Key Glock,Happy
0.449,0.1,136.006,0.578,0.0618,2.17e-06,Wants and Needs (feat. Lil Baby),"Drake, Lil Baby",Sad
0.673,0.366,165.921,0.529,0.000307,2.41e-06,Jimmy Cooks (feat. 21 Savage),"Drake, 21 Savage",Energetic
0.73,0.41,156.953,0.729,0.00165,4.33e-05,"Crazy Story, Pt. 3",King Von,Energetic
0.487,0.108,127.05,0.964,0.00127,6.07e-06,Pure Cocaine,Lil Baby,Sad
0.732,0.576,149.012,0.841,0.0115,2.18e-05,Ambition For Cash,Key Glock,Happy
0.611,0.144,134.093,0.711,0.00588,0.0,family ties (with Kendrick Lamar),"Baby Keem, Kendrick Lamar",Energetic
0.733,0.202,130.029,0.847,0.00574,1.04e-05,Glock In My Lap,"21 Savage, Metro Boomin",Energetic
0.48,0.419,143.029,0.846,0.269,0.0,3 Headed Goat (feat. Lil Baby & Polo G),"Lil Durk, Lil Baby, Polo G",Sad
0.575,0.671,120.031,0.88,0.415,0.0,Run It Up (feat. Offset & Moneybagg Yo),"Lil Tjay, Offset, Moneybagg Yo",Happy
0.727,0.227,150.062,0.477,0.000866,0.0,EVERY CHANCE I GET (feat. Lil Baby & Lil Durk),"DJ Khaled, Lil Baby, Lil Durk",Energetic
0.495,0.0774,137.027,0.853,0.0917,0.000217,Sticky,Drake,Sad
0.434,0.281,150.062,0.833,0.0102,0.0219,Mask Off,Future,Sad
0.564,0.483,77.972,0.856,0.00327,0.0,On Me,Lil Baby,Energetic
0.67,0.408,139.956,0.79,0.377,2.32e-06,N95,Kendrick Lamar,Energetic
0.733,0.62,97.974,0.825,0.349,0.0,Rich Nigga Shit (feat. Young Thug),"21 Savage, Metro Boomin, Young Thug",Happy
0.567,0.526,75.965,0.574,0.164,0.0,Surround Sound (feat. 21 Savage & Baby Tate),"JID, 21 Savage, Baby Tate",Happy
0.434,0.281,150.062,0.833,0.0102,0.0219,Mask Off,Future,Sad
0.665,0.463,94.329,0.583,0.314,0.0,Imagina esse Cenário,"Matuê, Veigh",Energetic
0.346,0.562,119.957,0.963,0.0355,0.0,Yes Indeed,"Lil Baby, Drake",Neutral
0.577,0.17,148.107,0.797,0.0174,0.0,Wake Up & Bake Up,"Duki, Wiz Khalifa, Arcángel",Energetic
0.59,0.723,119.97,0.88,0.08,0.0,M4,"Teto, Matuê",Happy
0.631,0.126,129.902,0.807,0.407,0.0,Diablita (feat. Anuel AA & Baby Rasta),"Trap Capos, Noriel, Anuel AA, Baby Rasta",Energetic
0.413,0.211,131.964,0.772,0.0361,0.0,Love Sosa,Chief Keef,Sad
0.822,0.768,165.946,0.513,0.14,0.0,Tessera sanitaria (feat. Nerissima Serpe & Papa V),"Night Skinny, Nerissima Serpe, Papa V",Happy
0.666,0.168,127.079,0.926,0.0611,0.0,Bad and Boujee (feat. Lil Uzi Vert),"Migos, Lil Uzi Vert",Energetic
0.575,0.189,145.95,0.713,0.00669,0.0,That Go! (feat. T-Shyne),"Young Stoner Life, Young Thug, Meek Mill, T-Shyne",Energetic
0.586,0.568,124.041,0.808,0.641,0.0,Me Acostumbre (feat. Bad Bunny),"Arcángel, Bad Bunny",Happy
0.676,0.312,162.012,0.814,0.00709,1.28e-05,Like That,"Future, Metro Boomin, Kendrick Lamar",Energetic
0.928,0.23,109.966,0.616,0.0168,0.0,Castlevania,Matuê,Energetic
0.542,0.564,135.14,0.926,0.135,0.0,We Paid (feat. 42 Dugg),"Lil Baby, 42 Dugg",Happy
0.637,0.616,135.055,0.851,0.225,0.0,Brindis,"Duki, Headie One",Happy
0.718,0.557,128.14,0.76,0.348,0.0,Pa Ti,"Bad Bunny, Bryant Myers",Happy
0.748,0.497,115.01,0.752,0.289,0.0,Amigos y Enemigos (feat. Bad Bunny & Almighty) - Remix,"Trap Capos, Noriel, Bad Bunny, Almighty",Energetic
0.536,0.349,119.967,0.689,0.25,0.0,Tu Me Enamoraste - Remix,"Lary Over, Anuel, Bryant Myers, Almighty, Brytiago",Energetic
0.531,0.367,118.96,0.566,0.192,0.0,Nena Maldición (feat. Lenny Tavárez),"Paulo Londra, Lenny Tavárez",Energetic
0.657,0.284,124.992,0.883,0.0603,0.0,PUFFIN ON ZOOTIEZ,Future,Energetic
0.88,0.582,92.055,0.753,0.455,0.0,1993,Matuê,Happy
0.496,0.544,86.003,0.889,0.259,0.0,Going Bad (feat. Drake),"Meek Mill, Drake",Neutral
0.708,0.634,96.914,0.712,0.404,0.0,Un Día Más,"Duki, YSY A",Happy
0.696,0.406,120.146,0.744,0.71,0.0,De las 2 (feat. Bad Bunny & Arcángel),"Trap Capos, Noriel, Bad Bunny, Arcángel",Energetic
0.629,0.209,140.101,0.523,0.156,0.0,Un Ratito Mas,"Bryant Myers, Bad Bunny",Energetic
0.735,0.403,99.827,0.697,0.172,0.0,CANZONE D'ODIO (feat. Lil Baby),"Lazza, Lil Baby",Energetic
0.671,0.316,147.037,0.607,0.403,1.31e-06,Deus Perdoa,"Filipe Ret, Dallass, Hunter",Energetic
0.486,0.0894,110.964,0.784,0.0538,0.497,Solo,Future,Sad
0.583,0.533,116.624,0.709,0.138,2.97e-06,Superhero (Heroes & Villains) [with Future & Chris Brown],"Metro Boomin, Future, Chris Brown",Happy
0.385,0.19,129.958,0.69,0.181,0.0,Cómo Le Digo,"KHEA, Omar Varela, Asan",Sad
0.411,0.503,172.445,0.722,0.509,0.0,Maturidade,"KayBlack, Wall Hein, AMUSIK",Neutral
0.484,0.747,133.03,0.93,0.355,6.84e-05,Problemas de um Milionário,"WIU, Teto",Neutral
0.6,0.691,113.903,0.883,0.114,7.94e-06,BOOKER T,Bad Bunny,Happy
0.73,0.446,155.008,0.834,0.00513,0.0,SICKO MODE,Travis Scott,Energetic
0.668,0.145,87.973,0.573,0.189,4.01e-05,Too Many Nights (feat. Don Toliver & with Future),"Metro Boomin, Future, Don Toliver",Energetic
0.603,0.429,135.993,0.735,0.226,3.56e-05,Me Ama Me Odia,"Revol, Ozuna, Cosculluela, Arcángel, Brytiago",Energetic
0.637,0.882,171.264,0.567,0.499,0.0346,Hm Hm hm,Youka,Happy
0.874,0.927,118.079,0.774,0.142,0.34,Kese (Dance),Wizkid,Happy
0.792,0.903,113.981,0.749,0.308,1.63e-05,Awuke,"Davido, YG Marley",Happy
0.812,0.823,100.049,0.455,0.372,0.0,Favourite Girl (with Rema),"Darkoo, Rema",Happy
0.648,0.746,93.2,0.737,0.252,6.92e-06,Piece of My Heart (feat. Brent Faiyaz),"Wizkid, Brent Faiyaz",Happy
0.814,0.758,93.482,0.683,0.277,0.00826,PUSH 2 START,Tyla,Happy
0.683,0.623,145.379,0.501,0.109,9.25e-05,Fi Kan We Kan,"Bnxn, Rema",Happy
0.634,0.645,101.837,0.502,0.677,0.0341,MMS,"Asake, Wizkid",Happy
0.651,0.471,112.648,0.694,0.496,1.36e-05,Tu Boda,"Oscar Maydon, Fuerza Regida",Energetic
0.581,0.528,99.973,0.805,0.0303,0.0202,Después De La 1,"Cris Mj, FloyyMenor, LOUKI",Happy
0.563,0.343,105.008,0.833,0.528,1.27e-05,Qué Pasaría...,"Rauw Alejandro, Bad Bunny",Energetic
0.737,0.445,101.923,0.779,0.134,0.0,Imagínate,"Danny Ocean, Kapo",Energetic
0.662,0.307,95.999,0.863,0.0843,8.45e-06,Kamikaze (feat. Victor Mendivil),"Natanael Cano, Uriel Gaxiola, Ganggy, Victor Mendivil",Energetic
0.482,0.356,100.029,0.69,0.523,0.0004,NEL,Fuerza Regida,Sad
0.668,0.787,128.027,0.924,0.446,0.000594,Si Antes Te Hubiera Conocido,KAROL G,Happy
0.762,0.782,90.025,0.816,0.534,0.000404,DEPORTIVO,"Blessd, Anuel AA",Happy
0.718,0.564,105.002,0.848,0.183,1.9e-05,SEXO ES LA MODA,"Maria Becerra, Yandel",Happy
0.712,0.692,91.98,0.848,0.221,0.0,+57,"KAROL G, Feid, DFZM, Ovy On The Drums, J Balvin, Maluma, Ryan Castro, Blessd",Happy
0.627,0.47,155.865,0.687,0.326,0.0,Khé?,"Rauw Alejandro, Romeo Santos",Energetic
0.483,0.826,171.831,0.753,0.0189,0.0,Ferxxoko,"Joyce Santana, Feid",Neutral
0.724,0.681,101.097,0.556,0.267,0.0,Nueva Era,"Duki, Myke Towers",Happy
0.442,0.838,100.021,0.776,0.319,1.31e-05,PELIGROSA,FloyyMenor,Neutral
0.614,0.465,119.893,0.658,0.105,2.18e-05,Morena Canela,Chino Pacas,Energetic
0.681,0.388,155.079,0.56,0.103,0.0,Q U E V A S H A C E R H O Y ?,"Omar Courtz, De La Rose",Energetic
0.719,0.701,104.033,0.707,0.223,2e-06,DURO,Quevedo,Happy
0.536,0.359,97.541,0.716,0.452,0.0,PIÉNSALO,Junior H,Energetic
0.594,0.672,125.01,0.694,0.396,0.0,EN MI MUNDO,"Jasiel Nuñez, Peso Pluma",Happy
0.752,0.67,100.076,0.841,0.167,0.00046,Soltera,Shakira,Happy
0.709,0.712,194.055,0.744,0.0501,0.0,DEGENERE 👑 (feat. benny blanco),"Myke Towers, benny blanco",Happy
0.707,0.691,82.045,0.786,0.0399,0.0,SE ME OLVIDA,"Maisak, Feid",Happy
0.832,0.716,98.582,0.742,0.0857,0.0,Hecha Pa' Mí,Grupo Frontera,Happy
0.616,0.25,104.008,0.773,0.0565,4.24e-05,SE TE NOTA (feat. Peso Pluma),"Myke Towers, Peso Pluma",Energetic
0.689,0.936,120.208,0.724,0.573,6.77e-06,EL LOKERON,Tito Double P,Happy
0.74,0.618,117.955,0.748,0.0292,0.000109,Ese Vato No Te Queda,"Carin Leon, Gabito Ballesteros",Happy
0.856,0.713,136.0,0.691,0.2,5.09e-05,Cholo 7,"Fuerza Regida, Luis R Conriquez",Happy
0.464,0.301,79.503,0.373,0.86,0.0135,KINTSUGI,HUMBE,Sad
0.783,0.454,103.001,0.705,0.138,0.0,UWAIE,Kapo,Energetic
0.631,0.289,111.93,0.706,0.656,0.0,IA,"Clarent, Mora",Energetic
0.445,0.512,156.023,0.55,0.262,0.00318,Siento que merezco más,LATIN MAFIA,Neutral
0.764,0.729,148.853,0.666,0.366,0.0,AY MAMÁ,"Tito Double P, Grupo Frontera",Happy
0.162,0.483,184.784,0.459,0.929,0.0,En Otra Vida,"Yami Safdie, Lasso",Sad
0.834,0.92,139.995,0.783,0.539,0.000212,No Son Doritos,"Clave Especial, Luis R Conriquez",Happy
0.682,0.618,100.036,0.75,0.168,1.28e-06,Frente al Mar,Beéle,Happy
0.578,0.88,199.997,0.734,0.155,0.000242,Soltera - W Sound 01,"W Sound, Blessd, Ovy On The Drums",Happy
0.513,0.929,109.935,0.745,0.783,0.0,DOS DÍAS,"Tito Double P, Peso Pluma",Happy
0.824,0.793,124.997,0.747,0.184,0.0,NO PIERDO LA VIDA,"Calle 24, Chuyin",Happy
0.787,0.9,165.07,0.809,0.126,0.0011,Como Pacman,"Alemán, Gera MX",Happy
0.356,0.659,169.653,0.529,0.29,0.0,Rey Sin Reina,Julión Álvarez y su Norteño Banda,Neutral
0.806,0.594,123.009,0.763,0.0012,1.32e-05,JACKPOT,"Belinda, Kenia OS",Happy
0.872,0.94,128.924,0.816,0.25,3.7e-06,noviogangsta <3,Emilia,Happy
0.896,0.79,90.622,0.662,0.318,0.0,Bandoleros,"Don Omar, Tego Calderón",Happy
0.59,0.579,161.989,0.864,0.0196,0.0,Rucón,Alemán,Happy
0.63,0.512,81.009,0.72,0.615,0.0,"Raataan Lambiyan (From ""Shershaah"")","Tanishk Bagchi, Jubin Nautiyal, Asees Kaur",Happy
0.573,0.236,82.941,0.603,0.478,0.0,"Ranjha (From ""Shershaah"")","Jasleen Royal, B Praak, Romy, Anvita Dutt",Energetic
0.468,0.319,135.875,0.483,0.784,0.0,Shayad,"Pritam, Arijit Singh",Sad
0.519,0.415,122.925,0.562,0.557,0.000268,Agar Tum Saath Ho,"Alka Yagnik, Arijit Singh",Energetic
0.481,0.293,124.914,0.534,0.697,0.0,Khairiyat,"Pritam, Arijit Singh",Sad
0.866,0.248,140.266,0.526,0.00287,7.78e-05,505,Arctic Monkeys,Energetic
0.903,0.791,132.009,0.562,0.000187,0.0939,Heads Will Roll,Yeah Yeah Yeahs,Happy
0.585,0.518,109.942,0.775,0.0422,0.619,Instant Crush (feat. Julian Casablancas),"Daft Punk, Julian Casablancas",Happy
0.957,0.603,105.105,0.606,0.00117,0.000295,Are You Gonna Be My Girl,Jet,Happy
0.94,0.421,100.99,0.438,8.74e-05,0.0777,Time to Pretend,MGMT,Energetic
0.795,0.754,79.028,0.801,0.0417,0.000113,Feel It Still,Portugal. The Man,Happy
0.509,0.586,119.945,0.578,0.13,0.734,misses,Dominic Fike,Happy
0.62,0.934,117.038,0.741,0.0295,0.000809,Too Sweet,Hozier,Happy
0.643,0.472,103.842,0.633,0.106,0.00831,Wasted Summers,juju<3,Energetic
0.593,0.429,120.509,0.565,0.0288,0.0,Feel It - From The Original Series “Invincible”,d4vd,Energetic
0.749,0.649,164.959,0.593,0.0113,0.106,The Adults Are Talking,The Strokes,Happy
0.518,0.877,151.891,0.815,0.223,0.0,3 Nights,Dominic Fike,Happy
0.846,0.751,103.912,0.611,0.00509,0.0,This Charming Man - 2011 Remaster,The Smiths,Happy
0.924,0.611,168.017,0.598,0.0205,0.799,Oysters In My Pocket,Royel Otis,Happy
0.828,0.79,112.056,0.654,0.00146,0.000144,Fluorescent Adolescent,Arctic Monkeys,Happy
0.901,0.744,113.967,0.621,0.17,0.0,You Get What You Give,New Radicals,Happy
0.509,0.727,119.869,0.898,0.391,0.0,THE SHADE,Rex Orange County,Happy
0.94,0.421,100.99,0.438,8.74e-05,0.0777,Time to Pretend,MGMT,Energetic
0.572,0.66,131.272,0.636,0.287,0.0,Vampire Empire,Big Thief,Happy
0.603,0.527,102.99,0.66,0.00566,0.0144,Her,The American Dawn,Happy
0.798,0.307,126.976,0.502,0.00291,1.11e-05,Not Strong Enough,"boygenius, Julien Baker, Phoebe Bridgers, Lucy Dacus",Energetic
0.684,0.725,209.688,0.633,0.314,8.95e-05,Hell N Back,Bakar,Happy
0.351,0.451,87.057,0.665,0.516,0.819,Ghostride,Crumb,Sad
0.521,0.679,106.035,0.539,0.00425,0.0,Someday,The Strokes,Happy
0.544,0.826,121.968,0.823,0.389,0.165,Metamodernity,Vansire,Happy
0.658,0.293,150.093,0.615,0.096,0.000911,Breezeblocks,alt-J,Energetic
0.501,0.961,134.014,0.781,0.66,3.78e-06,ROCKMAN,Mk.gee,Happy
0.501,0.858,87.086,0.668,0.342,0.0,The Gambler,Kenny Rogers,Happy
0.361,0.621,121.059,0.606,0.264,3.39e-05,Amarillo By Morning,George Strait,Neutral
0.361,0.612,187.711,0.363,0.623,0.00119,Mammas Don't Let Your Babies Grow up to Be Cowboys,"Waylon Jennings, Willie Nelson",Neutral
0.586,0.239,78.259,0.434,0.753,0.0144,Open Arms (feat. Travis Scott),"SZA, Travis Scott",Energetic
0.545,0.549,159.94,0.545,0.667,5.48e-05,Pink + White,Frank Ocean,Happy
0.364,0.436,75.24,0.524,0.808,0.0,Best Part (feat. H.E.R.),"Daniel Caesar, H.E.R.",Sad
0.507,0.676,86.412,0.662,0.257,0.0,My Boo,"USHER, Alicia Keys",Happy
0.607,0.498,81.001,0.684,0.0267,0.000307,Sure Thing,Miguel,Energetic
0.551,0.392,143.008,0.559,0.141,0.0,Snooze,SZA,Energetic
0.444,0.166,118.402,0.609,0.603,6.86e-06,If I Ain't Got You,Alicia Keys,Sad
0.394,0.382,117.489,0.689,0.711,0.000905,Poison,Brent Faiyaz,Sad
0.551,0.969,92.887,0.911,0.133,4.35e-05,Family Affair,Mary J. Blige,Happy
0.693,0.655,86.009,0.662,0.134,0.0,With You,Chris Brown,Happy
0.684,0.406,112.912,0.692,0.131,0.0,Broken Clocks,SZA,Energetic
0.239,0.127,113.451,0.372,0.856,0.000175,Girl With The Tattoo Enter.lewd,Miguel,Sad
0.307,0.697,92.995,0.81,0.16,0.00298,Best Time,Brent Faiyaz,Neutral
0.352,0.408,102.679,0.45,0.649,3.8e-06,Could've Been (feat. Bryson Tiller),"H.E.R., Bryson Tiller",Sad
0.695,0.707,90.119,0.665,0.347,0.0,Foolish,Ashanti,Happy
0.609,0.482,95.986,0.652,0.263,0.00101,Fallin',Alicia Keys,Energetic
0.284,0.276,99.796,0.358,0.805,0.0,Nobody Gets Me,SZA,Sad
0.344,0.581,65.203,0.583,0.774,0.0,Clouded,Brent Faiyaz,Neutral
0.574,0.578,92.795,0.452,0.245,0.0,So Sick,Ne-Yo,Happy
0.707,0.761,93.145,0.704,0.539,0.00106,The Boy Is Mine,"Brandy, Monica",Happy
0.612,0.57,86.768,0.536,0.119,0.0,Yo (Excuse Me Miss),Chris Brown,Happy
0.735,0.418,88.98,0.644,0.0521,0.144,Kill Bill,SZA,Energetic
0.503,0.789,137.007,0.646,0.00426,0.000279,Forever Yours,Brent Faiyaz,Happy
0.552,0.152,90.098,0.641,0.027,4.63e-06,No One,Alicia Keys,Energetic
0.698,0.352,95.975,0.59,0.000176,0.0,Hey Daddy (Daddy's Home),USHER,Energetic
0.61,0.72,125.99,0.741,0.316,0.0,Sativa,"Jhené Aiko, Swae Lee",Happy
0.705,0.837,96.644,0.838,0.195,0.0,Always On Time,"Ja Rule, Ashanti",Happy
0.378,0.22,141.967,0.617,0.428,9.16e-05,ALL MINE,Brent Faiyaz,Sad
0.43,0.472,129.93,0.716,0.482,0.0,Heart Of A Woman,Summer Walker,Sad
0.629,0.726,93.985,0.657,0.194,0.0,U Remind Me,USHER,Happy
0.493,0.308,82.887,0.347,0.455,0.00366,Stay Ready (What A Life),"Jhené Aiko, Kendrick Lamar",Sad
0.594,0.409,135.002,0.795,0.112,0.0,Love Galore (feat. Travis Scott),"SZA, Travis Scott",Energetic
0.5,0.395,132.798,0.602,0.477,5.69e-05,Been Away,Brent Faiyaz,Sad
0.618,0.517,133.876,0.707,0.17,0.0,No Love (with SZA),"Summer Walker, SZA",Happy
0.477,0.685,119.928,0.796,0.314,0.0,Burn,USHER,Neutral
0.681,0.707,171.864,0.673,0.52,0.0,Miss Independent,Ne-Yo,Happy
0.588,0.617,94.519,0.686,0.178,0.0,Let Me Love You,Mario,Happy
0.5,0.886,135.03,0.856,0.487,0.0,Upset (feat. Tommy Richman & FELIX!),"Brent Faiyaz, FELIX!, Tommy Richman",Neutral
0.725,0.291,146.163,0.61,0.367,0.0,Nights Like This (feat. Ty Dolla $ign),"Kehlani, Ty Dolla $ign",Energetic
0.5,0.649,124.037,0.816,0.0227,1.53e-06,U Got It Bad,USHER,Neutral
0.876,0.706,130.21,0.412,0.102,0.0,You,"Lloyd, Lil Wayne",Happy
0.538,0.832,109.97,0.81,0.53,0.0,Because Of You,Ne-Yo,Happy
0.394,0.465,92.009,0.764,0.231,9.37e-05,Trust,Brent Faiyaz,Sad
0.552,0.607,168.19,0.727,0.226,0.00016,Dilemma,"Nelly, Kelly Rowland",Happy
0.712,0.346,140.012,0.573,0.0572,0.0,Love in This Club (feat. Young Jeezy),"USHER, Jeezy",Energetic
0.576,0.235,179.063,0.625,0.0543,4.07e-05,Adorn,Miguel,Energetic
0.366,0.161,73.313,0.4,0.242,0.0,The Weekend,SZA,Sad
0.242,0.286,144.211,0.549,0.809,8.1e-05,Rehab (Winter In Paris),Brent Faiyaz,Sad
0.721,0.77,169.904,0.62,0.0422,0.0075,Language,"Paperboy Fabe, Brent Faiyaz",Happy
0.467,0.702,138.007,0.845,0.0586,0.0,Confessions Part II,USHER,Neutral
0.635,0.446,103.019,0.617,0.0498,1.44e-05,Something Just Like This,"The Chainsmokers, Coldplay",Energetic
0.939,0.53,129.024,0.671,0.191,0.0,Give Me Everything (feat. Nayer),"Pitbull, AFROJACK, Ne-Yo, Nayer",Happy
0.715,0.159,199.892,0.475,0.0863,2.67e-05,Let Me Love You,"DJ Snake, Justin Bieber",Energetic
0.823,0.418,128.035,0.646,0.213,0.0,Outside (feat. Ellie Goulding),"Calvin Harris, Ellie Goulding",Energetic
0.835,0.654,125.983,0.527,0.0166,0.0,The Nights,Avicii,Happy
0.751,0.884,117.948,0.88,0.177,6.43e-05,Ride It,Regard,Happy
0.685,0.603,118.02,0.782,0.166,1.18e-05,Cheerleader (Felix Jaehn Remix) - Radio Edit,"OMI, Felix Jaehn",Happy
0.524,0.661,95.01,0.748,0.414,0.0,Closer,"The Chainsmokers, Halsey",Happy
0.627,0.159,179.642,0.468,0.0281,7.97e-06,Faded,Alan Walker,Energetic
0.856,0.743,127.949,0.596,0.0211,0.0178,Summer,Calvin Harris,Happy
0.77,0.163,125.905,0.694,0.176,1.1e-05,In My Mind,"Dynoro, Gigi D'Agostino",Energetic
0.963,0.788,129.992,0.581,0.0295,0.0,Timber,"Pitbull, Kesha",Happy
0.787,0.301,126.062,0.604,0.0679,0.15,Titanium (feat. Sia),"David Guetta, Sia",Energetic
0.714,0.71,101.969,0.664,0.0353,8.42e-06,I Took A Pill In Ibiza - Seeb Remix,"Mike Posner, Seeb",Happy
0.815,0.636,123.063,0.636,0.0185,0.0,Sugar (feat. Francesco Yates),"Robin Schulz, Francesco Yates",Happy
0.736,0.613,127.999,0.579,0.31,0.0,Waiting For Love,Avicii,Happy
0.777,0.575,130.003,0.73,0.105,0.000486,On The Floor,"Jennifer Lopez, Pitbull",Happy
0.869,0.425,159.805,0.533,0.156,0.00538,Don't Let Me Down,"The Chainsmokers, Daya",Energetic
0.857,0.348,128.024,0.414,0.0287,0.00574,Blame (feat. John Newman),"Calvin Harris, John Newman",Energetic
0.86,0.437,127.075,0.608,0.0991,0.0,Wild Ones (feat. Sia),"Flo Rida, Sia",Energetic
0.811,0.862,116.047,0.794,0.0426,1.07e-06,Get Lucky (Radio Edit) [feat. Pharrell Williams and Nile Rodgers],"Daft Punk, Pharrell Williams, Nile Rodgers",Happy
0.741,0.571,123.077,0.646,0.0275,0.0,More Than You Know,Axwell /\ Ingrosso,Happy
0.519,0.168,133.99,0.501,0.109,0.0,In the Name of Love,"Martin Garrix, Bebe Rexha",Energetic
0.717,0.466,121.985,0.793,0.0927,3.6e-05,This Girl (Kungs Vs. Cookin' On 3 Burners),"Kungs, Cookin' On 3 Burners",Energetic
0.685,0.501,130.039,0.772,0.019,8.96e-05,Scream & Shout,"will.i.am, Britney Spears",Happy
0.927,0.465,123.962,0.631,0.199,0.119,This Is What You Came For,"Calvin Harris, Rihanna",Energetic
0.593,0.72,119.958,0.79,0.0983,0.00202,Alors on danse - Radio Edit,Stromae,Happy
0.766,0.6,127.975,0.735,0.025,0.00141,We Found Love,"Rihanna, Calvin Harris",Happy
0.51,0.45,119.994,0.829,0.00821,0.00143,Waves - Robin Schulz Radio Edit,"Mr. Probz, Robin Schulz",Energetic
0.869,0.473,127.966,0.616,0.0283,0.0,Club Can't Handle Me (feat. David Guetta),"Flo Rida, David Guetta",Energetic
0.915,0.51,126.094,0.544,0.129,0.000914,Under Control (feat. Hurts),"Calvin Harris, Alesso, Hurts",Happy
0.741,0.357,119.896,0.72,0.101,1.41e-05,Dancin (feat. Luvli) - Krono Remix,"Aaron Smith, Krono, Luvli",Energetic
0.697,0.476,122.746,0.613,0.0194,0.0,One More Time,Daft Punk,Energetic
0.634,0.411,113.927,0.704,0.393,3.17e-05,Firestone,"Kygo, Conrad Sewell",Energetic
0.861,0.704,117.965,0.73,0.39,0.0,Perfect Strangers,"Jonas Blue, JP Cooper",Happy
0.989,0.0348,126.002,0.621,0.015,0.357,Love Tonight (David Guetta Remix Edit),"Shouse, David Guetta",Energetic
0.805,0.383,126.008,0.506,0.00711,0.00193,Runaway (U & I),Galantis,Energetic
0.695,0.224,104.879,0.583,0.0138,0.0,Middle,"DJ Snake, Bipolar Sunshine",Energetic
0.862,0.469,128.036,0.498,0.000313,0.00918,Infinity 2008 - Klaas Vocal Edit,"Guru Josh Project, Klaas",Energetic
0.857,0.432,119.975,0.56,0.0594,0.0,King,Olly Alexander (Years & Years),Energetic
0.781,0.176,128.0,0.509,0.0398,0.0,Clarity,"Zedd, Foxes",Energetic
0.73,0.525,85.979,0.596,0.24,0.0,"Hey Mama (feat. Nicki Minaj, Bebe Rexha & Afrojack)","David Guetta, AFROJACK, Bebe Rexha, Nicki Minaj",Happy
0.568,0.459,117.973,0.78,0.668,0.000168,Ain't Nobody (Loves Me Better) (feat. Jasmine Thompson),"Felix Jaehn, Jasmine Thompson",Energetic
0.463,0.496,121.999,0.778,0.546,0.00289,Hear Me Now,"Alok, Zeeba, Bruno Martini",Sad
0.774,0.33,112.05,0.674,0.0686,0.00188,ily (i love you baby) (feat. Emilee),"Surf Mesa, Emilee",Energetic
0.81,0.11,126.052,0.572,0.0157,6.53e-06,Summertime Sadness (Lana Del Rey Vs. Cedric Gervais) - Cedric Gervais Remix,"Lana Del Rey, Cedric Gervais",Energetic
0.781,0.814,119.977,0.751,0.0039,0.0,Dynamite,Taio Cruz,Happy
0.586,0.549,120.97,0.799,0.162,2.03e-06,Rather Be (feat. Jess Glynne),"Clean Bandit, Jess Glynne",Happy
0.72,0.664,122.031,0.789,0.223,0.0,Breaking Me,"Topic, A7S",Happy
0.62,0.235,120.031,0.798,0.414,0.0192,The Business,Tiësto,Energetic
0.622,0.544,102.04,0.69,0.253,0.0,Stay,"Zedd, Alessia Cara",Happy
0.736,0.355,130.011,0.75,0.0202,0.0,Party Rock Anthem,"LMFAO, Lauren Bennett, GoonRock",Energetic
0.802,0.343,100.001,0.713,0.0435,0.00377,Roses,"The Chainsmokers, ROZES",Energetic
0.906,0.824,125.916,0.711,0.00952,1.64e-05,I Love It (feat. Charli XCX),"Icona Pop, Charli xcx",Happy
0.921,0.8,130.072,0.691,0.173,0.0,Play Hard (feat. Ne-Yo & Akon),"David Guetta, Ne-Yo, Akon",Happy
0.795,0.841,121.294,0.956,0.00356,0.889,Around the World,Daft Punk,Happy
0.833,0.145,129.885,0.551,0.0391,2.77e-06,This Is What It Feels Like,"Armin van Buuren, Trevor Guthrie",Energetic
0.817,0.595,128.078,0.883,0.601,0.00449,I'm an Albatraoz,"AronChupa, Little Sis Nora",Happy
0.748,0.356,125.896,0.503,0.0305,0.0,Heroes (we could be),"Alesso, Tove Lo",Energetic
0.392,0.26,75.066,0.599,0.378,0.000107,You & Me - Flume Remix,"Disclosure, Eliza Doolittle, Flume",Sad
0.604,0.242,159.92,0.561,0.199,1.9e-05,Lose Control,Teddy Swims,Energetic
0.473,0.451,152.88,0.591,0.694,0.00334,Let Me Go,Daniel Caesar,Sad
0.592,0.535,157.969,0.521,0.308,0.0,Die With A Smile,"Lady Gaga, Bruno Mars",Happy
0.507,0.438,104.978,0.747,0.2,0.0608,BIRDS OF A FEATHER,Billie Eilish,Energetic
0.582,0.785,116.712,0.7,0.0502,0.0,"Good Luck, Babe!",Chappell Roan,Happy
0.76,0.69,103.969,0.701,0.107,6.54e-05,Espresso,Sabrina Carpenter,Happy
0.604,0.242,159.92,0.561,0.199,1.9e-05,Lose Control,Teddy Swims,Energetic
0.882,0.201,148.038,0.569,0.0316,0.0,FE!N (feat. Playboi Carti),"Travis Scott, Playboi Carti",Energetic
0.601,0.332,123.994,0.635,0.246,0.0,Stargazing,Myles Smith,Energetic
0.757,0.957,139.982,0.742,0.0187,0.0,HOT TO GO!,Chappell Roan,Happy
0.472,0.214,101.061,0.898,0.0107,0.0,Not Like Us,Kendrick Lamar,Sad
0.583,0.544,181.489,0.432,0.174,0.0,Slow It Down,Benson Boone,Happy
0.709,0.604,81.012,0.722,0.0633,0.0,A Bar Song (Tipsy),Shaboozey,Happy
0.782,0.655,119.992,0.727,0.0563,0.336,Move,"Adam Port, Stryv, Keinemusik, Orso, Malachiii",Happy
0.745,0.262,180.098,0.464,0.0235,0.0,Big Dawgs,"Hanumankind, Kalmi",Energetic
0.586,0.579,107.071,0.669,0.274,0.0,Please Please Please,Sabrina Carpenter,Happy
0.965,0.304,128.04,0.561,0.00383,7.07e-06,I'm Good (Blue),"David Guetta, Bebe Rexha",Energetic
0.544,0.216,132.052,0.571,0.453,0.00805,Romantic Homicide,d4vd,Energetic
0.854,0.314,140.515,0.477,0.0858,0.0,New Woman (feat. ROSALÍA),"LISA, ROSALÍA",Energetic
0.471,0.219,105.029,0.472,0.151,0.0,Beautiful Things,Benson Boone,Sad
0.667,0.618,130.019,0.776,0.0146,0.3,Guess featuring billie eilish,"Charli xcx, Billie Eilish",Happy
0.946,0.747,151.647,0.599,0.000938,0.0106,i like the way you kiss me,Artemas,Happy
0.855,0.731,127.986,0.638,0.00757,0.0,I Had Some Help (Feat. Morgan Wallen),"Post Malone, Morgan Wallen",Happy
0.642,0.226,179.974,0.745,0.0204,0.0,Ransom,Lil Tecca,Energetic
0.829,0.505,139.198,0.476,0.0172,0.00916,KEEP UP,Odetari,Happy
0.552,0.112,144.941,0.64,0.0215,0.0,Type Shit,"Future, Metro Boomin, Travis Scott, Playboi Carti",Energetic
0.453,0.287,139.943,0.915,0.0872,0.000163,one of wun,Gunna,Sad
0.787,0.31,119.996,0.704,0.00926,0.00538,I Adore You (feat. Daecolm),"HUGEL, Topic, Arash, Daecolm",Energetic
0.618,0.32,126.031,0.853,0.633,0.89,Black Friday (pretty like the sun),"Lost Frequencies, Tom Odell",Energetic
0.751,0.22,129.994,0.701,0.123,0.0,I Can Do It With a Broken Heart,Taylor Swift,Energetic
0.957,0.962,126.035,0.804,0.125,0.0174,Apple,Charli xcx,Happy
0.457,0.225,146.04,0.592,0.661,0.000331,Hope,XXXTENTACION,Sad
0.792,0.671,100.011,0.687,0.191,0.0,Happier,"Marshmello, Bastille",Happy
0.676,0.312,162.012,0.814,0.00709,1.28e-05,Like That,"Future, Metro Boomin, Kendrick Lamar",Energetic
0.522,0.925,89.96,0.755,0.533,0.0,Sunflower - Spider-Man: Into the Spider-Verse,"Post Malone, Swae Lee",Happy
0.622,0.22,130.001,0.847,0.119,0.0,fukumean,Gunna,Energetic
0.668,0.64,90.969,0.646,0.491,0.0,Belong Together,Mark Ambor,Happy
0.733,0.244,172.09,0.625,0.00598,0.000983,redrum,21 Savage,Energetic
0.642,0.339,83.389,0.463,0.314,0.0,WAIT FOR U (feat. Drake & Tems),"Future, Drake, Tems",Energetic
0.761,0.785,129.963,0.634,0.00537,0.0,Miles On It,"Marshmello, Kane Brown",Happy
0.537,0.711,128.009,0.921,0.556,0.00404,Moonlight,XXXTENTACION,Happy
0.745,0.829,165.995,0.808,0.145,0.0,Godzilla (feat. Juice WRLD),"Eminem, Juice WRLD",Happy
0.741,0.19,120.064,0.771,0.0245,0.000163,Addicted,"Zerb, The Chainsmokers, Ink",Energetic
0.727,0.932,130.035,0.887,0.381,1.16e-06,on one tonight,Gunna,Happy
0.95,0.563,150.019,0.673,0.0229,0.0823,Thank You (Not So Bad),"Dimitri Vegas & Like Mike, Tiësto, Dido, W&W, Dimitri Vegas, Like Mike",Happy
0.62,0.796,120.042,0.857,0.646,0.244,360,Charli xcx,Happy
0.887,0.889,127.003,0.936,0.0292,1.88e-06,Houdini,Eminem,Happy
0.646,0.295,115.842,0.645,0.0615,3.04e-05,we can't be friends (wait for your love),Ariana Grande,Energetic
0.586,0.642,116.971,0.896,0.104,0.0,The Box,Roddy Ricch,Happy
0.558,0.606,104.983,0.943,0.0026,2.19e-06,Lovin On Me,Jack Harlow,Happy
0.75,0.401,155.096,0.732,0.00264,0.0,XO Tour Llif3,Lil Uzi Vert,Energetic
0.764,0.886,140.113,0.882,0.359,0.0,BAND4BAND (feat. Lil Baby),"Central Cee, Lil Baby",Happy
0.632,0.282,121.031,0.762,0.51,0.000205,Where Are You Now,"Lost Frequencies, Calum Scott",Energetic
0.512,0.638,80.511,0.829,0.492,0.0,2055,Sleepy Hallow,Happy
0.716,0.732,91.007,0.701,0.174,0.0,Mood (feat. iann dior),"24kGoldn, iann dior",Happy
0.773,0.504,129.923,0.681,0.0863,0.734,SLAY!,Eternxlkz,Happy
0.673,0.366,165.921,0.529,0.000307,2.41e-06,Jimmy Cooks (feat. 21 Savage),"Drake, 21 Savage",Energetic
0.583,0.533,116.624,0.709,0.138,2.97e-06,Superhero (Heroes & Villains) [with Future & Chris Brown],"Metro Boomin, Future, Chris Brown",Happy
0.797,0.0356,122.011,0.702,0.583,0.495,You & Me - Rivo Remix,"Disclosure, Eliza Doolittle, Rivo",Energetic
0.681,0.706,139.057,0.918,0.263,0.0,Sprinter,"Dave, Central Cee",Happy
0.753,0.543,127.926,0.671,0.019,1.29e-05,Somedays,"Sonny Fodera, Jazzy, D.O.D",Happy
0.761,0.194,146.003,0.62,0.207,0.000147,Back On 74,Jungle,Energetic
0.452,0.613,90.026,0.904,0.174,0.0,DEVIL IS A LIE,Tommy Richman,Neutral
0.512,0.435,96.02,0.803,0.128,0.0,Whatever She Wants,Bryson Tiller,Energetic
0.643,0.142,139.948,0.831,0.046,0.0,euphoria,Kendrick Lamar,Energetic
0.567,0.526,75.965,0.574,0.164,0.0,Surround Sound (feat. 21 Savage & Baby Tate),"JID, 21 Savage, Baby Tate",Happy
0.593,0.429,120.509,0.565,0.0288,0.0,Feel It - From The Original Series “Invincible”,d4vd,Energetic
0.83,0.187,75.023,0.767,0.209,0.836,Push Up - Main Edit,Creeds,Energetic
0.523,0.416,169.982,0.628,0.701,0.00274,Strangers,Kenya Grace,Energetic
0.934,0.637,88.009,0.777,0.285,3.86e-05,BACKBONE,"Chase & Status, Stormzy",Happy
0.927,0.702,109.952,0.755,0.00288,0.925,FUNKED UP - SLOWED,"xxanteria, isq",Happy
0.62,0.934,117.038,0.741,0.0295,0.000809,Too Sweet,Hozier,Happy
0.64,0.222,130.051,0.537,0.146,0.878,Montagem Mysterious Game,LXNGVX,Energetic
0.963,0.502,130.028,0.817,0.0683,0.767,TUCA DONKA,"CURSEDEVIL, DJ FKU, Skorde",Happy
0.556,0.726,99.974,0.864,0.255,3.85e-06,Paint The Town Red,Doja Cat,Happy
0.803,0.795,130.028,0.877,0.734,0.056,MONTAGEM - PR FUNK,"S3BZS, Mc Gw, Mc Menor Do Alvorada",Happy
0.573,0.972,140.04,0.911,0.38,0.0,Doja,Central Cee,Happy
0.629,0.586,130.017,0.848,0.016,0.18,Somebody (2024),"Gotye, FISHER, Chris Lake, Kimbra, Sante Sansone",Happy
0.777,0.589,108.005,0.58,0.104,0.0,Whatever,"Kygo, Ava Max",Happy
0.539,0.253,158.105,0.65,0.00617,2.67e-05,ONE CALL,Rich Amiri,Energetic
0.672,0.14,136.902,0.673,0.0466,0.000284,IDGAF (feat. Yeat),"Drake, Yeat",Energetic
0.818,0.886,125.952,0.687,0.0112,0.0,Deep Down (feat. Never Dull),"Alok, Ella Eyre, Kenny Dope, Never Dull",Happy
0.687,0.381,123.01,0.755,0.183,0.000177,Agora Hills,Doja Cat,Energetic
0.919,0.848,151.221,0.83,0.503,0.748,CUTE DEPRESSED,Dyan Dxddy,Happy
0.738,0.591,130.0,0.593,0.269,0.968,BRODYAGA FUNK,Eternxlkz,Happy
0.81,0.686,150.251,0.613,0.832,0.899,LOVELY BASTARDS,"ZWE1HVNDXR, yatashigang",Happy
0.967,0.399,149.036,0.628,0.0398,4.67e-05,Boyz In Paris (with VINAI),"Marnik, Naeleck, VINAI",Energetic
0.897,0.355,129.975,0.686,0.0103,0.103,Watch This - ARIZONATEARS Pluggnb Remix,"Lil Uzi Vert, sped up nightcore, ARIZONATEARS",Energetic
0.793,0.698,120.003,0.696,0.0683,3.78e-06,10:35,"Tiësto, Tate McRae",Happy
0.781,0.818,128.001,0.805,0.002,0.302,TOO COOL TO BE CARELESS,PAWSA,Happy
0.848,0.774,135.048,0.721,0.26,2.11e-06,Automotivo Bibi Fogosa,"Bibi Babydoll, Dj Brunin XM, KZA Produções",Happy
0.742,0.571,114.071,0.773,0.0206,0.0,Bones,Imagine Dragons,Happy
0.527,0.212,77.499,0.824,0.149,0.0,Tailor Swif,A$AP Rocky,Energetic
0.655,0.245,163.997,0.475,0.0306,0.0,First Person Shooter (feat. J. Cole),"Drake, J. Cole",Energetic
0.895,0.757,125.985,0.762,0.00623,0.142,Atmosphere,"FISHER, Kita Alexander",Happy
0.915,0.304,154.964,0.737,0.00322,2.58e-05,9mm,"Memphis Cult, Groove Dealers, SPLYXER",Energetic
0.85,0.694,106.036,0.815,0.0232,0.000143,edamame,"bbno$, Rich Brian",Happy
0.546,0.113,118.051,0.76,0.0284,0.924,Breathe,Yeat,Energetic
0.86,0.607,146.441,0.585,0.0566,0.000142,GOOD LOYAL THOTS,Odetari,Happy
0.636,0.267,75.486,0.654,0.00258,0.0,Let's Go,Key Glock,Energetic
0.765,0.492,145.988,0.588,0.00685,3.23e-05,GODS,"League of Legends, NewJeans",Energetic
0.758,0.331,165.409,0.681,0.00465,0.0,née-nah,"21 Savage, Travis Scott, Metro Boomin",Energetic
0.683,0.623,145.379,0.501,0.109,9.25e-05,Fi Kan We Kan,"Bnxn, Rema",Happy
0.819,0.636,110.14,0.726,0.477,9.65e-05,Stronger,Young Jonn,Happy
0.529,0.44,112.014,0.782,0.509,1.42e-06,Are you there?,Ayo Maff,Energetic
0.634,0.645,101.837,0.502,0.677,0.0341,MMS,"Asake, Wizkid",Happy
0.841,0.838,147.989,0.754,0.136,0.0,OZEBA,Rema,Happy
0.814,0.758,93.482,0.683,0.277,0.00826,PUSH 2 START,Tyla,Happy
0.792,0.903,113.981,0.749,0.308,1.63e-05,Awuke,"Davido, YG Marley",Happy
0.705,0.718,197.98,0.374,0.172,0.0,Constantly,"Hyce, BoyPee, Brown Joel",Happy
0.648,0.746,93.2,0.737,0.252,6.92e-06,Piece of My Heart (feat. Brent Faiyaz),"Wizkid, Brent Faiyaz",Happy
0.719,0.546,113.012,0.897,0.116,0.000531,JUJU (feat. Shallipopi),"Smur Lee, ODUMODUBLVCK, Shallipopi",Happy
0.52,0.425,95.865,0.578,0.554,3.38e-06,alone - Remix,"FOLA, Bnxn",Energetic
0.651,0.567,67.813,0.49,0.714,7.59e-06,Dealer,"Ayo Maff, Fireboy DML",Happy
0.935,0.836,166.008,0.574,0.112,1.07e-06,アイドル,YOASOBI,Happy
0.941,0.292,101.921,0.577,0.00207,3.36e-06,KICK BACK,Kenshi Yonezu,Energetic
0.794,0.775,149.923,0.531,0.0176,0.0,ライラック,Mrs. GREEN APPLE,Happy
0.898,0.639,151.99,0.479,0.0134,0.0,青のすみか,Tatsuya Kitani,Happy
0.822,0.746,157.013,0.853,0.0841,0.00985,Bling-Bang-Bang-Born,Creepy Nuts,Happy
0.905,0.735,141.131,0.545,0.103,0.0,カーテンコール,Yuuri,Happy
0.571,0.726,101.955,0.695,0.032,3.58e-06,晴る,ヨルシカ,Happy
0.811,0.944,139.959,0.693,0.395,0.0,Nobody - from Kaiju No. 8,OneRepublic,Happy
0.808,0.172,115.063,0.576,0.00615,0.0,Abyss - from Kaiju No. 8,YUNGBLUD,Energetic
0.951,0.428,169.955,0.436,0.0046,0.0,絆ノ奇跡,"MAN WITH A MISSION, milet",Energetic
0.514,0.757,82.05,0.829,0.439,1.45e-06,タイムパラドックス,Vaundy,Happy
0.836,0.56,105.173,0.543,0.000647,0.431,Master Of Puppets,Metallica,Happy
0.908,0.669,159.756,0.285,0.0318,0.00909,The Trooper - 2015 Remaster,Iron Maiden,Happy
0.704,0.703,118.242,0.43,0.000155,0.00221,Walk,Pantera,Happy
0.934,0.287,127.066,0.417,0.000278,0.0015,Chop Suey!,System Of A Down,Energetic
0.891,0.226,92.049,0.283,0.00678,0.0038,Blind,Korn,Energetic
0.695,0.413,102.178,0.437,0.00111,0.0857,One,Metallica,Energetic
0.763,0.342,148.366,0.365,0.00726,0.000457,Mother,Danzig,Energetic
0.908,0.437,114.816,0.415,0.00437,0.0345,Cowboys from Hell,Pantera,Energetic
0.982,0.194,143.772,0.354,0.000237,0.000294,Duality,Slipknot,Energetic
0.828,0.604,123.257,0.577,0.00213,0.0114,Enter Sandman,Metallica,Happy
0.916,0.683,118.004,0.58,0.000297,0.0259,Hail to the King,Avenged Sevenfold,Happy
0.898,0.525,103.299,0.353,2.23e-05,0.105,Freak On a Leash,Korn,Happy
0.963,0.586,125.033,0.59,8.75e-05,0.000105,Dragula,Rob Zombie,Happy
0.949,0.233,129.984,0.554,0.000318,9.98e-05,Nightmare,Avenged Sevenfold,Energetic
0.781,0.372,71.841,0.443,1.33e-05,0.205,My Own Summer (Shove It),Deftones,Energetic
0.714,0.191,107.441,0.567,0.0012,0.417,Schism,TOOL,Energetic
0.821,0.684,94.895,0.669,0.00182,0.0,"Nuthin' But A ""G"" Thang","Dr. Dre, Snoop Dogg",Happy
0.72,0.761,103.314,0.916,0.36,0.00016,Could You Be Loved,Bob Marley & The Wailers,Happy
0.661,0.753,76.71,0.836,0.0208,0.0,Welcome To Jamrock,Damian Marley,Happy
0.733,0.946,95.107,0.883,0.161,0.00026,Murder She Wrote,Chaka Demus & Pliers,Happy
0.463,0.755,124.084,0.929,0.143,5.3e-06,Buffalo Soldier,Bob Marley & The Wailers,Neutral
0.775,0.527,93.431,0.816,0.16,0.00031,Still D.R.E.,"Dr. Dre, Snoop Dogg",Happy
0.697,0.67,93.941,0.901,0.145,0.0,Hypnotize - 2014 Remaster,The Notorious B.I.G.,Happy
0.505,0.495,99.935,0.535,0.0393,0.0,Doo Wop (That Thing),Ms. Lauryn Hill,Energetic
0.63,0.717,95.0,0.874,0.0578,0.00479,Do For Love,2Pac,Happy
0.786,0.504,93.857,0.763,0.0146,0.0114,"Shook Ones, Pt. II",Mobb Deep,Happy
0.706,0.579,174.039,0.584,0.209,0.0,I Got 5 On It,"Luniz, Michael Marshall",Happy
0.62,0.867,94.121,0.9,0.2,0.00156,Still Not a Player (feat. Joe) - Radio Version,"Big Pun, Joe",Happy
0.818,0.782,96.063,0.889,0.47,0.0,Juicy - 2005 Remaster,The Notorious B.I.G.,Happy
0.821,0.684,94.895,0.669,0.00182,0.0,"Nuthin' But A ""G"" Thang","Dr. Dre, Snoop Dogg",Happy
0.514,0.565,181.033,0.512,0.555,0.00958,C.R.E.A.M. (Cash Rules Everything Around Me),Wu-Tang Clan,Happy
0.611,0.769,102.304,0.897,0.0291,0.186,Insane in the Brain,Cypress Hill,Happy
0.734,0.608,97.044,0.918,0.0296,8.01e-06,ATLiens,Outkast,Happy
0.91,0.887,84.099,0.665,0.0394,0.0,N.Y. State of Mind,Nas,Happy
0.735,0.768,101.368,0.934,0.031,8.6e-06,Check Yo Self - Remix,"Ice Cube, Das EFX",Happy
0.54,0.322,84.115,0.773,0.371,0.0,Dear Mama,2Pac,Energetic
0.703,0.241,94.828,0.813,0.125,1.26e-06,Survival of the Fittest,Mobb Deep,Energetic
0.884,0.904,104.536,0.845,0.0128,2.1e-06,Mo Money Mo Problems (feat. Puff Daddy & Mase) - 2014 Remaster,"The Notorious B.I.G., Mase, Diddy",Happy
0.666,0.744,96.662,0.848,0.173,0.000699,Can I Kick It?,A Tribe Called Quest,Happy
0.732,0.595,172.329,0.598,0.144,0.0,Keep Ya Head Up,2Pac,Happy
0.767,0.755,127.361,0.532,0.00287,0.000513,You Shook Me All Night Long,AC/DC,Happy
0.795,0.535,112.067,0.645,0.347,0.00389,Everybody Wants To Rule The World,Tears For Fears,Happy
0.802,0.472,119.25,0.491,0.25,0.0,Don't Stop Believin',Journey,Energetic
0.373,0.732,92.718,0.671,0.257,8.01e-05,Africa,TOTO,Neutral
0.7,0.763,188.386,0.31,0.011,0.00965,Back In Black,AC/DC,Happy
0.942,0.495,148.723,0.527,0.0115,0.0,Dancing In the Dark,Bruce Springsteen,Energetic
0.959,0.812,122.805,0.541,0.0663,2.18e-06,You Give Love A Bad Name,Bon Jovi,Happy
0.834,0.774,139.13,0.509,0.0183,0.0,Summer Of '69,Bryan Adams,Happy
0.836,0.82,113.375,0.743,0.0804,0.0,Should I Stay or Should I Go - Remastered,The Clash,Happy
0.712,0.462,113.805,0.671,0.429,0.0,Under Pressure - Remastered 2011,"Queen, David Bowie",Energetic
0.716,0.901,94.379,0.535,0.326,0.0,I Love Rock 'N Roll,Joan Jett & the Blackhearts,Happy
0.932,0.971,122.431,0.631,0.0429,0.137,Start Me Up - Remastered 2009,The Rolling Stones,Happy
0.835,0.795,129.981,0.572,0.171,0.000377,Jump - 2015 Remaster,Van Halen,Happy
0.449,0.573,84.383,0.623,0.212,0.0,Free Fallin',Tom Petty,Neutral
0.843,0.188,117.662,0.529,0.0628,0.000827,The Final Countdown,Europe,Energetic
0.873,0.303,106.767,0.389,0.00532,0.0055,Hells Bells,AC/DC,Energetic
0.768,0.429,81.909,0.558,0.121,0.0626,Every Little Thing She Does Is Magic,The Police,Energetic
0.549,0.907,176.941,0.516,0.501,0.00572,The Boys Of Summer,Don Henley,Happy
0.758,0.435,112.113,0.489,0.000678,0.49,Heroes - 2017 Remaster,David Bowie,Energetic
0.952,0.584,122.093,0.398,0.000373,7.75e-05,Born in the U.S.A.,Bruce Springsteen,Happy
0.478,0.965,114.02,0.766,0.0513,2.49e-06,I Won't Back Down,Tom Petty,Neutral
0.953,0.568,84.989,0.267,0.00211,0.0,Pour Some Sugar On Me - Remastered 2017,Def Leppard,Happy
0.803,0.258,150.036,0.253,0.129,0.0146,Wanted Dead Or Alive,Bon Jovi,Energetic
0.978,0.451,141.167,0.526,0.00122,4.75e-05,Panama - 2015 Remaster,Van Halen,Energetic
0.811,0.635,126.59,0.561,0.00515,3.66e-05,Run To You,Bryan Adams,Happy
0.872,0.866,129.885,0.797,0.291,0.0,Rock the Casbah - Remastered,The Clash,Happy
0.908,0.669,159.756,0.285,0.0318,0.00909,The Trooper - 2015 Remaster,Iron Maiden,Happy
0.528,0.757,109.975,0.932,0.115,0.329,Another One Bites The Dust - Remastered 2011,Queen,Happy
0.812,0.685,127.568,0.691,0.0433,1.16e-06,Hungry Like the Wolf - 2009 Remaster,Duran Duran,Happy
0.93,0.725,190.818,0.398,0.000854,0.121,How Soon Is Now? - 2011 Remaster,The Smiths,Happy
0.942,0.498,97.909,0.511,0.174,1.87e-05,Shout,Tears For Fears,Energetic
0.899,0.603,152.445,0.475,0.00375,1.91e-05,Runaway,Bon Jovi,Happy
0.96,0.37,131.707,0.469,0.141,1.81e-06,Separate Ways (Worlds Apart) [2023 Remaster],Journey,Energetic
0.96,0.978,117.486,0.574,0.0457,0.0,Glory Days,Bruce Springsteen,Happy
0.58,0.944,127.402,0.741,0.117,3.61e-05,Hit Me With Your Best Shot,Pat Benatar,Happy
0.763,0.342,148.366,0.365,0.00726,0.000457,Mother,Danzig,Energetic
0.804,0.658,111.457,0.591,0.327,5.98e-06,Edge of Seventeen - 2016 Remaster,Stevie Nicks,Happy
0.427,0.295,119.18,0.753,0.00787,0.00065,Beds Are Burning - Remastered,Midnight Oil,Sad
0.506,0.518,140.309,0.799,0.0453,0.00107,Don't Stand So Close To Me,The Police,Happy
0.737,0.971,125.447,0.785,0.042,0.000107,Hurts So Good,John Mellencamp,Happy
0.846,0.659,107.01,0.659,0.0318,0.0144,Hysteria,Def Leppard,Happy
0.833,0.773,142.663,0.553,0.000646,0.00246,Call Me,Blondie,Happy
0.858,0.419,133.615,0.503,0.00757,0.00234,Fight For Your Right,Beastie Boys,Energetic
0.632,0.294,140.176,0.531,0.16,1.14e-05,Every Rose Has Its Thorn - 2003 Remaster,Poison,Energetic
0.691,0.707,119.96,0.823,0.0774,1.73e-06,SPIDER,"GIMS, DYSTINCT",Happy
0.78,0.72,134.937,0.724,0.294,0.0,Bolide Noir,"Central Cee, JRK 19",Happy
0.693,0.572,87.973,0.702,0.139,0.0,MAMI WATA,"Gazo, Tiakola",Happy
0.926,0.86,105.969,0.682,0.0404,0.0,ABCD,NAYEON,Happy
0.628,0.568,140.053,0.668,0.129,0.0,Rockstar,LISA,Happy
0.747,0.363,120.073,0.745,0.0073,1.69e-06,Supernova,aespa,Energetic
0.786,0.465,91.992,0.695,0.0668,1.41e-06,Armageddon,aespa,Energetic
0.597,0.875,170.022,0.77,0.53,0.0,Small girl (feat. D.O.),"Lee Young Ji, D.O.",Happy
0.782,0.906,108.038,0.875,0.151,0.0,SPOT!,"ZICO, JENNIE",Happy
0.895,0.757,124.994,0.803,0.0816,5.67e-06,How Sweet,NewJeans,Happy
0.728,0.461,140.041,0.774,0.113,0.0,SHEESH,BABYMONSTER,Energetic
0.5,0.76,101.959,0.871,0.32,3.49e-06,LIKE THAT,BABYMONSTER,Neutral
0.774,0.383,109.945,0.801,0.00871,0.0,Smoothie,NCT DREAM,Energetic
0.872,0.378,131.016,0.644,0.164,0.0,Drama,aespa,Energetic
0.592,0.535,157.969,0.521,0.308,0.0,Die With A Smile,"Lady Gaga, Bruno Mars",Happy
0.783,0.939,149.027,0.777,0.0283,0.0,APT.,"ROSÉ, Bruno Mars",Happy
0.507,0.438,104.978,0.747,0.2,0.0608,BIRDS OF A FEATHER,Billie Eilish,Energetic
0.808,0.372,108.548,0.554,0.214,0.0,That’s So True,Gracie Abrams,Energetic
0.756,0.838,116.034,0.66,0.00289,0.0,Who,Jimin,Happy
0.711,0.317,146.921,0.487,0.000175,0.0,Running Wild,Jin,Energetic
0.413,0.273,94.938,0.494,0.682,6.72e-05,Sailor Song,Gigi Perez,Sad
0.907,0.721,112.964,0.674,0.101,0.0,Taste,Sabrina Carpenter,Happy
0.651,0.471,112.648,0.694,0.496,1.36e-05,Tu Boda,"Oscar Maydon, Fuerza Regida",Energetic
0.247,0.126,148.101,0.467,0.612,0.000271,WILDFLOWER,Billie Eilish,Sad
0.776,0.708,103.963,0.699,0.131,5.36e-06,Espresso,Sabrina Carpenter,Happy
0.722,0.57,119.973,0.769,0.0584,2.56e-06,Timeless (with Playboi Carti),"The Weeknd, Playboi Carti",Happy
0.582,0.785,116.712,0.7,0.0502,0.0,"Good Luck, Babe!",Chappell Roan,Happy
0.563,0.343,105.008,0.833,0.528,1.27e-05,Qué Pasaría...,"Rauw Alejandro, Bad Bunny",Energetic
0.627,0.35,150.273,0.336,0.164,0.0,All I Want for Christmas Is You,Mariah Carey,Energetic
0.598,0.935,107.732,0.733,0.212,3.71e-06,Last Christmas - Single Version,Wham!,Happy
0.471,0.219,105.029,0.472,0.151,0.0,Beautiful Things,Benson Boone,Sad
0.668,0.787,128.027,0.924,0.446,0.000594,Si Antes Te Hubiera Conocido,KAROL G,Happy
0.872,0.806,184.115,0.466,0.0156,0.0,The Emptiness Machine,Linkin Park,Happy
0.586,0.621,107.015,0.675,0.257,0.0,Please Please Please,Sabrina Carpenter,Happy
0.406,0.338,115.94,0.53,0.656,0.0,"I Love You, I'm Sorry",Gracie Abrams,Sad
0.369,0.0998,174.097,0.448,0.968,0.272,The Night We Met,Lord Huron,Sad
0.627,0.47,155.865,0.687,0.326,0.0,Khé?,"Rauw Alejandro, Romeo Santos",Energetic
0.807,0.398,124.053,0.612,0.0495,0.0177,Sweater Weather,The Neighbourhood,Energetic
0.417,0.479,67.528,0.464,0.136,0.022,I Wanna Be Yours,Arctic Monkeys,Sad
0.604,0.242,159.92,0.561,0.199,1.9e-05,Lose Control,Teddy Swims,Energetic
0.559,0.62,78.558,0.558,0.371,7.49e-06,See You Again (feat. Kali Uchis),"Tyler, The Creator, Kali Uchis",Happy
0.661,0.285,173.372,0.429,0.00239,0.000121,Yellow,Coldplay,Energetic
0.812,0.664,80.09,0.505,0.285,0.0,"Sticky (feat. GloRilla, Sexyy Red & Lil Wayne)","Tyler, The Creator, GloRilla, Sexyy Red, Lil Wayne",Happy
0.56,0.86,134.066,0.853,0.013,0.0,That's What I Like,Bruno Mars,Happy
0.698,0.867,143.994,0.726,0.049,0.0,Locked out of Heaven,Bruno Mars,Happy
0.727,0.676,94.99,0.739,0.0678,0.0,Bed Chem,Sabrina Carpenter,Happy
0.555,0.191,96.063,0.392,0.287,0.000253,Like Him (feat. Lola Young),"Tyler, The Creator, Lola Young",Energetic
0.52,0.37,120.001,0.672,0.859,0.0,Night Changes,One Direction,Energetic
0.47,0.879,67.086,0.598,0.617,0.0,Rockin' Around The Christmas Tree,Brenda Lee,Neutral
0.64,0.19,84.828,0.264,0.0393,2.31e-06,"One Of The Girls (with JENNIE, Lily Rose Depp)","The Weeknd, JENNIE, Lily-Rose Depp",Energetic
0.841,0.424,109.021,0.635,0.0134,0.0,Just the Way You Are,Bruno Mars,Energetic
0.706,0.599,80.969,0.722,0.072,0.0,A Bar Song (Tipsy),Shaboozey,Happy
0.757,0.12,142.579,0.482,0.0137,0.0016,NIGHTS LIKE THIS,The Kid LAROI,Energetic
0.715,0.497,155.925,0.315,0.00125,7.97e-06,Iris,The Goo Goo Dolls,Energetic
0.864,0.4,105.143,0.556,0.00958,0.0,In the End,Linkin Park,Energetic
0.643,0.96,117.025,0.74,0.041,0.00229,Too Sweet,Hozier,Happy
0.725,0.64,130.504,0.633,0.0461,0.0,Juno,Sabrina Carpenter,Happy
0.731,0.484,101.654,0.483,0.436,0.0,Riptide,Vance Joy,Energetic
0.928,0.488,127.939,0.571,0.00932,0.0,Heavy Is the Crown,Linkin Park,Energetic
0.513,0.929,109.935,0.745,0.783,0.0,DOS DÍAS,"Tito Double P, Peso Pluma",Happy
0.689,0.936,120.208,0.724,0.573,6.77e-06,EL LOKERON,Tito Double P,Happy
0.621,0.592,191.868,0.525,0.0489,0.0,Santa Tell Me,Ariana Grande,Happy
0.424,0.806,119.705,0.754,0.643,0.0,Jingle Bell Rock,Bobby Helms,Neutral
0.646,0.295,115.842,0.645,0.0615,3.04e-05,we can't be friends (wait for your love),Ariana Grande,Energetic
0.789,0.464,91.911,0.757,0.307,0.0,LA INOCENTE,"Mora, Feid",Energetic
0.778,0.345,96.057,0.911,0.0887,2.16e-05,PERRO NEGRO,"Bad Bunny, Feid",Energetic
0.786,0.759,111.989,0.781,0.115,5.88e-06,BUBALU,"Feid, Rema",Happy
0.411,0.412,169.934,0.584,0.869,4.47e-05,HACIENDO QUE ME AMAS,Bad Bunny,Sad
0.804,0.844,110.982,0.82,0.175,0.00215,Tan Bonita,Piso 21,Happy
0.522,0.601,110.427,0.75,0.282,0.0,Tiroteo - Remix,"Marc Seguí, Rauw Alejandro, Pol Granch",Happy
0.888,0.771,130.97,0.617,0.0705,0.0,Cómo Te Atreves,Morat,Happy
0.856,0.927,123.031,0.748,0.0824,0.0,Tacones Rojos,Sebastian Yatra,Happy
0.673,0.266,92.06,0.453,0.32,0.0,Fuera del mercado,Danny Ocean,Energetic
0.686,0.268,79.928,0.647,0.08,1.34e-06,Ojitos Lindos,"Bad Bunny, Bomba Estéreo",Energetic
0.595,0.546,108.02,0.777,0.59,0.00139,Otro Atardecer,"Bad Bunny, The Marías",Happy
0.588,0.93,142.004,0.872,0.275,0.0,Yo No Soy Celoso,Bad Bunny,Happy
0.498,0.428,122.016,0.876,0.0706,0.0,Neverita,Bad Bunny,Sad
0.69,0.744,151.991,0.839,0.207,8.33e-06,Un Coco,Bad Bunny,Happy
0.616,0.451,103.071,0.797,0.762,0.000293,Andrea,"Bad Bunny, Buscabulla",Energetic
0.516,0.53,111.005,0.87,0.656,0.00823,PROVENZA,KAROL G,Happy
0.543,0.74,139.929,0.84,0.678,0.0,Inolvidable,"Ovy On The Drums, Beéle",Happy
0.623,0.775,130.037,0.919,0.184,1.63e-05,DESPECHÁ,ROSALÍA,Happy
0.782,0.55,128.033,0.621,0.0125,0.033,"Quevedo: Bzrp Music Sessions, Vol. 52","Bizarrap, Quevedo",Happy
0.524,0.553,83.97,0.653,0.112,0.0,telepatía,Kali Uchis,Happy
0.586,0.295,189.978,0.326,0.531,0.0,AMOR DE CINE,HUMBE,Energetic
0.662,0.607,93.976,0.892,0.169,1.24e-06,Gato de Noche,"Ñengo Flow, Bad Bunny",Happy
0.724,0.562,83.118,0.569,0.228,0.0,un x100to,"Grupo Frontera, Bad Bunny",Happy
0.421,0.524,98.224,0.537,0.827,0.0,Si No Estás,iñigo quintero,Neutral
0.665,0.659,100.09,0.858,0.126,0.0,CLASSY 101,"Feid, Young Miko",Happy
0.534,0.116,93.924,0.832,0.345,0.0,Martin & Gina,Polo G,Energetic
0.542,0.564,135.14,0.926,0.135,0.0,We Paid (feat. 42 Dugg),"Lil Baby, 42 Dugg",Happy
0.73,0.446,155.008,0.834,0.00513,0.0,SICKO MODE,Travis Scott,Energetic
0.564,0.483,77.972,0.856,0.00327,0.0,On Me,Lil Baby,Energetic
0.576,0.364,166.162,0.77,0.138,0.0,Chosen 1,Polo G,Energetic
0.716,0.732,91.007,0.701,0.174,0.0,Mood (feat. iann dior),"24kGoldn, iann dior",Happy
0.658,0.462,140.042,0.8,0.25,0.0,Lemonade (feat. NAV),"Internet Money, Gunna, Don Toliver, NAV",Energetic
0.882,0.201,148.038,0.569,0.0316,0.0,FE!N (feat. Playboi Carti),"Travis Scott, Playboi Carti",Energetic
0.662,0.39,112.509,0.897,0.0852,0.0,Drip Too Hard (Lil Baby & Gunna),"Lil Baby, Gunna",Energetic
0.346,0.562,119.957,0.963,0.0355,0.0,Yes Indeed,"Lil Baby, Drake",Neutral
0.524,0.363,140.053,0.747,0.0306,0.0,Roll in Peace (feat. XXXTENTACION),"Kodak Black, XXXTENTACION",Energetic
0.444,0.678,140.063,0.906,0.136,6.44e-05,No Heart,"21 Savage, Metro Boomin",Neutral
0.639,0.261,168.112,0.772,0.15,0.0,Pop Out (feat. Lil Tjay),"Polo G, Lil Tjay",Energetic
0.487,0.108,127.05,0.964,0.00127,6.07e-06,Pure Cocaine,Lil Baby,Sad
0.347,0.376,75.016,0.884,0.015,7e-06,Bank Account,21 Savage,Sad
0.619,0.154,127.956,0.962,0.0354,0.0,Low Down,Lil Baby,Energetic
0.395,0.128,76.984,0.793,0.277,1.4e-05,Ready (feat. Gunna),"Lil Baby, Gunna",Sad
0.353,0.0731,87.997,0.797,0.59,0.0,10 Freaky Girls (with 21 Savage),"Metro Boomin, 21 Savage",Sad
0.516,0.255,119.996,0.877,0.215,0.0,Freestyle,Lil Baby,Energetic
0.744,0.645,84.005,0.867,0.268,0.0,Walk Em Down (feat. Roddy Ricch),"NLE Choppa, Roddy Ricch",Happy
0.515,0.321,120.1,0.567,0.354,0.0,F.N,Lil Tjay,Energetic
0.463,0.46,108.003,0.97,0.0957,0.0,Baby (Lil Baby feat. DaBaby),"Quality Control, Lil Baby, DaBaby",Sad
0.662,0.259,143.943,0.767,0.103,0.0,back to the moon,Gunna,Energetic
0.622,0.22,130.001,0.847,0.119,0.0,fukumean,Gunna,Energetic
0.701,0.564,134.039,0.71,0.0105,0.0,Stand By Me (feat. Morgan Wallen),"Lil Durk, Morgan Wallen",Happy
0.727,0.227,150.062,0.477,0.000866,0.0,EVERY CHANCE I GET (feat. Lil Baby & Lil Durk),"DJ Khaled, Lil Baby, Lil Durk",Energetic
0.48,0.419,143.029,0.846,0.269,0.0,3 Headed Goat (feat. Lil Baby & Polo G),"Lil Durk, Lil Baby, Polo G",Sad
0.651,0.237,163.935,0.665,0.0414,0.0,Lean Wit Me,Juice WRLD,Energetic
0.692,0.566,79.899,0.623,0.328,0.0,Robbery,Juice WRLD,Happy
0.572,0.568,141.996,0.823,0.0079,0.0,1400 / 999 Freestyle (feat. Juice WRLD),"Trippie Redd, Juice WRLD",Happy
0.613,0.0804,149.972,0.65,0.00336,0.0,Wishing Well,Juice WRLD,Energetic
0.529,0.203,161.989,0.671,0.0769,0.000335,All Girls Are The Same,Juice WRLD,Energetic
0.736,0.233,147.946,0.776,0.0802,0.0,Black & White,Juice WRLD,Energetic
0.801,0.914,104.986,0.778,0.692,0.000155,Lonely At The Top,Asake,Happy
0.819,0.636,110.14,0.726,0.477,9.65e-05,Stronger,Young Jonn,Happy
0.651,0.567,67.813,0.49,0.714,7.59e-06,Dealer,"Ayo Maff, Fireboy DML",Happy
0.653,0.163,150.097,0.547,0.456,0.0,Goodbyes (feat. Young Thug),"Post Malone, Young Thug",Energetic
0.552,0.112,144.941,0.64,0.0215,0.0,Type Shit,"Future, Metro Boomin, Travis Scott, Playboi Carti",Energetic
0.552,0.492,119.476,0.765,0.175,0.0,Trance (with Travis Scott & Young Thug),"Metro Boomin, Travis Scott, Young Thug",Energetic
0.764,0.886,140.113,0.882,0.359,0.0,BAND4BAND (feat. Lil Baby),"Central Cee, Lil Baby",Happy
0.634,0.645,101.837,0.502,0.677,0.0341,MMS,"Asake, Wizkid",Happy
0.64,0.535,112.984,0.869,0.011,0.00119,Active,"Asake, Travis Scott",Happy
0.719,0.546,113.012,0.897,0.116,0.000531,JUJU (feat. Shallipopi),"Smur Lee, ODUMODUBLVCK, Shallipopi",Happy
0.668,0.145,87.973,0.573,0.189,4.01e-05,Too Many Nights (feat. Don Toliver & with Future),"Metro Boomin, Future, Don Toliver",Energetic
0.52,0.425,95.865,0.578,0.554,3.38e-06,alone - Remix,"FOLA, Bnxn",Energetic
0.841,0.838,147.989,0.754,0.136,0.0,OZEBA,Rema,Happy
0.683,0.623,145.379,0.501,0.109,9.25e-05,Fi Kan We Kan,"Bnxn, Rema",Happy
0.648,0.746,93.2,0.737,0.252,6.92e-06,Piece of My Heart (feat. Brent Faiyaz),"Wizkid, Brent Faiyaz",Happy
0.541,0.387,139.978,0.716,0.0021,0.0,Life Goes On,"Lil Baby, Gunna, Lil Uzi Vert",Energetic
0.874,0.927,118.079,0.774,0.142,0.34,Kese (Dance),Wizkid,Happy
0.52,0.37,120.001,0.672,0.859,0.0,Night Changes,One Direction,Energetic
0.366,0.13,141.981,0.604,0.578,0.0,Easy On Me,Adele,Sad
0.422,0.349,119.964,0.53,0.407,0.0,Wrecking Ball,Miley Cyrus,Sad
0.264,0.331,119.93,0.422,0.922,0.0,All of Me,John Legend,Sad
0.547,0.442,95.0,0.778,0.344,0.000306,Just Give Me a Reason (feat. Nate Ruess),"P!nk, Nate Ruess",Energetic
0.706,0.474,122.013,0.663,0.0654,0.0,Counting Stars,OneRepublic,Energetic
0.779,0.26,173.799,0.468,0.112,0.000373,Unstoppable,Sia,Energetic
0.661,0.285,173.372,0.429,0.00239,0.000121,Yellow,Coldplay,Energetic
0.454,0.912,159.982,0.689,0.0351,0.00259,End of Beginning,Djo,Neutral
0.715,0.497,155.925,0.315,0.00125,7.97e-06,Iris,The Goo Goo Dolls,Energetic
0.5,0.801,117.896,0.664,0.799,0.0,Stick Season,Noah Kahan,Neutral
0.28,0.387,72.795,0.612,0.932,0.0,When I Was Your Man,Bruno Mars,Sad
0.663,0.286,121.07,0.6,0.225,0.0,Story of My Life,One Direction,Energetic
0.537,0.131,122.769,0.445,0.695,1.65e-05,Another Love,Tom Odell,Energetic
0.635,0.446,103.019,0.617,0.0498,1.44e-05,Something Just Like This,"The Chainsmokers, Coldplay",Energetic
0.296,0.12,115.284,0.351,0.934,0.0,lovely (with Khalid),"Billie Eilish, Khalid",Sad
0.697,0.732,138.992,0.74,0.0268,0.0,Nonsense,Sabrina Carpenter,Happy
0.652,0.931,95.977,0.825,0.581,0.0,Shape of You,Ed Sheeran,Happy
0.192,0.148,175.212,0.369,0.555,8.35e-06,Something in the Orange,Zach Bryan,Sad
0.841,0.424,109.021,0.635,0.0134,0.0,Just the Way You Are,Bruno Mars,Energetic
0.557,0.494,85.043,0.358,0.695,0.0,Say You Won't Let Go,James Arthur,Energetic
0.607,0.498,81.001,0.684,0.0267,0.000307,Sure Thing,Miguel,Energetic
0.448,0.168,95.05,0.599,0.163,0.0,Perfect,Ed Sheeran,Sad
0.442,0.213,146.277,0.557,0.731,1.46e-05,The Scientist,Coldplay,Sad
0.552,0.0789,75.881,0.346,0.417,0.0,Skyfall,Adele,Energetic
0.822,0.288,167.997,0.604,0.00672,0.134,Thunder,Imagine Dragons,Energetic
0.543,0.453,68.534,0.359,0.492,1.58e-05,Lover,Taylor Swift,Energetic
0.763,0.551,120.042,0.695,0.189,0.00242,Circles,Post Malone,Happy
0.425,0.27,102.078,0.357,0.584,0.0,Heather,Conan Gray,Sad
0.741,0.441,153.96,0.601,0.185,2.91e-05,Ghost,Justin Bieber,Energetic
0.713,0.879,120.032,0.742,0.0205,0.0,Maps,Maroon 5,Happy
0.379,0.201,107.989,0.614,0.607,0.000464,Photograph,Ed Sheeran,Sad
0.754,0.755,149.789,0.752,0.0151,0.0,Stitches,Shawn Mendes,Happy
0.417,0.124,138.178,0.209,0.164,0.00196,Fix You,Coldplay,Sad
0.603,0.67,97.994,0.712,0.186,0.0,Fast Car,Luke Combs,Happy
0.574,0.183,111.881,0.459,0.608,0.0,Before You Go,Lewis Capaldi,Energetic
0.648,0.49,96.888,0.633,0.121,2.62e-06,Anti-Hero,Taylor Swift,Energetic
0.776,0.427,77.987,0.585,0.0572,7.74e-06,Complicated,Avril Lavigne,Energetic
0.585,0.212,139.631,0.449,0.0509,8.75e-05,Paradise,Coldplay,Energetic
0.327,0.595,91.05,0.775,0.841,0.0,Memories,Maroon 5,Neutral
0.445,0.591,78.998,0.781,0.474,0.0,Thinking out Loud,Ed Sheeran,Neutral
0.638,0.497,79.064,0.481,0.153,0.0,Drops of Jupiter (Tell Me),Train,Energetic
0.845,0.775,110.056,0.671,0.0207,0.0,Dance The Night - From Barbie The Album,Dua Lipa,Happy
0.797,0.825,139.994,0.704,0.0826,0.000745,I Ain't Worried,OneRepublic,Happy
0.628,0.552,103.998,0.674,0.00144,0.0,Try,P!nk,Happy
0.862,0.809,95.051,0.712,0.0525,0.0,This Love,Maroon 5,Happy
0.473,0.34,119.992,0.765,0.287,0.0,7 Years,Lukas Graham,Sad
0.465,0.543,89.087,0.449,0.524,1.02e-06,Heartbreak Anniversary,Giveon,Neutral
0.798,0.942,116.032,0.796,0.034,4.19e-05,Cold Heart - PNAU Remix,"Elton John, Dua Lipa, PNAU",Happy
0.53,0.417,108.038,0.63,0.4,0.0,Like I'm Gonna Lose You (feat. John Legend),"Meghan Trainor, John Legend",Energetic
0.55,0.342,101.19,0.551,0.777,0.0,Until I Found You (with Em Beihold) - Em Beihold Version,"Stephen Sanchez, Em Beihold",Energetic
0.663,0.465,102.0,0.651,0.228,0.0,She Will Be Loved - Radio Mix,Maroon 5,Energetic
0.401,0.195,111.825,0.677,0.712,0.0,This Town,Niall Horan,Sad
0.699,0.915,114.481,0.85,0.152,0.0,Lil Boo Thang,Paul Russell,Happy
0.764,0.478,169.928,0.591,0.0383,0.0,STAY (with Justin Bieber),"The Kid LAROI, Justin Bieber",Energetic
0.45,0.537,178.765,0.597,0.223,0.0,Stuck with U (with Justin Bieber),"Ariana Grande, Justin Bieber",Neutral
0.82,0.452,144.905,0.621,0.332,0.0,Marry You,Bruno Mars,Energetic
0.174,0.231,112.672,0.681,0.837,3.35e-05,Dancing On My Own,Calum Scott,Sad
0.488,0.533,136.07,0.752,0.293,9.2e-06,Without Me,Halsey,Neutral
0.738,0.637,119.976,0.721,0.00226,4.41e-06,Leave Before You Love Me (with Jonas Brothers),"Marshmello, Jonas Brothers",Happy
0.902,0.536,100.012,0.673,0.0591,0.000227,Best Day Of My Life,American Authors,Happy
0.788,0.884,120.076,0.748,0.0591,0.0,Sugar,Maroon 5,Happy
0.657,0.437,107.01,0.753,0.171,0.0,The Middle,"Zedd, Maren Morris, Grey",Energetic
0.342,0.0993,102.819,0.516,0.55,0.0,Lose You To Love Me,Selena Gomez,Sad
0.794,0.244,114.066,0.601,0.00987,1.36e-06,Nothing Breaks Like a Heart (feat. Miley Cyrus),"Mark Ronson, Miley Cyrus",Energetic
0.673,0.488,203.812,0.492,0.413,0.0,Last Night,Morgan Wallen,Energetic
0.426,0.337,84.876,0.674,0.12,0.0,Royals,Lorde,Sad
0.656,0.225,104.036,0.638,0.188,0.0,Bleeding Love,Leona Lewis,Energetic
0.825,0.268,94.931,0.56,0.323,0.0,A Thousand Miles,Vanessa Carlton,Energetic
0.792,0.415,119.054,0.627,0.13,3.97e-06,Love Story (Taylor’s Version),Taylor Swift,Energetic
0.54,0.75,116.947,0.759,0.037,0.0,Señorita,"Shawn Mendes, Camila Cabello",Happy
0.683,0.572,159.878,0.515,0.0749,2.64e-06,Wide Awake,Katy Perry,Happy
0.444,0.712,150.96,0.703,0.559,0.0,I'm Yours,Jason Mraz,Neutral
0.719,0.371,112.027,0.558,0.0367,0.0,Wherever You Will Go,The Calling,Energetic
0.495,0.72,129.062,0.864,0.591,0.000133,Somebody That I Used To Know,"Gotye, Kimbra",Neutral
0.706,0.144,92.513,0.482,0.135,0.00106,Girl on Fire,Alicia Keys,Energetic
0.495,0.799,103.375,0.694,0.0137,0.00351,You Know I'm No Good,Amy Winehouse,Neutral
0.586,0.443,126.684,0.553,0.697,0.0,Be Alright,Dean Lewis,Energetic
0.903,0.652,74.988,0.52,0.00517,0.0,Someone To You,BANNERS,Happy
0.331,0.271,72.023,0.459,0.817,0.00104,Arcade,Duncan Laurence,Sad
0.714,0.33,175.924,0.564,0.0549,0.0,Fight Song,Rachel Platten,Energetic
0.798,0.591,120.012,0.719,0.0162,2.34e-06,Teenage Dream,Katy Perry,Happy
0.588,0.193,113.608,0.491,0.0281,2.01e-06,What About Us,P!nk,Energetic
0.71,0.419,89.929,0.5,0.19,0.00025,Demons,Imagine Dragons,Energetic
0.445,0.278,50.827,0.286,0.355,0.0,If You Love Her,Forest Blakk,Sad
0.415,0.455,114.145,0.728,0.401,0.0,Issues,Julia Michaels,Sad
0.632,0.0797,147.873,0.494,0.682,0.0,You Say,Lauren Daigle,Energetic
0.473,0.604,75.801,0.464,0.866,0.0,If the World Was Ending (feat. Julia Michaels),"JP Saxe, Julia Michaels",Neutral
0.72,0.472,79.983,0.508,0.272,0.0,Halo,Beyoncé,Energetic
0.638,0.735,184.086,0.378,0.02,7.66e-05,We Are Young (feat. Janelle Monáe),"fun., Janelle Monáe",Happy
0.549,0.167,90.04,0.644,0.0209,8.85e-06,No One,Alicia Keys,Energetic
0.725,0.335,123.28,0.49,0.123,2.68e-05,Back To Black,Amy Winehouse,Energetic
0.63,0.43,89.991,0.654,0.153,0.0,"10,000 Hours (with Justin Bieber)","Dan + Shay, Justin Bieber",Energetic
0.316,0.174,118.582,0.398,0.805,0.0,Rise Up,Andra Day,Sad
0.922,0.758,130.007,0.666,0.000348,0.0,Part Of Me,Katy Perry,Happy
0.348,0.0886,74.541,0.349,0.726,0.0,jar of hearts,Christina Perri,Sad
0.787,0.572,117.089,0.399,0.0197,6.07e-05,Chandelier,Sia,Happy
0.465,0.0682,113.81,0.6,0.643,1.48e-06,Control,Zoe Wees,Sad
0.698,0.867,143.994,0.726,0.049,0.0,Locked out of Heaven,Bruno Mars,Happy
0.587,0.486,186.003,0.679,0.141,6.35e-06,Starboy,"The Weeknd, Daft Punk",Energetic
0.669,0.662,112.238,0.908,0.00286,0.0,Without Me,Eminem,Happy
0.652,0.931,95.977,0.825,0.581,0.0,Shape of You,Ed Sheeran,Happy
0.939,0.53,129.024,0.671,0.191,0.0,Give Me Everything (feat. Nayer),"Pitbull, AFROJACK, Ne-Yo, Nayer",Happy
0.902,0.876,84.412,0.573,0.018,0.00125,Take on Me,a-ha,Happy
0.824,0.758,100.024,0.778,0.284,0.0,Hips Don't Lie (feat. Wyclef Jean),"Shakira, Wyclef Jean",Happy
0.791,0.583,105.018,0.894,0.0183,0.0,Yeah! (feat. Lil Jon & Ludacris),"USHER, Lil Jon, Ludacris",Happy
0.866,0.619,128.038,0.578,0.00701,0.0,Shut Up and Dance,WALK THE MOON,Happy
0.887,0.794,122.509,0.532,0.0778,0.000206,Livin' On A Prayer,Bon Jovi,Happy
0.783,0.643,124.08,0.532,0.0038,0.0012,Wake Me Up,Avicii,Happy
0.838,0.924,143.04,0.774,0.0249,0.025,Toxic,Britney Spears,Happy
0.711,0.875,125.135,0.692,0.225,0.0,Sweet Dreams (Are Made of This) - 2005 Remaster,"Eurythmics, Annie Lennox, Dave Stewart",Happy
0.837,0.714,120.028,0.755,0.0991,0.0,TiK ToK,Kesha,Happy
0.76,0.409,99.947,0.655,0.0797,0.0,Sorry,Justin Bieber,Energetic
0.87,0.754,100.804,0.543,0.358,0.000939,Dancing Queen,ABBA,Happy
0.823,0.418,128.035,0.646,0.213,0.0,Outside (feat. Ellie Goulding),"Calvin Harris, Ellie Goulding",Energetic
0.807,0.765,114.742,0.729,0.181,0.75,The Way I Are,"Timbaland, Keri Hilson, D.O.E.",Happy
0.963,0.788,129.992,0.581,0.0295,0.0,Timber,"Pitbull, Kesha",Happy
0.835,0.654,125.983,0.527,0.0166,0.0,The Nights,Avicii,Happy
0.861,0.654,119.963,0.663,0.0338,0.0,DJ Got Us Fallin' In Love (feat. Pitbull),"USHER, Pitbull",Happy
0.699,0.907,92.96,0.759,0.202,0.000131,...Baby One More Time,Britney Spears,Happy
0.806,0.613,94.948,0.843,0.143,0.0,Ms. Jackson,Outkast,Happy
0.806,0.774,119.001,0.851,0.119,1.72e-06,Poker Face,Lady Gaga,Happy
0.802,0.724,124.022,0.721,0.0921,0.0,Time of Our Lives,"Pitbull, Ne-Yo",Happy
0.856,0.743,127.949,0.596,0.0211,0.0178,Summer,Calvin Harris,Happy
0.824,0.867,118.818,0.709,0.207,0.000307,I Wanna Dance with Somebody (Who Loves Me),Whitney Houston,Happy
0.869,0.425,159.805,0.533,0.156,0.00538,Don't Let Me Down,"The Chainsmokers, Daya",Energetic
0.844,0.382,113.324,0.788,0.25,0.000678,Gimme More,Britney Spears,Energetic
0.803,0.632,106.97,0.818,0.034,0.0,24K Magic,Bruno Mars,Happy
0.799,0.725,120.372,0.71,0.22,0.000602,Girls Just Want to Have Fun,Cyndi Lauper,Happy
0.834,0.774,139.13,0.509,0.0183,0.0,Summer Of '69,Bryan Adams,Happy
0.795,0.796,89.99,0.646,0.0319,0.0,Stereo Hearts (feat. Adam Levine),"Gym Class Heroes, Adam Levine",Happy
0.58,0.66,120.021,0.782,0.0114,2.28e-06,Call Me Maybe,Carly Rae Jepsen,Happy
0.882,0.463,102.04,0.742,0.0466,0.0,No Lie,"Sean Paul, Dua Lipa",Energetic
0.787,0.301,126.062,0.604,0.0679,0.15,Titanium (feat. Sia),"David Guetta, Sia",Energetic
0.583,0.964,117.0,0.967,0.0584,0.0,SexyBack (feat. Timbaland),"Justin Timberlake, Timbaland",Happy
0.766,0.61,127.966,0.744,0.0873,0.0,I Gotta Feeling,Black Eyed Peas,Happy
0.567,0.793,125.02,0.845,0.59,0.00142,What Do You Mean?,Justin Bieber,Happy
0.669,0.547,122.669,0.834,0.0341,7.18e-05,Don't Stop The Music,Rihanna,Happy
0.864,0.891,110.009,0.768,0.101,0.0,Wannabe,Spice Girls,Happy
0.761,0.624,128.046,0.722,0.0119,0.0,"Moves Like Jagger - Studio Recording From ""The Voice"" Performance","Maroon 5, Christina Aguilera",Happy
0.834,0.894,95.053,0.751,0.3,1.77e-05,Oops!...I Did It Again,Britney Spears,Happy
0.501,0.623,144.438,0.5,0.462,0.0,Tainted Love,Soft Cell,Happy
0.739,0.745,118.99,0.822,0.0264,4.28e-05,Just Dance,"Lady Gaga, Colby O'Donis",Happy
0.857,0.348,128.024,0.414,0.0287,0.00574,Blame (feat. John Newman),"Calvin Harris, John Newman",Energetic
0.574,0.755,125.18,0.613,0.0253,3.13e-05,Candy Shop,"50 Cent, Olivia",Happy
0.491,0.536,119.528,0.749,0.02,0.00899,Gimme! Gimme! Gimme! (A Man After Midnight),ABBA,Neutral
0.84,0.438,129.042,0.612,0.112,0.0,Don't You Worry Child - Radio Edit,"Swedish House Mafia, John Martin",Energetic
0.815,0.636,123.063,0.636,0.0185,0.0,Sugar (feat. Francesco Yates),"Robin Schulz, Francesco Yates",Happy
0.714,0.817,100.972,0.892,0.201,0.000234,Rock Your Body,Justin Timberlake,Happy
0.814,0.717,124.921,0.707,0.0861,0.0,Disturbia,Rihanna,Happy
0.917,0.459,132.975,0.652,0.0082,0.0,Believe,Cher,Energetic
0.844,0.777,131.459,0.729,0.149,2.87e-06,Don't Go Breaking My Heart,"Elton John, Kiki Dee",Happy
0.563,0.964,126.007,0.766,0.0263,0.683,Can't Get You out of My Head,Kylie Minogue,Happy
0.6,0.822,125.04,0.951,0.106,0.0,Temperature,Sean Paul,Happy
0.726,0.529,121.981,0.503,0.0159,7.98e-05,Latch,"Disclosure, Sam Smith",Happy
0.736,0.613,127.999,0.579,0.31,0.0,Waiting For Love,Avicii,Happy
0.777,0.575,130.003,0.73,0.105,0.000486,On The Floor,"Jennifer Lopez, Pitbull",Happy
0.783,0.813,105.39,0.554,0.416,1.54e-06,9 to 5,Dolly Parton,Happy
0.551,0.969,92.887,0.911,0.133,4.35e-05,Family Affair,Mary J. Blige,Happy
0.8,0.942,160.078,0.647,0.0647,0.0,Shake It Off,Taylor Swift,Happy
0.64,0.499,99.017,0.779,0.000155,0.000766,Pon de Replay,Rihanna,Energetic
0.808,0.869,126.041,0.72,0.00793,0.0293,Lady - Hear Me Tonight,Modjo,Happy
0.625,0.858,93.764,0.798,0.00547,7.98e-05,All That She Wants,Ace of Base,Happy
0.86,0.437,127.075,0.608,0.0991,0.0,Wild Ones (feat. Sia),"Flo Rida, Sia",Energetic
0.811,0.862,116.047,0.794,0.0426,1.07e-06,Get Lucky (Radio Edit) [feat. Pharrell Williams and Nile Rodgers],"Daft Punk, Pharrell Williams, Nile Rodgers",Happy
0.889,0.464,126.04,0.584,0.0462,0.828,Levels - Radio Edit,Avicii,Energetic
0.654,0.847,117.046,0.92,0.0236,0.0153,Billie Jean,Michael Jackson,Happy
0.758,0.542,135.956,0.673,0.039,0.0,Feel This Moment (feat. Christina Aguilera),"Pitbull, Christina Aguilera",Happy
0.716,0.901,94.379,0.535,0.326,0.0,I Love Rock 'N Roll,Joan Jett & the Blackhearts,Happy
0.77,0.681,99.165,0.646,0.00249,0.0,Crazy In Love (feat. Jay-Z),"Beyoncé, JAY-Z",Happy
0.927,0.465,123.962,0.631,0.199,0.119,This Is What You Came For,"Calvin Harris, Rihanna",Energetic
0.922,0.847,146.078,0.641,0.0291,0.0,Can't Hold Us (feat. Ray Dalton),"Macklemore, Ryan Lewis, Macklemore & Ryan Lewis, Ray Dalton",Happy
0.716,0.751,125.006,0.747,0.135,0.0,Starships,Nicki Minaj,Happy
0.646,0.67,88.634,0.867,0.303,0.0,No Diggity,"Blackstreet, Dr. Dre, Queen Pen",Happy
0.87,0.944,109.901,0.597,0.0119,0.166,Walking On Sunshine,Katrina & The Waves,Happy
0.869,0.473,127.966,0.616,0.0283,0.0,Club Can't Handle Me (feat. David Guetta),"Flo Rida, David Guetta",Energetic
0.855,0.648,120.05,0.67,0.0124,0.0,International Love (feat. Chris Brown),"Pitbull, Chris Brown",Happy
0.748,0.827,137.547,0.749,0.295,0.000443,Mamma Mia,ABBA,Happy
0.738,0.958,117.656,0.731,0.184,0.0,Don't You Want Me,The Human League,Happy
0.83,0.702,113.03,0.666,0.0123,0.0,"CAN'T STOP THE FEELING! (from DreamWorks Animation's ""TROLLS"")",Justin Timberlake,Happy
0.756,0.963,131.715,0.802,0.0843,0.00765,Boogie Wonderland,"Earth, Wind & Fire, The Emotions",Happy
0.915,0.51,126.094,0.544,0.129,0.000914,Under Control (feat. Hurts),"Calvin Harris, Alesso, Hurts",Happy
0.86,0.656,93.989,0.737,0.11,1.94e-06,Con Calma,"Daddy Yankee, Snow",Happy
0.851,0.452,126.885,0.722,0.0319,0.0,Glad You Came,The Wanted,Energetic
0.809,0.274,98.007,0.723,0.00346,0.00123,Lean On (feat. MØ & DJ Snake),"Major Lazer, MØ, DJ Snake",Energetic
0.89,0.684,128.011,0.706,0.0588,0.00286,Good Feeling,Flo Rida,Happy
0.593,0.72,119.958,0.79,0.0983,0.00202,Alors on danse - Radio Edit,Stromae,Happy
0.766,0.6,127.975,0.735,0.025,0.00141,We Found Love,"Rihanna, Calvin Harris",Happy
0.835,0.795,129.981,0.572,0.171,0.000377,Jump - 2015 Remaster,Van Halen,Happy
0.872,0.682,126.05,0.56,0.0239,6.98e-06,Good Time,"Owl City, Carly Rae Jepsen",Happy
0.751,0.195,91.031,0.706,0.173,0.0,Replay,Iyaz,Energetic
0.702,0.29,129.948,0.686,0.00637,4.46e-05,Break Free,"Ariana Grande, Zedd",Energetic
0.861,0.636,128.99,0.704,0.587,0.0615,"Freed From Desire - prod. Molella, Phil Jay","Gala, Molella, Phil Jay",Happy
0.655,0.392,122.49,0.572,0.00579,3.41e-06,Flashdance...What a Feeling - Radio Edit,Irene Cara,Energetic
0.7,0.724,101.875,0.85,0.0607,1.66e-06,Ride Wit Me,"Nelly, City Spud",Happy
0.807,0.892,174.06,0.622,0.103,0.0,Mambo No. 5 (a Little Bit of...),Lou Bega,Happy
0.697,0.476,122.746,0.613,0.0194,0.0,One More Time,Daft Punk,Energetic
0.648,0.9,125.035,0.869,0.121,2.17e-05,Let's Groove,"Earth, Wind & Fire",Happy
0.843,0.188,117.662,0.529,0.0628,0.000827,The Final Countdown,Europe,Energetic
0.832,0.871,107.657,0.794,0.237,1.14e-05,"Whenever, Wherever",Shakira,Happy
0.954,0.312,128.016,0.627,0.0015,0.000814,Destination Calabria - Radio Edit,"Alex Gaudino, Crystal Waters",Energetic
0.853,0.605,108.016,0.731,0.0352,0.0,Everybody (Backstreet's Back) - Radio Edit,Backstreet Boys,Happy
0.842,0.26,111.038,0.625,0.264,2.12e-05,Like a Prayer,Madonna,Energetic
0.842,0.861,132.032,0.706,7.73e-05,0.0,Hot N Cold,Katy Perry,Happy
0.928,0.879,172.656,0.614,0.0408,0.00104,Bye Bye Bye,*NSYNC,Happy
0.741,0.911,107.075,0.956,0.204,0.0,Hot In Herre,Nelly,Happy
0.675,0.924,107.064,0.684,0.163,0.0,Take A Chance On Me,ABBA,Happy
0.879,0.962,129.991,0.812,0.017,0.224,Barbie Girl,Aqua,Happy
0.711,0.815,110.621,0.975,0.168,0.000552,Give It To Me,"Timbaland, Justin Timberlake, Nelly Furtado",Happy
0.772,0.919,128.168,0.766,0.403,0.0584,Just Can't Get Enough,Depeche Mode,Happy
0.535,0.641,103.644,0.707,0.113,0.00615,Stayin' Alive,Bee Gees,Happy
0.833,0.612,95.487,0.715,0.00631,0.0,Return of the Mack,Mark Morrison,Happy
0.821,0.947,118.881,0.878,0.126,0.0461,Don't Stop 'Til You Get Enough,Michael Jackson,Happy
0.862,0.469,128.036,0.498,0.000313,0.00918,Infinity 2008 - Klaas Vocal Edit,"Guru Josh Project, Klaas",Energetic
0.857,0.432,119.975,0.56,0.0594,0.0,King,Olly Alexander (Years & Years),Energetic
0.495,0.967,104.409,0.737,0.0588,9.12e-06,"December, 1963 (Oh What a Night!)",Frankie Valli & The Four Seasons,Neutral
0.699,0.733,122.987,0.811,0.0726,1.38e-06,Don't Worry (with Ray Dalton) - Radio Edit,"Madcon, Ray Dalton",Happy
0.954,0.933,178.043,0.425,0.00414,0.0,Livin' la Vida Loca,Ricky Martin,Happy
0.599,0.843,119.993,0.853,0.00334,7.93e-06,Blurred Lines,"Robin Thicke, T.I., Pharrell Williams",Happy
0.931,0.767,113.026,0.753,0.00994,0.00696,4 Minutes (feat. Justin Timberlake & Timbaland),"Madonna, Justin Timberlake, Timbaland",Happy
0.837,0.447,126.342,0.597,0.00427,0.00115,Call on Me - Radio Mix,Eric Prydz,Energetic
0.713,0.97,115.443,0.784,0.447,0.14,Best of My Love,The Emotions,Happy
0.985,0.72,127.99,0.801,0.0205,6.86e-06,Get Up (Rattle) [feat. Far East Movement] - Vocal Edit,"Bingo Players, Far East Movement",Happy
0.271,0.742,111.485,0.898,0.0135,0.00138,Kiss,Prince,Neutral
0.876,0.552,129.884,0.666,0.055,0.0,Where Them Girls At (feat. Nicki Minaj & Flo Rida),"David Guetta, Flo Rida, Nicki Minaj",Happy
0.76,0.696,129.996,0.702,0.00226,0.0,I Kissed A Girl,Katy Perry,Happy
0.81,0.11,126.052,0.572,0.0157,6.53e-06,Summertime Sadness (Lana Del Rey Vs. Cedric Gervais) - Cedric Gervais Remix,"Lana Del Rey, Cedric Gervais",Energetic
0.781,0.814,119.977,0.751,0.0039,0.0,Dynamite,Taio Cruz,Happy
0.952,0.584,122.093,0.398,0.000373,7.75e-05,Born in the U.S.A.,Bruce Springsteen,Happy
0.534,0.89,108.17,0.877,0.0339,1.67e-05,Miami,Will Smith,Happy
0.838,0.965,100.021,0.832,0.0791,0.0,Coco Jamboo,Mr. President,Happy
0.868,0.808,131.468,0.704,0.0834,0.0,Born to Be Alive - The Original,Patrick Hernandez,Happy
0.662,0.359,124.149,0.729,0.00128,0.208,Music Sounds Better With You - Radio Edit,"Stardust, Benjamin Diamond, Alan Braxe, Thomas Bangalter",Energetic
0.937,0.749,132.067,0.727,0.00417,0.0,Gangnam Style (강남스타일),PSY,Happy
0.736,0.355,130.011,0.75,0.0202,0.0,Party Rock Anthem,"LMFAO, Lauren Bennett, GoonRock",Energetic
0.859,0.52,124.948,0.733,0.479,0.0645,All Around The World (La La La),"R3HAB, A Touch Of Class",Happy
0.786,0.899,96.987,0.808,0.00928,0.0701,The Sign,Ace of Base,Happy
0.63,0.548,120.016,0.875,0.00546,2.47e-06,Don't Cha,"The Pussycat Dolls, Busta Rhymes",Happy
0.517,0.862,133.149,0.867,0.00449,0.000343,U Can't Touch This,MC Hammer,Happy
0.907,0.961,140.982,0.518,0.00221,1.15e-05,Love Really Hurts Without You,Billy Ocean,Happy
0.936,0.598,131.986,0.729,0.0129,0.000892,Cotton Eye Joe,Rednex,Happy
0.828,0.493,123.907,0.587,0.00327,0.0,Born This Way,Lady Gaga,Energetic
0.763,0.742,101.965,0.72,0.406,0.0,Rockabye (feat. Sean Paul & Anne-Marie),"Clean Bandit, Sean Paul, Anne-Marie",Happy
0.748,0.356,125.896,0.503,0.0305,0.0,Heroes (we could be),"Alesso, Tove Lo",Energetic
0.573,0.716,107.363,0.684,0.318,0.028,Tarzan Boy,Baltimora,Happy
0.805,0.799,127.808,0.69,0.000232,0.739,The Rhythm of the Night,Corona,Happy
0.732,0.277,146.005,0.583,0.00315,9.57e-06,Never Forget You,"Zara Larsson, MNEK",Energetic
0.792,0.583,116.012,0.979,0.0025,7.71e-06,Ice Ice Baby,Vanilla Ice,Happy
0.556,0.156,138.978,0.531,0.407,0.00915,Beanie,Chezile,Energetic
0.663,0.6,146.053,0.634,0.433,0.124,the perfect pair,beabadoobee,Happy
0.394,0.399,96.192,0.421,0.863,4.74e-06,Nothing's New,Rio Romeo,Sad
0.546,0.868,104.996,0.742,0.172,0.38,Bags,Clairo,Happy
0.486,0.792,163.9,0.687,0.587,0.126,Tip Toe,HYBS,Neutral
0.529,0.521,75.515,0.551,0.296,0.0093,For the First Time,Mac DeMarco,Happy
0.0867,0.349,129.989,0.696,0.988,0.922,Better,sign crushes motorist,Sad
0.351,0.451,87.057,0.665,0.516,0.819,Ghostride,Crumb,Sad
0.585,0.584,102.331,0.75,0.049,0.00552,4EVER,Clairo,Happy
0.286,0.302,71.123,0.587,0.185,0.0288,In A Good Way,Faye Webster,Sad
0.382,0.343,155.901,0.541,0.0215,0.000836,i wanna be your girlfriend,girl in red,Sad
0.864,0.4,105.143,0.556,0.00958,0.0,In the End,Linkin Park,Energetic
0.872,0.806,184.115,0.466,0.0156,0.0,The Emptiness Machine,Linkin Park,Happy
0.62,0.934,117.038,0.741,0.0295,0.000809,Too Sweet,Hozier,Happy
0.568,0.516,107.849,0.614,0.00797,0.0,Like a Stone,Audioslave,Happy
0.532,0.405,85.03,0.548,0.186,0.000263,Do I Wanna Know?,Arctic Monkeys,Energetic
0.767,0.328,96.483,0.592,0.0021,0.00165,Californication,Red Hot Chili Peppers,Energetic
0.715,0.497,155.925,0.315,0.00125,7.97e-06,Iris,The Goo Goo Dolls,Energetic
0.713,0.566,74.989,0.645,0.00835,0.0,Ride,Twenty One Pilots,Happy
0.795,0.513,123.229,0.458,0.00316,0.000202,Otherside,Red Hot Chili Peppers,Happy
0.935,0.287,120.092,0.627,0.0092,0.0,What I've Done,Linkin Park,Energetic
0.87,0.284,164.057,0.28,0.000686,0.00608,Decode,Paramore,Energetic
0.865,0.587,100.016,0.58,0.105,0.0,Breaking the Habit,Linkin Park,Happy
0.941,0.124,119.783,0.502,0.000346,0.319,Maps,Yeah Yeah Yeahs,Energetic
0.972,0.585,110.006,0.585,0.0143,0.0,BURN IT DOWN,Linkin Park,Happy
0.881,0.364,158.066,0.413,5.99e-05,0.000308,Everlong,Foo Fighters,Energetic
0.808,0.38,117.971,0.493,0.000235,0.0,New Divide,Linkin Park,Energetic
0.742,0.416,159.779,0.268,0.0518,0.0,21 Guns,Green Day,Energetic
0.839,0.416,94.015,0.517,0.0014,0.000365,Everybody's Changing,Keane,Energetic
0.637,0.18,80.401,0.514,0.213,2.27e-06,Leave Out All The Rest,Linkin Park,Energetic
0.796,0.33,169.835,0.289,0.00837,2.61e-05,I Don't Love You,My Chemical Romance,Energetic
0.717,0.547,88.969,0.595,0.0779,0.00274,Scar Tissue,Red Hot Chili Peppers,Happy
0.442,0.243,81.201,0.513,0.00731,0.000838,Where Is My Mind?,Pixies,Sad
0.911,0.685,108.0,0.615,0.0686,0.00188,CASTLE OF GLASS,Linkin Park,Happy
0.938,0.875,91.455,0.618,0.0179,0.0,Can't Stop,Red Hot Chili Peppers,Happy
0.684,0.2,77.15,0.36,0.323,0.0,Black,Pearl Jam,Energetic
0.901,0.744,113.967,0.621,0.17,0.0,You Get What You Give,New Radicals,Happy
0.595,0.237,129.786,0.519,0.00151,0.0,THE LONELIEST,Måneskin,Energetic
0.849,0.917,156.036,0.636,0.0438,0.0,Ain't No Rest for the Wicked,Cage The Elephant,Happy
0.9,0.599,104.655,0.427,0.116,1.75e-05,Snow (Hey Oh),Red Hot Chili Peppers,Happy
0.921,0.782,120.0,0.668,0.0492,0.00517,Supermassive Black Hole,Muse,Happy
0.944,0.265,105.338,0.394,0.00178,4.54e-06,Even Flow,Pearl Jam,Energetic
0.652,0.1,173.008,0.274,0.00768,6.42e-05,My Demons,STARSET,Energetic
0.905,0.411,128.019,0.602,0.000202,0.064,Uprising,Muse,Energetic
0.715,0.173,137.028,0.276,0.00552,0.000417,Use Somebody,Kings of Leon,Energetic
0.913,0.73,96.184,0.556,0.0193,8.59e-06,Dani California,Red Hot Chili Peppers,Happy
0.839,0.465,143.969,0.572,0.013,0.00976,"Sex, Drugs, Etc.",Beach Weather,Energetic
0.588,0.193,144.636,0.424,0.0553,4.95e-06,In My Place,Coldplay,Energetic
0.939,0.861,106.031,0.644,0.157,0.0,Paralyzer,Finger Eleven,Happy
0.486,0.243,119.955,0.556,0.0371,1.45e-06,Last Night on Earth,Green Day,Sad
0.842,0.586,100.127,0.297,0.000286,9.1e-06,Would? (2022 Remaster),Alice In Chains,Happy
0.796,0.75,105.991,0.6,0.000109,5.2e-05,In the Shadows,The Rasmus,Happy
0.663,0.527,104.561,0.277,0.000409,0.00051,Take Me Out,Franz Ferdinand,Happy
0.645,0.588,89.518,0.552,0.00187,1.38e-06,Far Behind,Candlebox,Happy
0.584,0.685,170.411,0.509,0.0368,9.96e-05,No One Knows,Queens of the Stone Age,Happy
0.94,0.48,151.417,0.437,0.0524,0.000573,Just Like Heaven,The Cure,Energetic
0.97,0.198,122.444,0.451,0.0264,0.00355,By the Way,Red Hot Chili Peppers,Energetic
0.945,0.323,91.906,0.51,0.000658,4.8e-06,Two Faced,Linkin Park,Energetic
0.862,0.361,98.021,0.511,0.0656,1.86e-06,Starburster,Fontaines D.C.,Energetic
0.812,0.419,82.002,0.417,0.0154,2.11e-05,Beaches,beabadoobee,Energetic
0.872,0.806,184.115,0.466,0.0156,0.0,The Emptiness Machine,Linkin Park,Happy
0.866,0.227,109.825,0.308,0.000739,0.00141,Fear of the Dark - 2015 Remaster,Iron Maiden,Energetic
0.964,0.448,140.817,0.445,0.037,0.0132,Seek & Destroy - Remastered,Metallica,Energetic
0.908,0.437,114.816,0.415,0.00437,0.0345,Cowboys from Hell,Pantera,Energetic
0.836,0.56,105.173,0.543,0.000647,0.431,Master Of Puppets,Metallica,Happy
0.908,0.669,159.756,0.285,0.0318,0.00909,The Trooper - 2015 Remaster,Iron Maiden,Happy
0.704,0.703,118.242,0.43,0.000155,0.00221,Walk,Pantera,Happy
0.934,0.287,127.066,0.417,0.000278,0.0015,Chop Suey!,System Of A Down,Energetic
0.891,0.226,92.049,0.283,0.00678,0.0038,Blind,Korn,Energetic
0.695,0.413,102.178,0.437,0.00111,0.0857,One,Metallica,Energetic
0.763,0.342,148.366,0.365,0.00726,0.000457,Mother,Danzig,Energetic
0.908,0.437,114.816,0.415,0.00437,0.0345,Cowboys from Hell,Pantera,Energetic
0.982,0.194,143.772,0.354,0.000237,0.000294,Duality,Slipknot,Energetic
0.828,0.604,123.257,0.577,0.00213,0.0114,Enter Sandman,Metallica,Happy
0.916,0.683,118.004,0.58,0.000297,0.0259,Hail to the King,Avenged Sevenfold,Happy
0.898,0.525,103.299,0.353,2.23e-05,0.105,Freak On a Leash,Korn,Happy
0.963,0.586,125.033,0.59,8.75e-05,0.000105,Dragula,Rob Zombie,Happy
0.949,0.233,129.984,0.554,0.000318,9.98e-05,Nightmare,Avenged Sevenfold,Energetic
0.781,0.372,71.841,0.443,1.33e-05,0.205,My Own Summer (Shove It),Deftones,Energetic
0.714,0.191,107.441,0.567,0.0012,0.417,Schism,TOOL,Energetic
0.776,0.427,77.987,0.585,0.0572,7.74e-06,Complicated,Avril Lavigne,Energetic
0.954,0.458,143.85,0.465,0.000346,5.38e-06,Dirty Little Secret,The All-American Rejects,Energetic
0.849,0.903,162.152,0.643,0.0371,0.0,The Middle,Jimmy Eat World,Happy
0.691,0.552,100.008,0.718,0.0159,0.0,Gives You Hell,The All-American Rejects,Happy
0.887,0.903,119.974,0.606,0.000242,0.0,1985,Bowling For Soup,Happy
0.75,0.927,118.015,0.774,0.00207,1.78e-05,Stacy's Mom,Fountains Of Wayne,Happy
0.906,0.731,172.977,0.517,0.00272,9.26e-06,Misery Business,Paramore,Happy
0.883,0.328,93.41,0.45,0.00193,0.0,Call Me When You're Sober,Evanescence,Energetic
0.9,0.484,149.937,0.487,6.79e-05,0.0,Sk8er Boi,Avril Lavigne,Energetic
0.406,0.208,151.95,0.457,0.08,0.0,I'm with You,Avril Lavigne,Sad
0.936,0.74,170.229,0.414,0.00136,0.0,My Happy Ending,Avril Lavigne,Happy
0.939,0.893,177.751,0.494,0.00666,0.0,The Anthem,Good Charlotte,Happy
0.893,0.673,104.031,0.61,0.154,4.41e-05,Ain't It Fun,Paramore,Happy
0.923,0.765,136.01,0.602,0.0098,0.0,Still into You,Paramore,Happy
0.83,0.609,170.094,0.569,0.0807,0.0,I Write Sins Not Tragedies,Panic! At The Disco,Happy
0.897,0.685,148.708,0.434,0.0103,0.0,All The Small Things,blink-182,Happy
0.814,0.146,104.98,0.546,0.023,0.0,Wake Me up When September Ends,Green Day,Energetic
0.943,0.296,94.612,0.331,0.00721,2.06e-06,Bring Me To Life,Evanescence,Energetic
0.926,0.877,149.976,0.578,0.00472,0.0127,What the Hell,Avril Lavigne,Happy
0.781,0.584,110.024,0.655,0.00103,5.33e-06,I Miss You,blink-182,Happy
0.682,0.474,167.06,0.496,0.00552,2.94e-05,Boulevard of Broken Dreams,Green Day,Energetic
0.988,0.769,186.113,0.38,2.64e-05,7.86e-05,American Idiot,Green Day,Happy
0.823,0.741,87.904,0.693,0.0932,0.0,Beverly Hills,Weezer,Happy
0.563,0.209,137.715,0.452,0.144,0.0,The Only Exception,Paramore,Energetic
0.744,0.277,119.921,0.628,0.0257,0.0,I Think I'm OKAY (with YUNGBLUD & Travis Barker),"mgk, YUNGBLUD, Travis Barker",Energetic
0.946,0.741,103.408,0.494,0.00129,0.0,My Own Worst Enemy,Lit,Happy
0.904,0.786,173.734,0.486,3.43e-05,2.83e-05,Ocean Avenue,Yellowcard,Happy
0.932,0.464,92.956,0.545,0.000665,0.0,Face Down,The Red Jumpsuit Apparatus,Energetic
0.873,0.686,143.519,0.308,0.00022,0.000729,Miss Murder,AFI,Happy
0.892,0.59,154.844,0.46,0.0051,0.0,Thnks fr th Mmrs,Fall Out Boy,Happy
0.857,0.856,111.647,0.463,0.0506,0.0,Teenagers,My Chemical Romance,Happy
0.914,0.626,196.482,0.403,0.000579,0.0,Fat Lip,Sum 41,Happy
0.951,0.468,157.663,0.391,0.012,0.000446,What's My Age Again?,blink-182,Energetic
0.705,0.772,138.559,0.818,0.00836,0.00233,Feel Good Inc.,Gorillaz,Happy
0.94,0.255,179.722,0.21,0.00602,0.0,I'm Not Okay (I Promise),My Chemical Romance,Energetic
0.87,0.284,164.057,0.28,0.000686,0.00608,Decode,Paramore,Energetic
0.818,0.916,119.965,0.695,0.00647,4.87e-06,Hard Times,Paramore,Happy
0.96,0.0857,125.921,0.356,0.0142,0.0,Helena,My Chemical Romance,Energetic
0.883,0.309,122.252,0.467,0.000321,0.000152,Famous Last Words,My Chemical Romance,Energetic
0.986,0.649,165.981,0.411,0.000264,0.00148,Na Na Na (Na Na Na Na Na Na Na Na Na),My Chemical Romance,Happy
0.796,0.33,169.835,0.289,0.00837,2.61e-05,I Don't Love You,My Chemical Romance,Energetic
0.886,0.192,145.781,0.202,0.0286,0.0,The Ghost of You,My Chemical Romance,Energetic
0.928,0.882,95.594,0.579,0.000715,0.0,First Date,blink-182,Happy
0.842,0.574,162.011,0.494,0.00579,0.0,"Sugar, We're Goin Down",Fall Out Boy,Happy
0.961,0.449,114.451,0.621,0.00523,0.0,"Dance, Dance",Fall Out Boy,Energetic
0.959,0.83,193.144,0.409,0.000324,0.0,The Rock Show,blink-182,Happy
0.827,0.45,167.086,0.29,0.000659,2.55e-06,Holiday / Boulevard of Broken Dreams,Green Day,Energetic
0.775,0.383,136.02,0.52,0.034,0.0,Adam's Song,blink-182,Energetic
0.965,0.431,112.363,0.403,3.81e-05,0.000276,King For A Day,"Pierce The Veil, Kellin Quinn",Energetic
0.925,0.338,159.989,0.472,0.000394,0.000528,Bulls In The Bronx,Pierce The Veil,Energetic
0.422,0.487,112.751,0.756,0.0165,0.00183,Sacrifice,Elton John,Sad
0.214,0.11,67.531,0.332,0.845,5.62e-06,I Will Always Love You,Whitney Houston,Sad
0.498,0.111,116.262,0.581,0.198,0.0,Against All Odds (Take a Look at Me Now) - 2016 Remaster,Phil Collins,Sad
0.428,0.53,149.705,0.641,0.0666,0.0,End Of The Road,Boyz II Men,Neutral
0.519,0.247,140.054,0.546,0.36,0.00046,The Power of Love,Céline Dion,Energetic
0.652,0.722,80.61,0.52,0.339,6.14e-05,"It Must Have Been Love - From the Film ""Pretty Woman""",Roxette,Happy
0.402,0.258,119.873,0.651,0.639,7.73e-05,You Are Not Alone,Michael Jackson,Sad
0.317,0.247,131.783,0.509,0.621,5.28e-05,Stuck On You,Lionel Richie,Sad
0.381,0.33,121.948,0.476,0.727,0.0,Killing Me Softly With His Song,Roberta Flack,Sad
0.264,0.264,99.304,0.636,0.593,4.22e-05,Saving All My Love for You,Whitney Houston,Sad
0.249,0.213,82.803,0.418,0.841,0.661,Only Time,Enya,Sad
0.74,0.501,118.01,0.593,0.364,2.14e-05,Apologize,OneRepublic,Happy
0.64,0.452,101.991,0.691,0.0247,5.24e-06,I'm Alive,Céline Dion,Energetic
0.533,0.224,131.745,0.584,0.684,0.0,Kiss from a Rose,Seal,Energetic
0.65,0.668,129.993,0.727,0.662,0.0,Mad,Ne-Yo,Happy
0.588,0.617,94.519,0.686,0.178,0.0,Let Me Love You,Mario,Happy
0.72,0.472,79.983,0.508,0.272,0.0,Halo,Beyoncé,Energetic
0.612,0.57,86.768,0.536,0.119,0.0,Yo (Excuse Me Miss),Chris Brown,Happy
0.438,0.287,87.903,0.384,0.753,0.0,It's All Coming Back to Me Now,Céline Dion,Sad
0.467,0.177,119.919,0.615,0.314,0.0,"Because You Loved Me (Theme from ""Up Close and Personal"")",Céline Dion,Sad
0.825,0.268,94.931,0.56,0.323,0.0,A Thousand Miles,Vanessa Carlton,Energetic
0.602,0.744,94.382,0.805,0.119,0.000122,Sexual Healing,Marvin Gaye,Happy
0.512,0.193,128.019,0.634,0.114,3.91e-06,All My Life,K-Ci & JoJo,Energetic
0.479,0.454,81.998,0.675,0.633,1.76e-05,You're Beautiful,James Blunt,Sad
0.678,0.734,138.009,0.713,0.273,0.0,Say My Name,Destiny's Child,Happy
0.859,0.535,65.043,0.728,0.0401,0.0,Baby,"Justin Bieber, Ludacris",Happy
0.629,0.726,93.985,0.657,0.194,0.0,U Remind Me,USHER,Happy
0.467,0.702,138.007,0.845,0.0586,0.0,Confessions Part II,USHER,Neutral
0.621,0.399,140.036,0.583,0.00972,0.00106,Drunk in Love (feat. Jay-Z),"Beyoncé, JAY-Z",Energetic
0.68,0.728,132.012,0.727,0.0101,0.0,Down,"Jay Sean, Lil Wayne",Happy
0.925,0.641,86.989,0.749,0.241,0.0,Love The Way You Lie,"Eminem, Rihanna",Happy
0.73,0.731,93.867,0.637,0.322,0.0,Hate That I Love You,"Rihanna, Ne-Yo",Happy
0.932,0.33,129.473,0.522,0.119,0.0,No Love,"Eminem, Lil Wayne",Energetic
0.622,0.401,74.267,0.328,0.858,0.0,Mirror,"Lil Wayne, Bruno Mars",Energetic
0.422,0.468,74.375,0.692,0.0811,0.0,Baby Can I Hold You,Tracy Chapman,Sad
0.549,0.167,90.04,0.644,0.0209,8.85e-06,No One,Alicia Keys,Energetic
0.479,0.708,184.374,0.656,0.0665,0.00272,So Into You,Tamia,Neutral
0.768,0.507,80.063,0.78,0.0371,2.34e-06,Stan,"Eminem, Dido",Happy
0.656,0.225,104.036,0.638,0.188,0.0,Bleeding Love,Leona Lewis,Energetic
0.476,0.767,139.987,0.84,0.0264,0.0,We Belong Together,Mariah Carey,Neutral
0.614,0.345,136.628,0.553,0.764,0.0,Nothing's Gonna Change My Love for You,George Benson,Energetic
0.596,0.754,93.135,0.569,0.452,7.92e-05,When I See U,Fantasia,Happy
0.565,0.365,101.967,0.78,0.736,0.00269,Another Day in Paradise - 2016 Remaster,Phil Collins,Energetic
0.306,0.605,118.068,0.65,0.57,7.07e-06,Stand By Me,Ben E. King,Neutral
0.661,0.769,130.009,0.762,0.15,0.0,Beautiful Girls,Sean Kingston,Happy
0.606,0.886,97.785,0.596,0.181,0.000327,Sweet Home Alabama,Lynyrd Skynyrd,Happy
0.834,0.337,118.222,0.249,0.0742,9.69e-05,Free Bird,Lynyrd Skynyrd,Energetic
0.752,0.404,120.47,0.422,0.0366,0.000119,Simple Man,Lynyrd Skynyrd,Energetic
0.247,0.258,140.232,0.467,0.906,0.0157,S P E Y S I D E,Bon Iver,Sad
0.5,0.801,117.896,0.664,0.799,0.0,Stick Season,Noah Kahan,Neutral
0.638,0.178,144.458,0.486,0.000921,0.0,Silver Lining,Mt. Joy,Energetic
0.122,0.0735,148.658,0.264,0.885,0.349,To Build A Home,"The Cinematic Orchestra, Patrick Watson",Sad
0.485,0.547,95.968,0.753,0.345,0.00104,My Home,Myles Smith,Neutral
0.561,0.231,115.011,0.598,0.611,0.0417,Stubborn Love,The Lumineers,Energetic
0.324,0.388,141.8,0.733,0.479,0.0,Thinking 'Bout Love,Wild Rivers,Sad
0.22,0.197,129.9,0.702,0.698,0.0,i am not who i was,Chance Peña,Sad
0.467,0.377,157.338,0.413,0.732,0.0111,THINGS BEHIND THINGS BEHIND THINGS,Bon Iver,Sad
0.378,0.207,120.133,0.662,0.475,6.84e-06,Orange Juice,Noah Kahan,Sad
0.216,0.504,79.109,0.555,0.557,0.00416,Evergreen,Richy Mitch & The Coal Miners,Neutral
0.291,0.51,83.943,0.388,0.774,1.93e-05,anything,Adrianne Lenker,Neutral
0.363,0.259,121.412,0.531,0.749,0.0,Work Song,Hozier,Sad
0.187,0.212,132.679,0.303,0.989,0.499,Je te laisserai des mots,Patrick Watson,Sad
0.551,0.443,148.035,0.527,0.384,2.75e-06,Scared To Start,Michael Marcagi,Energetic
0.186,0.468,110.044,0.6,0.909,0.00102,Big Black Car,Gregory Alan Isakov,Sad
0.439,0.365,122.877,0.586,0.715,0.0,Solo,Myles Smith,Sad
0.417,0.649,87.003,0.654,0.446,0.0,Turn out fine,Henrik,Neutral
0.731,0.484,101.654,0.483,0.436,0.0,Riptide,Vance Joy,Energetic
0.731,0.376,94.009,0.656,0.575,0.00111,Good To Be,Mark Ambor,Energetic
0.624,0.413,170.076,0.505,0.0253,1.06e-05,Homesick,Noah Kahan,Energetic
0.452,0.102,108.953,0.413,0.588,0.0413,The Mountain Is You,Chance Peña,Sad
0.864,0.706,99.995,0.637,0.484,0.0,Saturday Sun,Vance Joy,Happy
0.413,0.273,94.938,0.494,0.682,6.72e-05,Sailor Song,Gigi Perez,Sad
0.331,0.559,95.015,0.611,0.93,0.000276,Down by the Water,Ocie Elliott,Neutral
0.312,0.789,128.094,0.681,0.816,0.000619,Walkin’ Back to Georgia,Jim Croce,Neutral
0.316,0.452,127.823,0.625,0.777,0.238,The Devil Wears a Suit and Tie,Colter Wall,Sad
0.399,0.832,171.402,0.537,0.202,0.0546,Heart of Gold,Neil Young,Neutral
0.533,0.814,130.398,0.687,0.573,6.43e-05,Operator (That's Not the Way It Feels),Jim Croce,Happy
0.507,0.831,123.188,0.653,0.687,0.0147,A Horse with No Name,"America, George Martin",Happy
0.331,0.559,95.015,0.611,0.93,0.000276,Down by the Water,Ocie Elliott,Neutral
0.309,0.473,82.789,0.583,0.824,0.207,Sleeping on the Blacktop,Colter Wall,Sad
0.748,0.829,119.965,0.868,0.29,3.93e-06,White Brown Black,"Avvy Sra, Karan Aujla, Jaani",Happy
0.611,0.417,100.024,0.854,0.223,0.0,Brown Munde,"AP Dhillon, Gminxr, Gurinder Gill, Shinda Kahlon",Energetic
0.128,0.124,109.986,0.522,0.894,0.026,Can We Kiss Forever?,"Kina, Adriana Proenza",Sad
0.235,0.0895,118.917,0.498,0.72,0.0,Get You The Moon (feat. Snøw),"Kina, Snøw",Sad
0.00362,0.0885,69.677,0.235,0.995,0.79,Behind Every Decision,Yehezkel Raz,Sad
0.618,0.32,126.031,0.853,0.633,0.89,Black Friday (pretty like the sun),"Lost Frequencies, Tom Odell",Energetic
0.518,0.37,126.089,0.875,0.0638,0.00995,Stumblin' In,CYRIL,Energetic
0.791,0.585,122.085,0.571,0.0494,0.0,For Life (feat. Nile Rodgers),"Kygo, Zak Abel, Nile Rodgers",Happy
0.717,0.466,121.985,0.793,0.0927,3.6e-05,This Girl (Kungs Vs. Cookin' On 3 Burners),"Kungs, Cookin' On 3 Burners",Energetic
0.942,0.038,120.0,0.762,0.586,0.764,Hold Me,Lavern,Energetic
0.777,0.589,108.005,0.58,0.104,0.0,Whatever,"Kygo, Ava Max",Happy
0.836,0.288,113.998,0.729,0.156,3.27e-05,Riptide,TWOPILOTS,Energetic
0.518,0.37,126.089,0.875,0.0638,0.00995,Stumblin' In,CYRIL,Energetic
0.787,0.31,119.996,0.704,0.00926,0.00538,I Adore You (feat. Daecolm),"HUGEL, Topic, Arash, Daecolm",Energetic
0.618,0.32,126.031,0.853,0.633,0.89,Black Friday (pretty like the sun),"Lost Frequencies, Tom Odell",Energetic
0.856,0.743,127.949,0.596,0.0211,0.0178,Summer,Calvin Harris,Happy
0.869,0.726,126.027,0.874,0.00116,0.00238,Give It To Me - Full Vocal Mix,Matt Sassari,Happy
0.729,0.246,127.028,0.88,0.334,0.0113,I Only Smoke When I Drink,nimino,Energetic
0.86,0.618,128.004,0.755,0.0144,7.47e-06,It's Not Right But It's Okay,Mr. Belt & Wezol,Happy
0.813,0.355,125.91,0.513,0.28,0.0,Never Going Home Tonight (feat. Madison Love),"David Guetta, Alesso, Madison Love",Energetic
0.797,0.422,121.985,0.845,0.0582,5.57e-06,Belly Dancer,"Imanbek, BYOR",Energetic
0.777,0.589,108.005,0.58,0.104,0.0,Whatever,"Kygo, Ava Max",Happy
0.818,0.886,125.952,0.687,0.0112,0.0,Deep Down (feat. Never Dull),"Alok, Ella Eyre, Kenny Dope, Never Dull",Happy
0.69,0.692,125.004,0.847,0.0127,6e-05,Ferrari,"James Hype, Miggy Dela Rosa",Happy
0.896,0.403,101.216,0.67,0.0342,3.21e-05,Thunder,"Gabry Ponte, LUM!X, Prezioso",Energetic
0.876,0.964,129.998,0.671,0.12,0.188,(It Goes Like) Nanana - Edit,Peggy Gou,Happy
0.722,0.466,121.964,0.587,0.000754,0.668,Baianá,Bakermat,Energetic
0.886,0.778,120.032,0.655,0.066,0.0,Supernova Love,"IVE, David Guetta",Happy
0.655,0.39,129.89,0.558,0.208,0.0,Forever Young,"David Guetta, Alphaville, Ava Max",Energetic
0.637,0.0509,120.033,0.847,0.201,0.201,Mwaki,"Zerb, Sofiya Nzau",Energetic
0.793,0.411,87.024,0.545,0.191,0.00281,Alibi (feat. Rudimental),"Ella Henderson, Rudimental",Energetic
0.647,0.257,117.737,0.581,0.0778,0.0502,Gatluak - Bakermat Remix,"Kronan, Nyaruach, Bakermat",Energetic
0.785,0.779,123.96,0.621,0.0165,5.92e-06,21 Reasons (feat. Ella Henderson),"Nathan Dawe, Ella Henderson",Happy
0.841,0.865,129.973,0.714,0.0622,0.366,K.O.,"LAVINIA, Ely Oaks",Happy
0.821,0.249,125.051,0.848,0.0169,0.000403,Move Your Body,"Öwnboss, Sevek",Energetic
0.855,0.302,75.031,0.605,0.473,0.000709,Around The World,"Niklas Dee, René Miller",Energetic
0.782,0.502,127.034,0.763,0.182,7.08e-06,Where Did You Go? (feat. MNEK),"Jax Jones, MNEK",Happy
0.821,0.439,140.039,0.777,0.14,0.0042,Good Love,"Hannah Laing, RoRo",Energetic
0.594,0.83,129.995,0.853,0.052,0.134,Never Walk Alone,"BLOND:ISH, Stevie Appleton",Happy
0.867,0.684,124.015,0.747,0.582,0.00413,adore u,"Fred again.., Obongjayar",Happy
0.606,0.314,123.006,0.567,0.0801,0.0,Hold On Me,"Kygo, Sandro Cavazza",Energetic
0.937,0.666,123.993,0.651,0.236,0.0975,Makeba - Ian Asher Remix,"Jain, Ian Asher",Happy
0.888,0.412,123.031,0.671,0.0022,0.0106,Tantalizing,"Tiësto, Soaky Siren",Energetic
0.714,0.409,127.993,0.634,0.00882,0.0025,World Gone Wild (feat. Sam Martin),"Robin Schulz, CYRIL, Sam Martin",Energetic
0.897,0.582,124.025,0.689,0.145,4.6e-06,Whistle (feat. Calum Scott),"Jax Jones, Calum Scott",Happy
0.863,0.805,130.02,0.652,0.0921,0.0,Born To Love Ya,"Gabry Ponte, Sean Paul, NATTI NATASHA",Happy
0.688,0.214,127.938,0.608,0.0554,0.00736,Love Is The Only Thing,Lost Frequencies,Energetic
0.951,0.4,74.973,0.772,0.0634,0.000738,2 Times,"Dimitri Vegas, Steve Aoki, Ann Lee, Sound Of Legend",Energetic
0.88,0.523,130.085,0.588,0.0243,6.89e-05,Deep In Your Love,"Alok, Bebe Rexha",Happy
0.831,0.673,126.056,0.785,0.0038,0.0105,Happier (feat. Clementine Douglas),"The Blessed Madonna, Clementine Douglas",Happy
0.8,0.925,119.984,0.724,0.0103,9.38e-05,Honey Boy (feat. Nile Rodgers & Shenseea),"Purple Disco Machine, Benjamin Ingrosso, Nile Rodgers, Shenseea",Happy
0.392,0.26,75.066,0.599,0.378,0.000107,You & Me - Flume Remix,"Disclosure, Eliza Doolittle, Flume",Sad
0.802,0.343,100.001,0.713,0.0435,0.00377,Roses,"The Chainsmokers, ROZES",Energetic
0.953,0.422,141.99,0.631,0.0241,0.0155,Alone,Marshmello,Energetic
0.942,0.038,120.0,0.762,0.586,0.764,Hold Me,Lavern,Energetic
0.432,0.765,81.109,0.695,0.312,0.0,El Listón De Tu Pelo,Los Ángeles Azules,Neutral
0.483,0.774,90.941,0.738,0.467,0.0,17 Años,Los Ángeles Azules,Neutral
0.538,0.805,80.096,0.72,0.348,0.0,Piensa En Mí,Grupo Mojado,Happy
0.712,0.692,91.98,0.848,0.221,0.0,+57,"KAROL G, Feid, DFZM, Ovy On The Drums, J Balvin, Maluma, Ryan Castro, Blessd",Happy
0.681,0.762,99.998,0.725,0.318,0.0,Gata Only (Remix),"FloyyMenor, Ozuna, Anitta",Happy
0.519,0.804,100.025,0.763,0.22,6.42e-06,PELIGROSA,FloyyMenor,Happy
0.616,0.25,104.008,0.773,0.0565,4.24e-05,SE TE NOTA (feat. Peso Pluma),"Myke Towers, Peso Pluma",Energetic
0.854,0.522,117.994,0.786,0.169,2.39e-05,ADIVINO,"Myke Towers, Bad Bunny",Happy
0.578,0.757,167.985,0.724,0.632,1.06e-06,REINA,"Mora, SAIKO",Happy
0.778,0.345,96.057,0.911,0.0887,2.16e-05,PERRO NEGRO,"Bad Bunny, Feid",Energetic
0.645,0.528,119.935,0.801,0.604,0.0,HIBIKI,"Bad Bunny, Mora",Happy
0.621,0.13,139.056,0.787,0.15,0.000402,MONACO,Bad Bunny,Energetic
0.724,0.396,94.601,0.847,0.0869,1.11e-06,FINA,"Bad Bunny, Young Miko",Energetic
0.795,0.681,94.969,0.845,0.343,1.78e-05,DILUVIO,Rauw Alejandro,Happy
0.738,0.484,169.918,0.841,0.52,0.0,QLONA,"KAROL G, Peso Pluma",Energetic
0.8,0.234,143.978,0.652,0.143,0.629,WHERE SHE GOES,Bad Bunny,Energetic
0.706,0.686,140.017,0.863,0.143,4.43e-05,Coco Chanel,"Eladio Carrion, Bad Bunny",Happy
0.703,0.576,123.06,0.713,0.298,0.0,La Jumpa,"Arcángel, Bad Bunny",Happy
0.712,0.425,92.005,0.911,0.0901,2.68e-05,Me Porto Bonito,"Bad Bunny, Chencho Corleone",Energetic
0.616,0.451,103.071,0.797,0.762,0.000293,Andrea,"Bad Bunny, Buscabulla",Energetic
0.475,0.234,98.047,0.801,0.141,1.73e-05,Efecto,Bad Bunny,Sad
0.715,0.187,106.672,0.65,0.0993,0.000291,Tití Me Preguntó,Bad Bunny,Energetic
0.684,0.419,114.011,0.795,0.0225,0.0,Tarot,"Bad Bunny, JHAYCO",Energetic
0.786,0.579,196.12,0.663,0.229,0.0,La Corriente,"Bad Bunny, Tony Dize",Happy
0.707,0.317,127.963,0.771,0.389,0.0,MEMORIAS,"Mora, JHAYCO",Energetic
0.856,0.872,91.995,0.815,0.4,8.34e-05,Pa' Que Retozen,Tego Calderón,Happy
0.86,0.791,175.896,0.725,0.422,0.000284,Volví,"Aventura, Bad Bunny",Happy
0.688,0.632,153.979,0.659,0.207,0.0,Volando - Remix,"Mora, Bad Bunny, Sech",Happy
0.648,0.44,179.951,0.644,0.276,0.0,Yonaguni,Bad Bunny,Energetic
0.637,0.471,92.025,0.811,0.234,0.000572,TE MUDASTE,Bad Bunny,Energetic
0.618,0.391,81.993,0.856,0.0303,0.0,LA NOCHE DE ANOCHE,"Bad Bunny, ROSALÍA",Energetic
0.759,0.579,91.952,0.78,0.462,0.000868,"Yo x Ti, Tu x Mi","ROSALÍA, Ozuna",Happy
0.573,0.145,109.928,0.731,0.401,5.22e-05,DÁKITI,"Bad Bunny, JHAYCO",Energetic
0.765,0.855,174.021,0.691,0.464,3.29e-06,Hasta Que Dios Diga,"Anuel AA, Bad Bunny",Happy
0.829,0.685,96.172,0.607,0.0103,0.0,Safaera,"Bad Bunny, Jowell & Randy, Ñengo Flow",Happy
0.848,0.761,179.87,0.685,0.0861,7.14e-06,La Difícil,Bad Bunny,Happy
0.791,0.887,92.023,0.86,0.169,0.000106,A Tu Merced,Bad Bunny,Happy
0.603,0.824,129.928,0.9,0.402,4.81e-06,Si Veo a Tu Mamá,Bad Bunny,Happy
0.801,0.81,93.992,0.762,0.2,7.04e-05,La Zona,Bad Bunny,Happy
0.758,0.453,97.014,0.86,0.021,6.54e-05,Yo Perreo Sola,Bad Bunny,Energetic
0.703,0.788,94.004,0.879,0.143,0.0,Fantasias,"Rauw Alejandro, Farruko",Happy
0.596,0.622,165.951,0.819,0.225,1.19e-06,Velitas,"Darell, Brytiago",Happy
0.646,0.429,176.088,0.756,0.152,1.81e-05,LA CANCIÓN,"J Balvin, Bad Bunny",Energetic
0.791,0.933,92.603,0.639,0.0275,0.0,QUE PRETENDES,"J Balvin, Bad Bunny",Happy
0.624,0.244,176.169,0.61,0.6,2.12e-06,Callaita,"Bad Bunny, Tainy",Energetic
0.689,0.746,97.963,0.882,0.39,0.00325,Con Altura,"ROSALÍA, J Balvin, El Guincho",Happy
0.647,0.553,95.982,0.857,0.391,1.2e-06,Verte Ir,"DJ Luian, Mambo Kingz, Anuel AA, Nicky Jam, Darell, Brytiago",Happy
0.86,0.656,93.989,0.737,0.11,1.94e-06,Con Calma,"Daddy Yankee, Snow",Happy
0.836,0.874,96.993,0.746,0.145,0.00291,Mayores,"Becky G, Bad Bunny",Happy
0.673,0.695,87.961,0.818,0.348,0.0,512,"Mora, JHAYCO",Happy
0.711,0.92,173.916,0.718,0.157,5.52e-05,Ay Vamos,J Balvin,Happy
0.701,0.785,175.95,0.73,0.132,0.0,Borro Cassette,Maluma,Happy
0.746,0.733,175.965,0.746,0.152,0.0,6 AM,"J Balvin, Farruko",Happy
0.681,0.676,140.006,0.807,0.423,0.0,Sensualidad,"Bad Bunny, Prince Royce, J Balvin, Mambo Kingz, DJ Luian",Happy
0.69,0.682,106.034,0.799,0.282,0.001,Sigue Bailandome,"Yannc, Darkiel, Eladio Carrion, Brray, Myke Towers",Happy
0.812,0.724,87.864,0.683,0.161,0.000404,No Es Justo,"J Balvin, Zion & Lennox",Happy
0.598,0.543,83.836,0.55,0.132,2.58e-06,Una Vez,"Bad Bunny, Mora",Happy
0.761,0.906,168.022,0.714,0.139,0.00035,Una Locura,"Ozuna, J Balvin, Chencho Corleone",Happy
0.617,0.682,168.021,0.713,0.122,0.0,Bandido,"Myke Towers, Juhn",Happy
0.675,0.961,79.31,0.627,0.125,0.0,UN PESO,"J Balvin, Bad Bunny, Marciano Cantero",Happy
0.706,0.443,88.863,0.635,0.256,0.0,EL MAKINON,"KAROL G, Mariah Angeliq",Energetic
0.766,0.442,130.001,0.762,0.00776,6.98e-05,Pepas,Farruko,Energetic
0.745,0.716,94.979,0.793,0.182,0.000189,ALMAS GEMELAS,Myke Towers,Happy
0.766,0.662,93.956,0.737,0.31,6.63e-06,Bichiyal,"Bad Bunny, Yaviah",Happy
0.703,0.138,169.888,0.639,0.0889,1.78e-06,Lo Siento BB:/ (with Bad Bunny & Julieta Venegas),"Tainy, Bad Bunny, Julieta Venegas",Energetic
0.7,0.899,93.991,0.843,0.0934,0.0,MAMIII,"Becky G, KAROL G",Happy
0.694,0.511,90.02,0.869,0.356,0.00125,Desesperados,"Rauw Alejandro, Chencho Corleone",Happy
0.636,0.575,174.14,0.695,0.234,0.0,Te Felicito,"Shakira, Rauw Alejandro",Happy
0.903,0.607,78.293,0.564,0.356,0.0,Después de la Playa,Bad Bunny,Happy
0.674,0.292,99.968,0.804,0.294,1.18e-06,Moscow Mule,Bad Bunny,Energetic
0.584,0.724,115.018,0.849,0.0929,6.18e-06,Agosto,Bad Bunny,Happy
0.673,0.342,181.891,0.655,0.473,0.0,Hola - Remix,"Dalex, Lenny Tavárez, Chencho Corleone, Juhn, Dímelo Flow",Energetic
0.858,0.342,92.523,0.627,0.263,0.0,GATÚBELA,"KAROL G, Maldy",Energetic
0.694,0.298,95.0,0.703,0.436,5.8e-06,¿Qué Nos Pasó?,Anuel AA,Energetic
0.789,0.464,91.911,0.757,0.307,0.0,LA INOCENTE,"Mora, Feid",Energetic
0.739,0.425,179.879,0.704,0.328,1.93e-05,Sexo Virtual,Rauw Alejandro,Energetic
0.846,0.604,98.026,0.734,0.166,1.74e-06,Nostálgico,"Rvssian, Rauw Alejandro, Chris Brown",Happy
0.662,0.607,93.976,0.892,0.169,1.24e-06,Gato de Noche,"Ñengo Flow, Bad Bunny",Happy
0.479,0.559,169.922,0.812,0.213,1.21e-06,La Bebe - Remix,"Yng Lvcas, Peso Pluma",Neutral
0.892,0.916,97.008,0.791,0.0509,0.000355,QUEMA,"Ryan Castro, Peso Pluma, SOG",Happy
0.737,0.607,91.986,0.708,0.0739,0.00162,LALA,Myke Towers,Happy
0.711,0.934,102.984,0.822,0.179,1.46e-05,Lollipop,Darell,Happy
0.812,0.903,162.087,0.785,0.147,0.0,Pa Ti Estoy,"Ozuna, Anuel AA, Chris Jedi",Happy
0.794,0.796,92.998,0.843,0.226,1.22e-06,Corazón Roto - Remix,"Brray, JHAYCO, Ryan Castro",Happy
0.769,0.931,167.969,0.771,0.18,1.57e-05,El Efecto - Remix,"Rauw Alejandro, Chencho Corleone, KEVVO, Bryant Myers, Lyanno, Dalex",Happy
0.88,0.463,180.011,0.72,0.0562,0.06,BELLAKEO,"Peso Pluma, Anitta",Energetic
0.672,0.774,93.999,0.817,0.441,0.0,Si Se Da - Remix,"Myke Towers, Farruko, Arcángel, Sech, Zion",Happy
0.543,0.359,98.992,0.898,0.343,0.000623,Nada,"Cazzu, Lyanno, Rauw Alejandro, Dalex",Energetic
0.709,0.648,99.993,0.725,0.321,0.000189,Santa,"Rvssian, Rauw Alejandro, Ayra Starr",Happy
0.766,0.594,96.037,0.88,0.0881,1.79e-05,Guay,"Ozuna, Bad Gyal",Happy
0.671,0.641,169.727,0.714,0.292,0.0,HASTA ABAJO,"KEVIN ROLDAN, Bryant Myers, Lyanno",Happy
0.617,0.486,173.97,0.703,0.215,6.11e-06,BBY BOO - REMIX,"iZaak, JHAYCO, Anuel AA",Energetic
0.626,0.78,100.02,0.763,0.0859,0.225,SI NO ES CONTIGO,Cris Mj,Happy
0.499,0.669,99.986,0.791,0.446,2.41e-05,Gata Only,"FloyyMenor, Cris Mj",Neutral
0.476,0.578,129.992,0.793,0.132,0.0,ELOVRGA,"Alex Favela, Grupo Marca Registrada, Joaquin Medina",Neutral
0.71,0.523,92.009,0.535,0.428,0.0,Porno,"Rich Music LTD, Sech, Dalex, Justin Quiles, Lenny Tavárez, Feid",Happy
0.668,0.787,128.027,0.924,0.446,0.000594,Si Antes Te Hubiera Conocido,KAROL G,Happy
0.482,0.356,100.029,0.69,0.523,0.0004,NEL,Fuerza Regida,Sad
0.779,0.95,128.028,0.937,0.22,6.85e-05,Que Se Cuide,"Luis R Conriquez, Joel De La P, Chimbala",Happy
0.583,0.271,115.221,0.669,0.603,2.54e-06,Mejores Jordans,"Victor Mendivil, Oscar Maydon",Energetic
0.496,0.476,100.025,0.696,0.273,0.000397,APAGA EL CEL,"FloyyMenor, Lewis Somes",Sad
0.665,0.659,100.09,0.858,0.126,0.0,CLASSY 101,"Feid, Young Miko",Happy
0.86,0.446,100.019,0.774,0.131,0.0,LUNA,"Feid, ATL Jacob",Energetic
0.507,0.606,99.994,0.755,0.293,1.82e-05,TU TA RICA,"FloyyMenor, Lewis Somes",Happy
0.599,0.478,86.533,0.828,0.381,0.0,Parado no Bailão,"MC L da Vinte, MC Gury",Energetic
0.827,0.614,129.949,0.956,0.136,0.000259,Se Voce Nao Quer Passa a Vez,"Mc Delux, DJ Guih Da ZO",Happy
0.99,0.386,126.015,0.748,0.303,0.132,BRAZILIAN DANÇA PHONK,"6YNTHMANE, RXDXVIL",Energetic
0.803,0.795,130.028,0.877,0.734,0.056,MONTAGEM - PR FUNK,"S3BZS, Mc Gw, Mc Menor Do Alvorada",Happy
0.413,0.679,130.078,0.92,0.504,0.0514,Faz um Vuk Vuk (Teto Espelhado),"MC Kevin o Chris, Dj Nk Da Serra, Mc Magrinho",Neutral
0.789,0.758,130.053,0.89,0.147,0.0,Te Maceto Depois Do Baile,"DJ Zigão, DJ Lafon Do Md, Mc Rodrigo do CN, Mc Rf",Happy
0.427,0.443,80.492,0.492,0.364,0.00482,MTG QUEM NÃO QUER SOU EU,"DJ TOPO, Seu Jorge, Mc Leozin, MC G15",Sad
0.669,0.843,130.05,0.949,0.36,0.000592,Ela Joga na Hora,"Mc Pogba, DJ Guih Da ZO",Happy
0.687,0.839,117.008,0.778,0.578,0.0105,THE BOX MEDLEY FUNK 2,"THE BOX, Mc Brinquedo, MC Cebezinho, MC Tuto, Mc Laranjinha, DJ Oreia",Happy
0.955,0.713,130.068,0.679,0.000737,0.235,Louca Encubada,"Dj Samir, Rodricci, Launch13",Happy
0.582,0.892,84.917,0.615,0.269,6.55e-05,DANÇA PRA ME PROVOCAR,"DJ JOÃO PEREIRA, MC Koringa",Happy
0.96,0.586,130.118,0.863,0.497,0.00526,Tá OK,"DENNIS, MC Kevin o Chris",Happy
0.907,0.304,117.054,0.863,0.0683,0.000813,WHINE IN BRAZIL FUNK,Ichiss,Energetic
0.59,0.702,86.429,0.711,0.26,1.83e-06,TUMBÁTUM,"Tropa do Bruxo, SMU, Dj Vitin do Pc, MC JF, MC NAHARA",Happy
0.327,0.181,90.025,0.707,0.185,0.0148,Onlar Anlamaz Halden,Semicenk,Sad
0.729,0.427,98.022,0.629,0.431,7.75e-05,Geçiyor Zaman,Semicenk,Energetic
0.656,0.556,120.001,0.685,0.702,0.0,Kader Sağ Olsun,Semicenk,Happy
0.606,0.883,95.056,0.831,0.684,1.04e-06,Küle Dönmüşsün,"Semicenk, Doğu Swag",Happy
0.914,0.839,108.02,0.726,0.0758,0.0,Önümüz Yaz,Simge,Happy
0.724,0.587,78.753,0.536,0.748,0.0,Kafamın İçi,"Ebru Yaşar, Siyam, Zeyd",Happy
0.622,0.567,204.028,0.406,0.497,1.35e-05,Lan,Zeynep Bastık,Happy
0.538,0.177,141.894,0.52,0.367,0.00187,Self Care,Mac Miller,Energetic
0.586,0.954,130.012,0.891,0.0833,0.0,"I'm Good Luv, Enjoy.",Aaron May,Happy
0.722,0.57,119.973,0.769,0.0584,2.56e-06,Timeless (with Playboi Carti),"The Weeknd, Playboi Carti",Happy
0.84,0.792,95.416,0.856,0.0973,0.0,Doomsday,"MF DOOM, Pebbles The Invisible Girl",Happy
0.818,0.361,97.571,0.373,0.36,0.0,"Darling, I (feat. Teezo Touchdown)","Tyler, The Creator, Teezo Touchdown",Energetic
0.803,0.553,67.536,0.284,0.302,0.0,Jukebox Joints (feat. Joe Fox & Kanye West),"A$AP Rocky, Joe Fox, Kanye West",Happy
0.86,0.834,76.54,0.575,0.298,0.0,A Cold Sunday,Lil Yachty,Happy
0.579,0.577,84.143,0.562,0.274,0.0,infinity (888) - feat. Joey Bada$$,"XXXTENTACION, Joey Bada$$",Happy
0.621,0.28,119.043,0.455,0.651,2.59e-06,MY EYES,Travis Scott,Energetic
0.76,0.206,80.082,0.435,0.0175,0.0,Devil In A New Dress,"Kanye West, Rick Ross",Energetic
0.638,0.435,82.81,0.677,0.589,0.0,Love Yourz,J. Cole,Energetic
0.498,0.127,81.958,0.665,0.23,0.0,Go Flex,Post Malone,Sad
0.441,0.925,135.028,0.942,0.493,0.0,Champagne Shots,Sainté,Neutral
0.421,0.457,95.977,0.852,0.428,2.28e-06,Rich Spirit,Kendrick Lamar,Sad
0.652,0.104,141.981,0.47,0.0831,4.08e-05,I Smoked Away My Brain (I'm God x Demons Mashup) (feat. Imogen Heap & Clams Casino),"A$AP Rocky, Imogen Heap, Clams Casino",Energetic
0.574,0.273,120.013,0.669,0.0175,0.00294,Falling Down - Bonus Track,"Lil Peep, XXXTENTACION",Energetic
0.638,0.608,94.893,0.809,0.262,0.0,Righteous Minds,Joey Bada$$,Happy
0.57,0.689,129.953,0.734,0.847,2.14e-05,Everybody Dies In Their Nightmares,XXXTENTACION,Happy
0.744,0.794,82.356,0.798,0.33,0.000106,It Was A Good Day,Ice Cube,Happy
0.653,0.852,142.347,0.493,0.269,0.0,WUSYANAME (feat. Youngboy Never Broke Again & Ty Dolla $ign),"Tyler, The Creator, YoungBoy Never Broke Again, Ty Dolla $ign",Happy
0.435,0.19,120.058,0.843,0.47,0.0,Weekend (feat. Miguel),"Mac Miller, Miguel",Sad
0.636,0.274,145.972,0.837,0.0395,0.00125,a lot,21 Savage,Energetic
0.628,0.43,90.482,0.639,0.0381,0.0,Flashing Lights,"Kanye West, Dwele",Energetic
0.354,0.583,160.037,0.741,0.181,0.00577,Redbone,Childish Gambino,Neutral
0.463,0.364,111.98,0.809,0.256,0.085,Passionfruit,Drake,Sad
0.604,0.691,49.305,0.583,0.735,0.0,Ocean Prime (feat. Boldy James),"The Alchemist, Boldy James",Happy
0.646,0.638,176.153,0.599,0.222,4.36e-06,Show Me,Joey Bada$$,Happy
0.251,0.18,139.999,0.746,0.782,0.00203,Revenge,XXXTENTACION,Sad
0.734,0.608,97.044,0.918,0.0296,8.01e-06,ATLiens,Outkast,Happy
0.63,0.717,95.0,0.874,0.0578,0.00479,Do For Love,2Pac,Happy
0.506,0.593,115.994,0.848,0.376,0.0,Embarrassed (feat. Travis Scott),"Don Toliver, Travis Scott",Happy
0.747,0.918,86.918,0.67,0.337,0.0,Homecoming,"Kanye West, Chris Martin",Happy
0.678,0.259,117.067,0.595,0.0199,0.00389,Break from Toronto,PARTYNEXTDOOR,Energetic
0.52,0.601,92.869,0.747,0.0977,0.0537,You Know How We Do It,Ice Cube,Happy
0.533,0.329,131.036,0.797,0.0172,0.000152,Fuck Love,"XXXTENTACION, Trippie Redd",Energetic
0.731,0.632,174.516,0.552,0.0536,0.0,DUCKWORTH.,Kendrick Lamar,Happy
0.559,0.62,78.558,0.558,0.371,7.49e-06,See You Again (feat. Kali Uchis),"Tyler, The Creator, Kali Uchis",Happy
0.631,0.515,84.166,0.48,0.0791,0.000105,Good Morning,Kanye West,Happy
0.283,0.469,138.97,0.898,0.319,0.000383,Neighbors,J. Cole,Sad
0.283,0.144,97.04,0.766,0.111,0.0172,Teenage Fever,Drake,Sad
0.648,0.746,93.2,0.737,0.252,6.92e-06,Piece of My Heart (feat. Brent Faiyaz),"Wizkid, Brent Faiyaz",Happy
0.634,0.645,101.837,0.502,0.677,0.0341,MMS,"Asake, Wizkid",Happy
0.385,0.294,106.312,0.619,0.129,0.00369,Awolowo,Fido,Sad
0.651,0.567,67.813,0.49,0.714,7.59e-06,Dealer,"Ayo Maff, Fireboy DML",Happy
0.415,0.488,113.976,0.823,0.471,0.0316,Holy Ghost,Omah Lay,Sad
0.801,0.914,104.986,0.778,0.692,0.000155,Lonely At The Top,Asake,Happy
0.681,0.706,139.057,0.918,0.263,0.0,Sprinter,"Dave, Central Cee",Happy
0.756,0.647,105.024,0.719,0.0541,0.0,"Soweto (with Don Toliver, Rema & Tempoe)","Victony, Rema, Tempoe, Don Toliver",Happy
0.503,0.381,99.97,0.792,0.0369,0.00057,Rush,Ayra Starr,Energetic
0.463,0.416,125.15,0.562,0.442,0.000145,Free Mind,Tems,Sad
0.707,0.602,104.027,0.849,0.0266,8.58e-06,Essence (feat. Tems),"Wizkid, Tems",Happy
0.501,0.431,103.993,0.637,0.229,5.91e-05,In My Bed,"Rotimi, Wale",Energetic
0.496,0.55,109.979,0.812,0.271,0.0,Location (feat. Burna Boy),"Dave, Burna Boy",Neutral
0.581,0.528,102.964,0.609,0.509,0.0,Higher,Tems,Happy
0.642,0.339,83.389,0.463,0.314,0.0,WAIT FOR U (feat. Drake & Tems),"Future, Drake, Tems",Energetic
0.655,0.793,92.9,0.649,0.307,0.0,KU LO SA - A COLORS SHOW,Oxlade,Happy
0.549,0.78,123.879,0.613,0.097,0.0,Replay,Tems,Happy
0.529,0.44,112.014,0.782,0.509,1.42e-06,Are you there?,Ayo Maff,Energetic
0.00161,0.155,140.997,0.138,0.977,0.971,Touches,Somnum Magnam,Sad
0.277,0.121,159.719,0.329,0.971,0.024,Rosyln,"Bon Iver, St. Vincent",Sad
0.04,0.249,135.965,0.44,0.981,0.465,Lights Are On,Tom Rosenthal,Sad
0.664,0.437,129.071,0.575,0.637,0.0,Take Me To Church,Hozier,Energetic
0.581,0.551,130.033,0.613,0.537,0.000345,cardigan,Taylor Swift,Happy
0.416,0.151,113.986,0.324,0.262,3.69e-05,Young And Beautiful,Lana Del Rey,Sad
0.363,0.259,121.412,0.531,0.749,0.0,Work Song,Hozier,Sad
0.394,0.399,96.192,0.421,0.863,4.74e-06,Nothing's New,Rio Romeo,Sad
0.308,0.121,113.95,0.504,0.868,0.135,My Love Mine All Mine,Mitski,Sad
0.422,0.455,144.678,0.718,0.0764,0.0,idfc,blackbear,Sad
0.449,0.179,123.969,0.327,0.369,0.00444,As the World Caves In,Matt Maltese,Sad
0.135,0.21,82.987,0.387,0.929,0.0,The 30th,Billie Eilish,Sad
0.179,0.145,140.01,0.539,0.921,0.393,Like Real People Do,Hozier,Sad
0.119,0.156,70.499,0.467,0.969,1.4e-06,Happiness is a butterfly,Lana Del Rey,Sad
0.0561,0.082,79.764,0.319,0.935,0.00384,listen before i go,Billie Eilish,Sad
0.343,0.152,145.115,0.474,0.578,2.65e-05,Astronomy,Conan Gray,Sad
0.156,0.201,94.08,0.671,0.804,0.0518,From the Dining Table,Harry Styles,Sad
0.128,0.367,159.679,0.599,0.974,0.121,Getting Older,Billie Eilish,Sad
0.129,0.203,137.35,0.483,0.947,0.145,rises the moon,Liana Flores,Sad
0.322,0.261,148.005,0.516,0.473,0.00194,ceilings,Lizzy McAlpine,Sad
0.268,0.165,102.617,0.371,0.748,0.0517,Sparks,Coldplay,Sad
0.338,0.1,133.943,0.408,0.521,0.000639,In My Room,Chance Peña,Sad
0.289,0.12,129.753,0.531,0.339,0.000358,Waiting Room,Phoebe Bridgers,Sad
0.276,0.429,201.025,0.334,0.877,0.000249,Chemtrails Over The Country Club,Lana Del Rey,Sad
0.304,0.065,78.997,0.538,0.613,0.000631,How to disappear,Lana Del Rey,Sad
0.377,0.446,101.96,0.606,0.817,0.0,Nothing New (feat. Phoebe Bridgers) (Taylor’s Version) (From The Vault),"Taylor Swift, Phoebe Bridgers",Sad
0.31,0.151,137.474,0.509,0.959,0.229,State Lines,Novo Amor,Sad
0.225,0.221,104.007,0.554,0.892,0.0321,Where's My Love - Acoustic,SYML,Sad
0.425,0.27,102.078,0.357,0.584,0.0,Heather,Conan Gray,Sad
0.468,0.18,94.434,0.369,0.0205,0.566,Apocalypse,Cigarettes After Sex,Sad
0.407,0.126,117.053,0.457,0.805,0.884,Anchor,Novo Amor,Sad
0.664,0.0949,107.747,0.404,0.542,0.00402,Brooklyn Baby,Lana Del Rey,Energetic
0.526,0.502,130.694,0.521,0.243,0.00537,Would That I,Hozier,Happy
0.367,0.426,77.968,0.395,0.815,0.0,lacy,Olivia Rodrigo,Sad
0.347,0.199,141.332,0.409,0.834,4.55e-06,Can’t Catch Me Now - from The Hunger Games: The Ballad of Songbirds & Snakes,Olivia Rodrigo,Sad
0.483,0.176,144.99,0.617,0.702,0.000216,Feels Like,Gracie Abrams,Sad
0.199,0.201,165.476,0.48,0.931,0.0563,Black Friday,Tom Odell,Sad
0.288,0.308,110.927,0.687,0.863,0.0,Male Fantasy,Billie Eilish,Sad
0.11,0.234,81.876,0.415,0.951,0.00236,Cherry Wine - Live,Hozier,Sad
0.0972,0.289,86.686,0.443,0.952,0.0102,We'll Never Have Sex,Leith Ross,Sad
0.245,0.192,103.777,0.34,0.969,0.0992,Margaret (feat. Bleachers),"Lana Del Rey, Bleachers",Sad
0.348,0.32,110.019,0.631,0.926,8.87e-05,Miserable Man,David Kushner,Sad
0.159,0.0381,72.38,0.403,0.961,0.0121,Halley's Comet,Billie Eilish,Sad
0.529,0.203,161.989,0.671,0.0769,0.000335,All Girls Are The Same,Juice WRLD,Energetic
0.663,0.381,184.057,0.672,0.112,0.0,Chill Bae,Lil Uzi Vert,Energetic
0.561,0.186,148.775,0.686,0.185,0.0,Did It Again,Lil Tecca,Energetic
0.819,0.682,94.011,0.565,0.232,0.0,Wish (feat. Trippie Redd) - Trippie Mix,"Diplo, Trippie Redd",Happy
0.767,0.519,160.084,0.718,0.138,0.0,Lust,Lil Skies,Happy
0.653,0.163,150.097,0.547,0.456,0.0,Goodbyes (feat. Young Thug),"Post Malone, Young Thug",Energetic
0.534,0.116,93.924,0.832,0.345,0.0,Martin & Gina,Polo G,Energetic
0.662,0.39,112.509,0.897,0.0852,0.0,Drip Too Hard (Lil Baby & Gunna),"Lil Baby, Gunna",Energetic
0.515,0.321,120.1,0.567,0.354,0.0,F.N,Lil Tjay,Energetic
0.651,0.237,163.935,0.665,0.0414,0.0,Lean Wit Me,Juice WRLD,Energetic
0.55,0.154,124.13,0.629,0.152,0.0,Conceited,Lil Uzi Vert,Energetic
0.671,0.45,179.987,0.684,0.0119,0.0,Ransom (with Juice WRLD) - Remix,"Lil Tecca, Juice WRLD",Energetic
0.8,0.272,139.918,0.498,0.0903,0.0,Take What You Want (feat. Ozzy Osbourne & Travis Scott),"Post Malone, Ozzy Osbourne, Travis Scott",Energetic
0.54,0.543,143.968,0.634,0.0223,0.0,witchblades,"Lil Peep, Lil Tracy",Happy
0.545,0.244,97.008,0.809,0.392,0.0,Ballin' (with Roddy Ricch),"Mustard, Roddy Ricch",Energetic
0.369,0.235,140.004,0.735,0.334,0.0,Suicidal,YNW Melly,Sad
0.662,0.439,150.047,0.709,0.00966,0.0,Flaws And Sins,Juice WRLD,Energetic
0.75,0.401,155.096,0.732,0.00264,0.0,XO Tour Llif3,Lil Uzi Vert,Energetic
0.588,0.471,114.929,0.712,0.112,0.0,Down With Me,Lil Tecca,Energetic
0.538,0.389,99.952,0.829,0.137,1.88e-06,Wow.,Post Malone,Energetic
0.507,0.506,130.007,0.872,0.195,0.0,HIM ALL ALONG,Gunna,Happy
0.631,0.142,105.989,0.648,0.38,0.0,Maria I'm Drunk (feat. Justin Bieber & Young Thug),"Travis Scott, Justin Bieber, Young Thug",Energetic
0.646,0.961,127.978,0.946,0.219,0.0,Still Think About You,A Boogie Wit da Hoodie,Happy
0.814,0.535,144.991,0.625,0.0172,0.0,Come & Go (with Marshmello),"Juice WRLD, Marshmello",Happy
0.779,0.53,123.013,0.724,0.098,0.0,500lbs,Lil Tecca,Happy
0.763,0.551,120.042,0.695,0.189,0.00242,Circles,Post Malone,Happy
0.782,0.57,94.03,0.701,0.0918,2.31e-06,16,Baby Keem,Happy
0.88,0.392,169.949,0.49,0.00154,0.0,Chemical,Post Malone,Energetic
0.551,0.65,113.535,0.748,0.243,1.57e-06,I Just Called To Say I Love You,Stevie Wonder,Happy
0.526,0.202,124.709,0.558,0.431,0.0,Stay With Me,"CHANYEOL, Punch",Energetic
0.614,0.345,136.628,0.553,0.764,0.0,Nothing's Gonna Change My Love for You,George Benson,Energetic
0.506,0.217,133.403,0.469,0.587,0.0,Sudden Shower,ECLIPSE,Energetic
0.384,0.181,139.009,0.437,0.699,2.33e-05,Christmas Tree,V,Sad
0.557,0.482,114.019,0.815,0.109,0.0,Boyfriend,YEONJUN,Energetic
0.326,0.214,134.049,0.46,0.763,0.0,Love You With All My Heart,Crush,Sad
0.76,0.495,130.096,0.512,0.299,0.0,Stay Alive (Prod. SUGA of BTS),Jung Kook,Energetic
0.645,0.434,85.046,0.714,0.229,0.00083,Me Fui de Vacaciones,Bad Bunny,Energetic
0.321,0.416,110.827,0.68,0.791,4.67e-06,Chachachá,Jósean Log,Sad
0.499,0.798,93.99,0.796,0.392,0.0,Nunca Es Suficiente,"Los Ángeles Azules, Natalia Lafourcade",Neutral
0.588,0.879,79.989,0.675,0.789,0.0,Muerte En Hawaii,Calle 13,Happy
0.533,0.349,130.02,0.645,0.644,7.08e-06,Harpy Hare,Yaelokre,Energetic
0.615,0.918,84.07,0.775,0.304,0.0,Russian Bandana,Dhanda Nyoliwala,Happy
0.798,0.48,86.638,0.509,0.00625,0.0,Sifar Safar,Karan Aujla,Energetic
0.606,0.38,175.917,0.656,0.335,0.0,Knife Brows,Dhanda Nyoliwala,Energetic
0.702,0.674,180.219,0.711,0.00487,0.0163,Baller,"Shubh, Ikky",Happy
0.78,0.448,171.285,0.461,0.128,0.0,Winning Speech,"Karan Aujla, Mxrci",Energetic
0.431,0.246,94.0,0.881,0.182,0.0018,Still Rollin,Shubh,Sad
0.455,0.352,99.958,0.796,0.637,3.59e-06,9:45,"Prabh Singh, Jay Trak, Rooh Sandhu",Sad
0.362,0.633,115.974,0.967,0.514,0.00637,Dior,Shubh,Neutral
0.627,0.356,89.998,0.742,0.262,1.23e-05,Cheques,Shubh,Energetic
0.572,0.644,88.041,0.742,0.391,0.00428,MVP,Shubh,Happy
0.684,0.483,100.042,0.769,0.0977,0.0,8 ASLE,"Sukha, Chani Nattan, Prodgk, Gurlez Akhtar",Energetic
0.566,0.68,85.953,0.794,0.301,0.000168,King Shit,Shubh,Happy
0.512,0.881,144.926,0.848,0.284,0.00645,One Love,Shubh,Happy
0.75,0.662,139.979,0.831,0.0188,0.0,On Top,Karan Aujla,Happy
0.733,0.183,92.969,0.864,0.144,0.000175,Old Money,AP Dhillon,Energetic
0.356,0.569,83.679,0.708,0.437,6.54e-05,Tu hai kahan,AUR,Neutral
0.718,0.91,89.906,0.716,0.0452,0.0,Bandana,Shubh,Happy
0.745,0.262,180.098,0.464,0.0235,0.0,Big Dawgs,"Hanumankind, Kalmi",Energetic
0.661,0.753,76.71,0.836,0.0208,0.0,Welcome To Jamrock,Damian Marley,Happy
0.782,0.655,119.992,0.727,0.0563,0.336,Move,"Adam Port, Stryv, Keinemusik, Orso, Malachiii",Happy
0.787,0.31,119.996,0.704,0.00926,0.00538,I Adore You (feat. Daecolm),"HUGEL, Topic, Arash, Daecolm",Energetic
0.577,0.206,119.986,0.795,0.00263,0.147,Yamore,"MoBlack, Salif Keita, Benja (NL), Franc Fala, Cesária Evora",Energetic
0.872,0.136,122.028,0.43,0.118,0.879,My Love (2024),"Alex Wann, Route 94, Jess Glynne",Energetic
0.946,0.229,120.036,0.542,0.0312,0.632,Forever (feat. Malou & Yuna),"HUGEL, Diplo, Malou, Yuna",Energetic
0.797,0.0356,122.011,0.702,0.583,0.495,You & Me - Rivo Remix,"Disclosure, Eliza Doolittle, Rivo",Energetic
0.723,0.579,123.993,0.787,0.0509,0.00447,Beso (Fruta Fresca),"Wakyin, Carlos Vives",Happy
0.879,0.362,123.004,0.741,0.0841,0.0433,The Boy Is Mine,"James Mac, Vall, Rosalie",Energetic
0.57,0.487,121.843,0.655,0.527,0.43,Sideways,"Gordo, Drake",Energetic
0.637,0.0509,120.033,0.847,0.201,0.201,Mwaki,"Zerb, Sofiya Nzau",Energetic
0.83,0.465,120.97,0.808,0.00575,0.809,Famax - Edit,RAFFA GUIDO,Energetic
0.0516,0.199,87.587,0.27,0.986,0.953,Waltz,Fabrizio Paterlini,Sad
0.0582,0.0454,132.614,0.191,0.961,0.89,Nuvole Bianche,Ludovico Einaudi,Sad
0.146,0.416,172.13,0.265,0.985,0.893,Idea 1,Gibran Alcocer,Sad
0.0559,0.278,95.217,0.396,0.987,0.935,Oceans Apart,Ben Crosland,Sad
0.138,0.325,128.563,0.34,0.984,0.846,Idea 9,Gibran Alcocer,Sad
0.0968,0.0395,62.881,0.286,0.178,0.696,Time,Hans Zimmer,Sad
0.874,0.361,91.038,0.532,0.00842,0.012,Nightcall,Kavinsky,Energetic
0.149,0.112,82.019,0.485,0.886,0.917,stellar,".diedlonely, énouement",Sad
0.0823,0.0381,67.238,0.252,0.951,0.928,memories,leadwave,Sad
0.855,0.601,117.987,0.534,0.00043,0.893,Iris,Pastel Ghost,Happy
0.641,0.089,141.931,0.529,0.0711,0.76,I'm God,"Clams Casino, Imogen Heap",Energetic
0.754,0.457,170.084,0.564,0.0424,0.84,Resonance,Home,Energetic
0.715,0.858,113.861,0.552,0.0286,0.702,A Bird's Last Look,Macabre Plaza,Happy
0.687,0.12,106.896,0.605,0.479,0.949,Veridis Quo,Daft Punk,Energetic
0.91,0.137,130.032,0.528,0.346,0.764,Dark Beach,Pastel Ghost,Energetic
0.573,0.972,140.04,0.911,0.38,0.0,Doja,Central Cee,Happy
0.413,0.481,146.05,0.747,0.848,0.0,LET GO,Central Cee,Sad
0.332,0.423,141.849,0.885,0.0185,0.0,2MS,Nemzzz,Sad
0.674,0.726,140.065,0.922,0.323,3.07e-06,UK Rap,"Dave, Central Cee",Happy
0.731,0.446,149.987,0.583,0.0107,0.0136,Eres,Café Tacvba,Energetic
0.731,0.973,97.007,0.751,0.0838,0.0,La Camisa Negra,Juanes,Happy
0.84,0.94,97.027,0.673,0.0683,0.0,A Dios Le Pido,Juanes,Happy
0.758,0.858,129.944,0.696,0.172,3.09e-05,Es Por Ti,Juanes,Happy
0.447,0.523,121.989,0.657,0.478,0.00105,Luz De Dia,Los Enanitos Verdes,Neutral
0.777,0.667,123.003,0.649,0.00738,3.43e-05,Inolvidable,Reik,Happy
0.592,0.31,170.391,0.332,0.0824,0.0,Mientes,Camila,Energetic
0.523,0.363,173.85,0.452,0.563,0.0,Todo Cambió,Camila,Energetic
0.715,0.638,84.098,0.487,0.294,0.0,Fotografía,"Juanes, Nelly Furtado",Happy
0.659,0.532,106.196,0.648,0.115,0.000307,Te Lo Pido por Favor,Jaguares,Happy
0.85,0.348,125.796,0.374,0.0904,0.0,Maldito duende,Heroes Del Silencio,Energetic
0.643,0.387,76.979,0.601,0.155,0.0,Nada Valgo Sin Tu Amor,Juanes,Energetic
0.479,0.279,123.217,0.425,0.44,0.000109,La Célula Que Explota,Caifanes,Sad
0.553,0.699,126.043,0.487,0.209,2.81e-05,Afuera,Caifanes,Happy
0.358,0.742,145.751,0.715,0.743,0.0133,Agua,Jarabe De Palo,Neutral
0.759,0.917,124.725,0.791,0.0823,4.44e-05,Como te extraño mi amor,Café Tacvba,Happy
0.936,0.39,172.547,0.594,0.0224,0.000351,Devuélveme a mi chica,Hombres G,Energetic
0.735,0.68,123.57,0.714,0.176,0.000622,Lamento Boliviano,Los Enanitos Verdes,Happy
0.631,0.909,112.481,0.781,0.0533,0.00285,Te quiero,Hombres G,Happy
0.854,0.564,148.003,0.634,0.00737,2.49e-06,Clavado en Un Bar,Maná,Happy
0.879,0.936,133.946,0.742,0.0696,7.17e-06,Chammak Challo,"Akon, Hamsika Iyer",Happy
0.824,0.49,172.006,0.77,0.485,0.0,Proper Patola,"Badshah, Diljit Dosanjh, Aastha Gill",Energetic
0.809,0.253,116.015,0.732,0.0266,0.0,Papaoutai,Stromae,Energetic
0.797,0.541,97.988,0.811,0.0617,0.0,Djadja,Aya Nakamura,Happy
0.807,0.741,155.397,0.525,0.251,0.0,Je veux,Zaz,Happy
0.593,0.72,119.958,0.79,0.0983,0.00202,Alors on danse - Radio Edit,Stromae,Happy
0.831,0.721,132.029,0.798,0.697,5.87e-05,Casanova,"Soolking, Gazo",Happy
0.913,0.838,123.58,0.606,0.246,0.00696,Voyage voyage,Desireless,Happy
0.449,0.327,114.924,0.669,0.184,0.0,Dernière danse,Indila,Sad
0.255,0.331,95.978,0.375,0.815,0.0,Love Story,Indila,Sad
0.629,0.498,70.568,0.513,0.0986,0.0,Formidable,Stromae,Energetic
0.583,0.97,126.036,0.793,0.106,1.07e-05,Petit génie,"Jungeli, Imen Es, Alonzo, Abou Debeing, Lossa",Happy
0.681,0.434,101.005,0.798,0.219,0.00197,Seya,"SativaMusic, Morad, GIMS",Energetic
0.638,0.646,109.96,0.701,0.223,0.00219,Tous les mêmes,Stromae,Happy
0.852,0.601,119.892,0.779,0.235,0.0,Est-ce que tu m'aimes ? - Pilule bleue,GIMS,Happy
0.717,0.601,117.952,0.753,0.151,0.00258,Solitaire,Werenoi,Happy
0.627,0.909,118.093,0.788,0.693,0.0,Imagine,Carbonne,Happy
0.708,0.308,130.081,0.872,0.336,0.0,MANON B,"Tiakola, Ryflo, Oskoow",Energetic
0.569,0.525,115.03,0.772,0.235,0.0,PONA NINI,"Tiakola, Genezio, Prototype",Happy
0.709,0.309,130.081,0.872,0.336,0.0,MANON B,"Tiakola, Ryflo, Oskoow",Energetic
0.533,0.738,102.025,0.863,0.291,0.00126,Tieduprightnow,Parcels,Happy
0.873,0.873,97.96,0.621,0.0406,9.1e-06,Borderline,Tame Impala,Happy
0.924,0.611,168.017,0.598,0.0205,0.799,Oysters In My Pocket,Royel Otis,Happy
0.664,0.661,118.018,0.731,0.00307,0.35,Is It True,Tame Impala,Happy
0.655,0.793,92.9,0.649,0.307,0.0,KU LO SA - A COLORS SHOW,Oxlade,Happy
0.781,0.824,107.007,0.811,0.376,0.001,Calm Down,Rema,Happy
0.503,0.381,99.97,0.792,0.0369,0.00057,Rush,Ayra Starr,Energetic
0.501,0.431,103.993,0.637,0.229,5.91e-05,In My Bed,"Rotimi, Wale",Energetic
0.485,0.689,100.053,0.843,0.181,0.0675,Fountains (with Tems),"Drake, Tems",Neutral
0.549,0.78,123.879,0.613,0.097,0.0,Replay,Tems,Happy
0.649,0.229,113.009,0.788,0.253,0.0136,UNAVAILABLE (feat. Musa Keys),"Davido, Musa Keys",Energetic
0.422,0.693,124.357,0.573,0.551,1.31e-05,People,Libianca,Neutral
0.725,0.53,105.016,0.711,0.424,0.129,soso,Omah Lay,Happy
0.809,0.606,99.005,0.724,0.182,0.0,KANTE (feat. Fave),"Davido, FAVE",Happy
0.642,0.339,83.389,0.463,0.314,0.0,WAIT FOR U (feat. Drake & Tems),"Future, Drake, Tems",Energetic
0.89,0.421,126.881,0.645,0.259,9.38e-06,Barcelona,"Alan Walker, Ina Wroldsen",Energetic
0.746,0.432,132.31,0.636,0.0648,0.29,Fortunate Son,Creedence Clearwater Revival,Energetic
0.835,0.795,129.981,0.572,0.171,0.000377,Jump - 2015 Remaster,Van Halen,Happy
0.804,0.658,111.457,0.591,0.327,5.98e-06,Edge of Seventeen - 2016 Remaster,Stevie Nicks,Happy
0.104,0.394,76.474,0.443,0.913,0.0,Dream A Little Dream Of Me - Single Version,"Ella Fitzgerald, Louis Armstrong",Sad
0.472,0.475,80.487,0.685,0.785,0.284,Coffee Cold,Galt MacDermot,Sad
0.365,0.45,119.347,0.67,0.525,0.0,Fly Me To The Moon,"Frank Sinatra, Count Basie",Sad
0.264,0.657,122.482,0.663,0.706,0.0,Cheek To Cheek,"Ella Fitzgerald, Louis Armstrong",Neutral
0.222,0.645,156.364,0.525,0.836,0.0799,Stompin At The Savoy,Benny Goodman,Neutral
0.0619,0.197,60.705,0.336,0.985,0.891,Alone Together - Rudy Van Gelder Remaster 2006,Kenny Dorham,Sad
0.671,0.591,127.359,0.742,0.794,0.00441,Song For My Father,Horace Silver,Happy
0.0422,0.397,130.436,0.519,0.966,0.929,My Romance - Remastered 2006,Gene Ammons,Sad
0.113,0.738,95.063,0.659,0.976,0.88,Body and Soul,Coleman Hawkins,Neutral
0.159,0.196,59.385,0.505,0.946,0.0127,Journey Into Melody - 2007 Digital Remaster/Rudy Van Gelder Edition,Stanley Turrentine,Sad
0.0917,0.0836,95.068,0.517,0.876,0.629,Where We Used to Live,Esbjörn Svensson Trio,Sad
0.195,0.0778,133.918,0.412,0.9,0.709,Ruby My Dear,Roy Hargrove,Sad
0.42,0.517,147.143,0.417,0.186,0.00111,Giant Steps - 2020 Remaster,John Coltrane,Neutral
0.273,0.321,63.423,0.517,0.866,0.774,Besame Mucho,Dave Brubeck,Sad
0.237,0.178,126.222,0.477,0.947,0.901,It Ain't Necessarily So,Mary Lou Williams,Sad
0.126,0.216,133.998,0.234,0.989,0.896,"The Well-Tempered Clavier, Book 1, BWV 846-869 / Prelude & Fugue in C Major, BWV 846: I. Prelude","Johann Sebastian Bach, Lang Lang",Sad
0.0306,0.118,125.61,0.289,0.987,0.911,"Bagatelle No. 25 in A Minor, WoO 59 ""Für Elise""","Ludwig van Beethoven, Igor Levit",Sad
0.0161,0.0573,128.143,0.169,0.986,0.86,"The Carnival of the Animals, R. 125: XIII. The Swan (Arr. for Cello and Piano)","Camille Saint-Saëns, Yo-Yo Ma, Kathryn Stott",Sad
0.0336,0.0516,67.359,0.0939,0.927,0.83,"Handel / Orch. Hale: Keyboard Suite No. 4 in D Minor, HWV 437: III. Sarabande","George Frideric Handel, Alexander Briger, Academy of St. Martin in the Fields",Sad
0.00501,0.0383,68.947,0.32,0.993,0.919,"Suite bergamasque, L. 75: III. Clair de lune","Claude Debussy, Alice Sara Ott",Sad
0.00579,0.0369,71.827,0.376,0.996,0.944,Gnossienne No. 1,"Erik Satie, Alena Cherny",Sad
0.256,0.134,90.072,0.168,0.932,0.175,Tales of Hoffmann: Barcarolle,"Jacques Offenbach, Arthur Fiedler, Boston Pops Orchestra",Sad
0.0523,0.0327,82.015,0.0783,0.896,0.945,Mahler: Symphony No. 5 in C-Sharp Minor: IV. Adagietto. Sehr langsam,"Gustav Mahler, Daniel Barenboim, Chicago Symphony Orchestra",Sad
0.098,0.062,84.865,0.253,0.93,0.862,Rodrigo: Concierto de Aranjuez: II. Adagio,"Joaquín Rodrigo, Thibaut García, Ben Glassberg, Orchestre National Du Capitole De Toulouse",Sad
0.0545,0.0385,140.966,0.194,0.983,0.945,"Piano Concerto No. 2 in C Minor, Op. 18: 2. Adagio sostenuto","Sergei Rachmaninoff, Valentina Lisitsa, London Symphony Orchestra, Michael Francis",Sad
0.0142,0.0384,76.382,0.341,0.993,0.921,"Ständchen in D Minor (After Schubert), S. 560","Franz Liszt, Lise de la Salle",Sad
0.0292,0.0338,136.732,0.279,0.987,0.902,"Liebestraum No. 3 in A-Flat Major, S. 541 / 3","Franz Liszt, Lang Lang",Sad
0.339,0.0719,90.041,0.53,0.567,0.874,Palladio: 1. Allegretto (arr. for Strings Orchestra),"Karl Jenkins, Carmine Lauri, David Alberman, London Symphony Orchestra",Sad
0.00527,0.151,170.612,0.184,0.995,0.887,"Sonata No. 14 ""Moonlight"" in C-Sharp Minor"", Op. 27 No. 2: I. Adagio sostenuto","Ludwig van Beethoven, Paul Lewis",Sad
0.139,0.31,139.478,0.366,0.885,0.913,Eine kleine Nachtmusik K. 525: Allegro,"Wolfgang Amadeus Mozart, Andrew Watkinson",Sad
0.0639,0.0781,120.736,0.235,0.962,0.603,Scheherazade: The Tale of the Kalendar Prince,"Nikolai Rimsky-Korsakov, Lars Hjalmar Joakim",Sad
0.0047,0.186,163.665,0.225,0.992,0.881,"Chopin: Nocturne No. 20 in C-Sharp Minor, Op. Posth.","Frédéric Chopin, Mikhail Pletnev",Sad
0.254,0.0986,133.808,0.353,0.948,0.859,"Piano Concerto No. 3 in C, Op. 26: 1. Andante - Allegro","Sergei Prokofiev, Behzod Abduraimov, Orchestra Sinfonica Nazionale Della RAI, Juraj Valcuha",Sad
0.178,0.148,95.839,0.374,0.92,0.0235,"Zadok the Priest (Coronation Anthem No. 1, HWV 258)","George Frideric Handel, Trevor Pinnock, The English Concert, Simon Preston, The Choir Of Westminster Abbey",Sad
0.341,0.163,105.513,0.701,0.499,0.903,Spring 1 - 2012,"Max Richter, Daniel Hope, Konzerthaus Kammerorchester Berlin, Andre de Ridder",Sad
0.0851,0.0388,129.103,0.307,0.968,0.872,"Piano Concerto in A Minor, Op. 16: I. Allegro molto moderato - Radio Edit","Edvard Grieg, Alexandra Dariescu, Philharmonia Orchestra, Tianyi Lu",Sad
0.682,0.646,169.325,0.323,0.763,0.647,William Tell Overture,"Gioachino Rossini, Arthur Fiedler, Boston Pops Orchestra",Happy
0.27,0.228,129.095,0.263,0.876,0.865,"Bizet: Carmen, WD 31: Prélude","Georges Bizet, Michel Plasson, Orchestre National Du Capitole De Toulouse",Sad
0.0733,0.0308,73.954,0.102,0.974,0.859,Barber: Adagio for Strings,"Samuel Barber, Sir Simon Rattle, Berliner Philharmoniker",Sad
0.0116,0.0331,65.057,0.0623,0.991,0.445,O Magnum Mysterium: O magnum mysterium,"Morten Lauridsen, Chamber Choir Of Europe, Nicol Matt",Sad
0.106,0.0336,105.651,0.165,0.807,0.782,Khachaturian: Spartacus Suite No. 2: I. Adagio of Spartacus and Phrygia,"Aram Khachaturian, London Symphony Orchestra",Sad
0.246,0.0859,109.766,0.292,0.922,0.525,Prince Igor (Knyaz Igor): Act II: Polovtsian Dances - Ulyetay na kril'yahk vyetra (Fly away on the wings of the wind) (version for chorus),"Alexander Borodin, Angelina Shvachka, Dmytro Popov, Mykola Koval, Taras Shtonda, Mykola Hobdych, Kiev Chamber Choir, Ukraine National Radio Symphony Orchestra, Theodore Kuchar",Sad
0.0175,0.0928,56.479,0.114,0.923,0.846,"Pelléas et Mélisande Suite, Op. 80: III. Sicilienne. Allegretto molto moderato","Gabriel Fauré, Berliner Philharmoniker, Daniel Barenboim",Sad
0.0113,0.486,111.541,0.466,0.939,0.0257,"String Quintet in E Major, G. 275: III. Menuetto","Luigi Boccherini, Orpheus Chamber Orchestra",Sad
0.0287,0.0386,76.618,0.154,0.984,0.896,Piano Concerto in One Movement: Adagio cantabile,"Florence Beatrice Price, Jeneba Kanneh-Mason, Chineke! Orchestra, Leslie Suganandarajah",Sad
0.0176,0.0901,125.793,0.491,0.994,0.927,"Ravel: Pavane pour une infante défunte, M. 19","Maurice Ravel, Bertrand Chamayou",Sad
0.135,0.179,94.404,0.25,0.958,0.0349,"Violin Sonata in A major, FWV 8: IV. Allegretto poco mosso","César Franck, Joshua Bell, Jeremy Denk",Sad
0.0525,0.0511,88.316,0.205,0.98,0.906,"Rhapsody on a Theme of Paganini, Op. 43: Variation No. 18 Andante cantabile","Sergei Rachmaninoff, Daniil Trifonov, Philadelphia Orchestra, Yannick Nézet-Séguin",Sad
0.006,0.0383,71.477,0.176,0.899,3.24e-05,Spiegel im Spiegel - Version for Violin and Piano,"Arvo Pärt, Vladimir Spivakov, Sergej Bezrodny",Sad
0.0354,0.0426,73.968,0.1,0.901,0.865,"Symphony No. 8 in B Minor, D. 759 ""Unfinished"": I. Allegro moderato","Franz Schubert, Wiener Philharmoniker, Josef Krips",Sad
0.206,0.0839,130.415,0.351,0.797,0.255,The Sorcerer's Apprentice,"Paul Dukas, Philharmonia Orchestra",Sad
0.123,0.203,141.485,0.311,0.931,0.898,"The Marriage of Figaro Overture, KV 492","Wolfgang Amadeus Mozart, London Philharmonic Orchestra, Alfred Scholz",Sad
0.0251,0.04,126.31,0.234,0.937,0.202,"Petite Suite de Concert, Op. 77: III. Un sonnet d'amour","Samuel Coleridge-Taylor, Chineke! Orchestra, Anthony Parnther",Sad
0.674,0.357,135.975,0.872,0.17,0.0,Back on the Road (feat. Lil Wayne),"Cordae, Lil Wayne",Energetic
0.831,0.648,139.905,0.652,0.0111,0.0,The Viper,BabyChiefDoit,Happy
0.632,0.253,123.987,0.848,0.398,0.0,"Bent (with Kyle Richh, Jenn Carter & TaTa)","41, Kyle Richh, Jenn Carter, TaTa",Energetic
0.61,0.519,156.005,0.676,0.000114,1.73e-06,AHHH HA,Lil Durk,Happy
0.48,0.563,84.098,0.874,0.033,0.0,Floridaboiii,Yung Rich Cuban,Neutral
0.939,0.42,157.916,0.504,0.0628,0.0,Legend,"Venture Klan, Tacitoak, Li Pierre",Energetic
0.414,0.106,72.993,0.825,0.00265,0.0,Super Gremlin,Kodak Black,Sad
0.569,0.263,148.014,0.735,0.00189,0.000163,OverSeas,Nosy!,Energetic
0.875,0.75,181.884,0.586,0.166,0.0,U Can't Do That,IZZY MEOCK,Happy
0.883,0.27,156.999,0.601,0.00088,0.0,sharktale,Sopperior,Energetic
0.607,0.506,141.992,0.68,0.264,1.39e-05,Hawk Em,Pop Smoke,Happy
0.455,0.897,138.988,0.89,0.158,0.0,Welcome To Brixton,SR,Neutral
0.837,0.479,95.011,0.753,0.0232,0.0,Japanese Steel - Eerie Remix,Ollie Twist,Energetic
0.744,0.764,140.99,0.772,0.0114,0.0,Christopher Walking,Pop Smoke,Happy
0.673,0.776,120.973,0.851,0.0452,0.0,We Getting Money,Sheff G,Happy
0.447,0.207,125.103,0.709,0.025,0.0,Eyes Red,"Lil Durk, Only The Family",Sad
0.426,0.476,110.04,0.782,0.307,0.000144,maple maple,baba bonet,Sad
0.538,0.831,146.933,0.759,0.151,0.0,Back in Blood (feat. Lil Durk),"Pooh Shiesty, Lil Durk",Happy
0.401,0.173,130.977,0.907,0.00892,0.0,Static,2JtheRichest,Sad
0.59,0.723,119.97,0.88,0.08,0.0,M4,"Teto, Matuê",Happy
0.586,0.568,124.041,0.808,0.641,0.0,Me Acostumbre (feat. Bad Bunny),"Arcángel, Bad Bunny",Happy
0.519,0.154,95.006,0.872,0.203,0.0,Plug Walk,Rich The Kid,Energetic
0.668,0.154,134.006,0.798,0.135,4.6e-06,100 Shots,Young Dolph,Energetic
0.655,0.516,139.955,0.845,0.239,0.0,Groupies,"Doode, Teto, Matuê",Happy
0.674,0.482,93.121,0.736,0.352,0.0,Boulot,"KeBlack, SDM",Energetic
0.566,0.54,96.937,0.852,0.221,0.00951,WAHALA (feat. Olamide),"CKay, Olamide",Happy
0.637,0.882,171.264,0.567,0.499,0.0346,Hm Hm hm,Youka,Happy
0.627,0.888,96.593,0.605,0.105,7.75e-05,Après Minuit (feat. Tiakola),"Wizkid, Tiakola",Happy
0.732,0.967,115.019,0.748,0.665,0.0,Minimum ça,Dr. Yaro,Happy
0.552,0.517,112.022,0.813,0.0639,0.00667,Tshwala Bam (feat. S.N.E),"TitoM, Yuppe, Burna Boy, S.N.E",Happy
0.622,0.575,104.273,0.627,0.639,0.0,Satanana (feat. DRE-A),"EBOLOKO, DRE-A",Happy
0.897,0.912,123.138,0.718,0.153,0.0,AZAMAN,Rema,Happy
0.652,0.619,166.058,0.476,0.185,0.104,DIS MOI,"DJ Kawest, Joé Dwèt Filé",Happy
0.631,0.603,175.946,0.721,0.123,3.76e-06,42,Aya Nakamura,Happy
0.796,0.736,104.925,0.463,0.0248,0.0,La vie d'un... / Ma préférée,"Dadju, Tayc",Happy
0.738,0.954,130.18,0.612,0.517,1.57e-06,Toma Toma,"Ruger, Tiwa Savage",Happy
0.821,0.38,104.044,0.721,0.178,0.0,Presidente,"Gabito Ballesteros, Natanael Cano, Luis R Conriquez, Neton Vega",Energetic
0.626,0.512,76.625,0.714,0.26,0.0,"Fronteamos Porque Podemos (feat. Daddy Yankee, Yandel & Nengo Flow)","De La Ghetto, Yandel, Ñengo Flow, Daddy Yankee",Happy
0.733,0.483,78.831,0.474,0.0447,0.0,La Bala,Calle 13,Energetic
0.805,0.866,142.503,0.691,0.59,0.0,"Latinoamérica (feat. Totó la Momposina, Susana Baca & Maria Rita)","Calle 13, Totó La Momposina, Susana Baca, Maria Rita",Happy
0.817,0.777,89.927,0.721,0.153,0.0,Digo Lo Que Pienso,Calle 13,Happy
0.808,0.518,82.15,0.333,0.452,0.0,Adentro,Calle 13,Happy
0.836,0.514,91.0,0.763,0.151,0.0,Epílogo,Canserbero,Happy
0.794,0.829,93.325,0.56,0.619,0.0,Clima Tropical,Canserbero,Happy
0.805,0.846,90.945,0.552,0.678,0.0,Aceptas,Canserbero,Happy
0.685,0.578,103.926,0.697,0.00388,0.000506,1977,Ana Tijoux,Happy
0.896,0.79,90.622,0.662,0.318,0.0,Bandoleros,"Don Omar, Tego Calderón",Happy
0.804,0.926,100.979,0.932,0.128,0.0,¿Qué pasa?,Orishas,Happy
0.744,0.638,87.444,0.57,0.133,0.0134,Abayarde,Tego Calderón,Happy
0.8,0.959,87.319,0.646,0.692,0.0,La Fokin Moda,Calle 13,Happy
0.516,0.733,70.038,0.725,0.188,0.0,Shock,Ana Tijoux,Happy
0.664,0.695,90.168,0.742,0.0393,0.0,Rueda De Prensa,Akapellah,Happy
0.455,0.223,127.966,0.907,0.272,0.0366,Milki,Akapellah,Sad
0.573,0.369,88.914,0.651,0.0651,0.0,La Vida Es Un Freestyle,Akapellah,Energetic
0.484,0.733,82.741,0.661,0.71,0.0,Fue un Placer,Los Aldeanos,Neutral
0.674,0.327,96.69,0.647,0.549,0.0,Alegria,Tego Calderón,Energetic
0.62,0.824,170.598,0.636,0.078,0.0,Payaso,"Tego Calderón, Eddie Dee, Voltio",Happy
0.663,0.687,90.368,0.677,0.282,3.85e-05,Lo Hecho Hecho Esta,"Tego Calderón, Chyno Nyno, Voltio, Pirulo, Ñejo",Happy
0.715,0.398,100.002,0.817,0.183,0.0,Sakhiyan2.0,"Maninder Buttar, Zahrah S Khan, Tanishk Bagchi",Energetic
0.573,0.236,82.941,0.603,0.478,0.0,"Ranjha (From ""Shershaah"")","Jasleen Royal, B Praak, Romy, Anvita Dutt",Energetic
0.467,0.193,90.831,0.428,0.68,0.0,"Mann Bharryaa 2.0 (From ""Shershaah"")","B Praak, Jaani",Sad
0.785,0.515,91.101,0.638,0.185,0.0,Lut Gaye,"Jubin Nautiyal, Emraan Hashmi",Happy
0.338,0.451,96.981,0.573,0.864,4.41e-06,Kabhii Tumhhe,"Javed-Mohsin, Darshan Raval",Sad
0.907,0.635,141.936,0.488,0.00249,0.0,Not Giving In,Broken Colours,Happy
0.173,0.146,109.988,0.359,0.924,0.0,She Loves You,Reid Anderson,Sad
0.706,0.925,175.106,0.583,0.00558,0.712,Hazel Hall,Motrik,Happy
0.302,0.301,100.008,0.69,0.263,2.37e-06,Too Many Songs,Rebecca Aadland,Sad
0.625,0.486,90.032,0.51,0.0542,0.0,Better Weather,Jay Statham,Energetic
0.288,0.125,129.699,0.39,0.758,0.00233,Devil Got You,Madame Kapuscinska,Sad
0.785,0.719,95.328,0.35,0.336,2.76e-05,Just Another Daydream,Jacob Reddy,Happy
0.736,0.82,129.986,0.721,0.17,0.00644,I Saw You Cry,Feet down Below,Happy
0.616,0.374,102.047,0.445,0.0043,0.000122,My Girl,Mayflower,Energetic
0.75,0.666,124.489,0.56,0.0112,0.00131,To Feel The Sun,The Scarlet Goodbye,Happy
0.778,0.0975,194.066,0.158,0.000787,1.22e-05,Pieces,The Juice,Energetic
0.828,0.667,113.016,0.58,0.00559,0.000471,Waiting,Grimm Jack,Happy
0.517,0.793,119.991,0.765,0.0182,0.0188,Ocean Lights,George Knight,Happy
0.647,0.232,79.885,0.46,0.0452,0.0236,I Feel,Beka O,Energetic
0.843,0.249,172.045,0.203,0.000793,0.00278,V.,DIAMØND SNAKE,Energetic
0.809,0.292,129.985,0.566,0.681,0.000451,Starlight,The Lone Monkeys,Energetic
0.789,0.311,97.539,0.64,0.0338,0.00388,Lisztomania,Phoenix,Energetic
0.908,0.649,161.011,0.476,0.00776,0.000553,People Watching,Sam Fender,Happy
0.658,0.293,150.093,0.615,0.096,0.000911,Breezeblocks,alt-J,Energetic
0.501,0.961,134.014,0.781,0.66,3.78e-06,ROCKMAN,Mk.gee,Happy
0.526,0.384,153.0,0.543,0.0447,0.0533,Maple Syrup,The Backseat Lovers,Energetic
0.699,0.512,122.942,0.56,0.00483,0.0,Murder on the Dance Floor - triple j Like A Version,Royel Otis,Happy
0.896,0.567,118.001,0.595,0.0641,5.82e-05,My Type,Saint Motel,Happy
0.675,0.763,97.04,0.612,0.0994,0.0,Helmet,Steve Lacy,Happy
0.687,0.418,108.075,0.833,0.58,0.00453,Alesis,Mk.gee,Energetic
0.701,0.892,130.091,0.721,0.000927,0.026,Wet Dream,Wet Leg,Happy
0.84,0.749,183.059,0.569,0.0295,0.000118,Lost In Yesterday,Tame Impala,Happy
0.749,0.485,131.024,0.6,0.0467,0.295,Kyoto,Phoebe Bridgers,Energetic
0.794,0.6,101.096,0.576,0.0222,0.000155,Nothing Matters,The Last Dinner Party,Happy
0.354,0.602,78.964,0.807,0.15,0.713,Mama's Boy,Dominic Fike,Neutral
0.771,0.79,111.057,0.658,0.000893,0.001,So Cold,Balu Brigada,Happy
0.663,0.676,134.924,0.654,0.0589,0.0557,She Wants To Go Dancing,Mt. Joy,Happy
0.513,0.844,153.683,0.653,0.964,0.693,Are You Looking Up,Mk.gee,Happy
0.565,0.705,130.047,0.713,0.0252,3.2e-06,Temper Temper,Lime Cordiale,Happy
0.804,0.222,107.48,0.528,0.0104,0.0,Shake It Out,Florence + The Machine,Energetic
0.882,0.81,145.73,0.537,0.00035,9.06e-05,Here It Goes Again,OK Go,Happy
0.681,0.53,96.006,0.642,0.119,0.533,Nack Nostalgia,Royel Otis,Happy
0.885,0.289,110.072,0.63,0.000397,1.37e-06,Don't Take The Money,Bleachers,Energetic
0.452,0.209,168.102,0.538,0.368,2.26e-05,Think Fast (feat. Weezer),"Dominic Fike, Weezer",Sad
0.797,0.965,139.963,0.636,0.00598,4.26e-06,Calling After Me,Wallows,Happy
0.601,0.856,122.017,0.602,0.037,0.0046,"Dance, Baby!",boy pablo,Happy
0.851,0.479,168.049,0.607,0.623,0.351,help herself,"bbno$, Diamond Pistols",Energetic
0.915,0.398,190.013,0.446,0.00281,3.87e-05,I Wanna Get Better,Bleachers,Energetic
0.923,0.551,108.014,0.695,0.0425,0.0469,New Gold (feat. Tame Impala and Bootie Brown),"Gorillaz, Tame Impala, Bootie Brown",Happy
0.829,0.704,144.099,0.59,0.0601,3.99e-05,1901,Phoenix,Happy
0.538,0.713,95.508,0.9,0.229,0.843,Rawnald Gregory Erickson the Second,STRFKR,Happy
0.954,0.944,95.008,0.474,1.21e-05,1.17e-06,Osmosis,Good Kid,Happy
0.761,0.466,141.282,0.323,0.00942,0.000586,Look At Us Now (Honeycomb),Daisy Jones & The Six,Energetic
0.704,0.645,162.983,0.639,0.22,0.0872,Campus,Vampire Weekend,Happy
0.631,0.491,91.007,0.537,0.0453,0.003,Take A Bite,beabadoobee,Energetic
0.892,0.892,150.255,0.578,0.000139,0.0111,Banquet,Bloc Party,Happy
0.844,0.34,140.034,0.472,0.00173,0.0,Anna Sun,WALK THE MOON,Energetic
0.627,0.402,117.992,0.551,0.0065,0.0637,$20,"boygenius, Julien Baker, Phoebe Bridgers, Lucy Dacus",Energetic
0.697,0.591,96.729,0.683,0.169,2.46e-06,Give Up Baby Go,Peach Pit,Happy
0.0319,0.0599,79.893,0.5,0.983,0.913,Glum Look,drawn animal,Sad
0.0908,0.138,173.629,0.219,0.989,0.939,on the edge,Zupa Fitz,Sad
0.206,0.0873,116.097,0.639,0.758,0.9,pink skies,morning green,Sad
0.146,0.0717,87.739,0.27,0.781,0.811,Eyes Closed,Red Cedar,Sad
0.184,0.152,152.043,0.447,0.544,0.924,Bottled Message,Coltsfoot,Sad
0.292,0.237,146.005,0.795,0.611,0.834,Stairs,only jo,Sad
0.19,0.038,93.992,0.518,0.933,0.936,late nights,Slowday,Sad
0.174,0.285,76.997,0.611,0.883,0.928,Ghost,"Jmss, PØPE",Sad
0.165,0.131,119.976,0.869,0.61,0.911,Peachy,cloud minor,Sad
0.16,0.0386,159.989,0.482,0.9,0.924,petra's lullaby,sellar,Sad
0.287,0.201,80.663,0.652,0.588,0.906,Albaizyn,lorleaf,Sad
0.39,0.189,109.886,0.594,0.907,0.918,Karma With Some Fries,Origami Boy,Sad
0.277,0.281,116.15,0.638,0.741,0.834,after all,softflow,Sad
0.0517,0.0506,125.964,0.581,0.965,0.953,Afterhours,cxlt.,Sad
0.0516,0.309,144.085,0.691,0.986,0.948,Beyond the garden,Dizzy Boy,Sad
0.136,0.354,153.998,0.608,0.882,0.926,keeping up appearances,Zupa Fitz,Sad
0.153,0.265,130.082,0.77,0.875,0.259,Lemon Trees,"Louie's Tapes, Lemon Kids",Sad
0.28,0.125,66.141,0.415,0.764,0.757,Walking Home,caens,Sad
0.111,0.133,130.032,0.699,0.906,0.792,memory,"HM Surf, sove",Sad
0.124,0.163,69.99,0.563,0.948,0.932,Hazy,Sihu,Sad
0.104,0.192,160.05,0.655,0.944,0.956,random thoughts,softclouds,Sad
0.114,0.034,102.495,0.351,0.851,0.935,Eclipse,parrow,Sad
0.168,0.239,96.936,0.509,0.903,0.519,Airy Dream,poems,Sad
0.0558,0.0346,77.977,0.603,0.969,0.932,Tiger Tales (of the Concrete Jungle),Tigerpalm*Bay,Sad
0.163,0.0791,130.122,0.61,0.973,0.951,Island Bounce,Hi Hat Henry,Sad
0.171,0.523,86.032,0.802,0.684,0.909,Distance,Strehlow,Neutral
0.131,0.09,136.039,0.679,0.611,0.943,change of heart,slowburn,Sad
0.102,0.108,112.378,0.445,0.931,0.918,First Things First,Red Cedar,Sad
0.323,0.218,75.989,0.672,0.897,0.911,poseidon,low&slow,Sad
0.151,0.183,79.993,0.5,0.825,0.891,snoozed,lilibu,Sad
0.148,0.121,97.45,0.4,0.932,0.916,Napwave Nirvana,Dozy Duzzn,Sad
0.0616,0.0393,54.998,0.222,0.988,0.935,cocoon,sellar,Sad
0.0611,0.0793,171.707,0.369,0.945,0.842,Low Battery,jeppa.,Sad
0.216,0.0351,122.047,0.581,0.861,0.871,kinda nice,Earium,Sad
0.113,0.122,137.954,0.591,0.928,0.883,Midnight Groove,Nova Night,Sad
0.465,0.755,131.992,0.704,0.916,0.881,Tough Night,Thin Wire,Neutral
0.331,0.129,113.978,0.761,0.374,0.854,Lost in the Mail,Dylan Sitts,Sad
0.0236,0.111,103.938,0.537,0.984,0.869,a little sun nap,Kainbeats,Sad
0.0379,0.0422,61.028,0.538,0.977,0.911,trail running,le gronk,Sad
0.0669,0.231,138.049,0.769,0.913,0.911,fika,mellow fox,Sad
0.185,0.0399,143.937,0.566,0.98,0.933,Melt,eze east,Sad
0.336,0.428,75.968,0.795,0.685,0.934,Multiply,A & C,Sad
0.302,0.557,85.968,0.734,0.384,0.731,After Hours,Gooee,Neutral
0.301,0.0882,138.252,0.672,0.928,0.938,sunny day dreaming,Twiggy Fiz,Sad
0.12,0.349,80.113,0.587,0.933,0.924,omw,Knowmadic,Sad
0.16,0.483,85.984,0.761,0.799,0.927,pawsitive,misty tapes,Sad
0.143,0.3,124.007,0.845,0.806,0.939,Flower Kingdom,Mossdeep,Sad
0.319,0.404,91.77,0.715,0.73,0.532,hjortron,bomull,Sad
0.301,0.289,160.024,0.579,0.883,0.897,So Very Much,nora haze,Sad
0.0902,0.205,69.995,0.543,0.975,0.829,Days before,Dino P,Sad
0.158,0.444,70.022,0.73,0.813,0.939,Friday Dazed,Alek Faith,Sad
0.13,0.501,140.095,0.715,0.596,0.896,shanghai tower,yellofish,Neutral
0.0581,0.476,134.343,0.64,0.76,0.848,late night walking,Rustique Beats,Sad
0.0277,0.0681,80.021,0.543,0.957,0.903,afternoon walk,herbstreit,Sad
0.267,0.345,128.012,0.895,0.668,0.925,Beam Me Up,Adam Space,Sad
0.205,0.0551,140.057,0.675,0.718,0.903,BAGS,Seame,Sad
0.397,0.251,160.044,0.671,0.713,0.928,Indigo,Lazlow,Sad
0.285,0.143,139.992,0.777,0.754,0.897,Stones,W8lss,Sad
0.0909,0.0981,69.004,0.422,0.871,0.886,SoulShower,Bus Topp,Sad
0.228,0.503,124.98,0.923,0.78,0.931,projection,love_eight,Neutral
0.332,0.51,89.995,0.671,0.761,0.904,Natural Midst,Illum Noyz,Neutral
0.385,0.378,87.993,0.721,0.88,0.841,Sunflower,Velvet Static,Sad
0.048,0.228,119.954,0.836,0.193,0.894,watercolour,Zoe Reed,Sad
0.306,0.131,76.976,0.645,0.786,0.0669,Who's Driving?,Galva-Nice,Sad
0.277,0.638,84.985,0.739,0.841,0.893,Paris,Trippy Park,Neutral
0.32,0.783,143.995,0.807,0.349,0.906,Car Ride,Gittiye,Neutral
0.3,0.292,94.006,0.848,0.655,0.915,Flow State,Poof Tricks,Sad
0.115,0.0774,119.992,0.793,0.661,0.929,happy moggie,louke's beats,Sad
0.283,0.0695,79.878,0.396,0.901,0.92,Surf Tiger,ohlos,Sad
0.259,0.0726,80.038,0.676,0.664,0.867,Forgotten Dreams,Holy Jamie,Sad
0.0657,0.939,78.071,0.732,0.687,0.692,Sunset Boulevard,Phive O,Neutral
0.178,0.15,75.004,0.502,0.918,0.934,midnight escape,sellar,Sad
0.347,0.331,132.972,0.891,0.941,0.931,glow,low&slow,Sad
0.374,0.557,134.962,0.871,0.881,0.912,cashmere,Zatsuma,Neutral
0.249,0.254,120.003,0.891,0.976,0.952,spring is coming,jaackson,Sad
0.338,0.241,134.119,0.564,0.968,0.904,my own practice,hoodeeny,Sad
0.0859,0.0863,140.209,0.896,0.802,0.92,Shifting Sands,G:sson,Sad
0.162,0.376,83.927,0.613,0.83,0.894,Sunset,"Lotus Beats, Notation",Sad
0.34,0.442,180.031,0.68,0.764,0.858,Hazel Eyes,Loomington,Sad
0.271,0.295,140.013,0.709,0.933,0.879,Expected Events,Poof Tricks,Sad
0.0924,0.237,158.049,0.766,0.897,0.934,Vortex,Zeitgeister,Sad
0.235,0.428,89.999,0.804,0.959,0.903,temporary approved,Oroshi,Sad
0.249,0.728,84.983,0.867,0.776,0.913,"High five, low-fi",Dusty Kadinsky,Neutral
0.211,0.181,94.019,0.664,0.885,0.844,letter to amtis,nightnotes,Sad
0.206,0.557,62.942,0.654,0.934,0.88,Up In The Clouds Again,astra division,Neutral
0.187,0.643,84.891,0.814,0.931,0.841,Autumn Stroll,Pi Teddy,Neutral
0.108,0.374,140.033,0.769,0.877,0.914,Lush,Cal Credence,Sad
0.253,0.181,129.971,0.666,0.906,0.887,The City,Audio Phill,Sad
0.351,0.74,76.992,0.804,0.887,0.888,Seasons,M.I Hakone,Neutral
0.218,0.663,129.997,0.879,0.566,0.79,the clearing,Zoe Reed,Neutral
0.0408,0.152,130.014,0.643,0.825,0.921,Softly Whispering,Convivial,Sad
0.379,0.552,147.97,0.67,0.596,0.761,Matcha,"Yawuh, Koralle",Neutral
0.279,0.437,88.956,0.759,0.397,0.799,Sunny Side,ninetytwo.,Sad
0.134,0.441,140.124,0.794,0.924,0.928,New Season,sunala.,Sad
0.342,0.365,160.082,0.685,0.648,0.703,act n' chill,HPY DAYZ,Sad
0.424,0.303,75.233,0.794,0.944,0.95,starry night,Mathis,Sad
0.269,0.614,139.986,0.9,0.508,0.686,Bar Breeze,Hammocks & Lime,Neutral
0.21,0.609,123.965,0.838,0.565,0.945,Winter Artifacts,Carl Borg,Neutral
0.264,0.0844,68.003,0.53,0.985,0.924,park stroll,Fya Playce,Sad
0.366,0.172,71.008,0.789,0.835,0.422,fliff,Zonyo,Sad
0.0455,0.038,71.045,0.615,0.942,0.921,camping trip,Collinsworthy,Sad
0.21,0.0622,60.019,0.594,0.887,0.928,imstillfallingfor,ELEWAKA,Sad
0.529,0.363,79.981,0.685,0.34,0.89,Incredibly happy,Silk Soul,Energetic
0.209,0.316,139.943,0.748,0.776,0.89,rose quartz,Cyan_95,Sad
0.31,0.508,241.426,0.431,0.771,0.893,Lo-fi Love Letters,Idris Kelly,Neutral
0.166,0.236,76.003,0.607,0.723,0.427,Borrowed Car,slowvibe,Sad
0.128,0.651,74.988,0.887,0.801,0.926,Flash,Aurora 10,Neutral
0.337,0.288,128.088,0.709,0.921,0.916,Marbles,"Maggotts&Becketts, chill.farm",Sad
0.376,0.17,132.41,0.859,0.608,0.774,fuzzy felt,lilibu,Sad
0.11,0.0797,108.157,0.565,0.96,0.966,find whats lost,mutedvibes,Sad
0.24,0.156,58.031,0.551,0.73,0.951,Behind the stars,Slumbering Elk,Sad
0.272,0.222,93.656,0.5,0.9,0.945,Lazy Locomotive,Cmd q,Sad
0.368,0.08,77.951,0.633,0.795,0.918,Honestly,Blank x Blank,Sad
0.425,0.404,171.982,0.659,0.29,0.9,head in the clouds,drewbee,Sad
0.304,0.485,82.03,0.655,0.942,0.889,Dance The Night,Analog Bow,Sad
0.356,0.245,144.203,0.747,0.91,0.957,Heroes Retreat,Conjure kid,Sad
0.362,0.73,84.801,0.559,0.79,0.929,Donuts,Loomington,Neutral
0.47,0.427,75.008,0.617,0.401,0.526,the neighborhood,ninetytwo.,Sad
0.325,0.151,82.847,0.472,0.896,0.915,Early Birds,"FloFilz, HNNY",Sad
0.198,0.164,83.983,0.831,0.943,0.74,The Day Before Yesterday,merīkurisumasu!,Sad
0.49,0.175,132.682,0.582,0.73,0.905,Laundry Tessomancy,Violet Blanca,Sad
0.0518,0.299,111.893,0.335,0.984,0.936,Snooze Groove,Dozy Duzzn,Sad
0.335,0.497,130.077,0.824,0.905,0.914,devotion,Summer Clarke,Sad
0.276,0.511,139.971,0.691,0.811,0.872,semi-hollow,Ponzi Skeemz,Neutral
0.378,0.326,174.068,0.636,0.258,0.848,Smoking at Sundown,peerless,Sad
0.163,0.31,168.056,0.69,0.932,0.937,rolling,Collinsworthy,Sad
0.0929,0.192,116.163,0.523,0.919,0.885,deep reverie,buggy beats,Sad
0.319,0.404,75.996,0.65,0.778,0.916,Bareru Rōru,d.w.h,Sad
0.179,0.184,160.01,0.827,0.899,0.887,pistachios forever,uniqlesse,Sad
0.21,0.176,153.988,0.686,0.912,0.927,Satin Soul,"Ghostnaut, Lunath",Sad
0.466,0.312,168.063,0.638,0.828,0.909,Con Bajo Fidelidad,The Fly Guy Five,Sad
0.354,0.31,78.044,0.84,0.848,0.874,Green Coco,Alana Coello,Sad
0.138,0.0397,77.0,0.633,0.958,0.946,catch me,knock on wood,Sad
0.372,0.26,79.992,0.574,0.792,0.9,yo!,H I K E,Sad
0.274,0.376,129.921,0.75,0.698,0.903,neutron,Cyan_95,Sad
0.329,0.353,136.115,0.86,0.795,0.913,looking back,nearly monday,Sad
0.27,0.16,75.222,0.661,0.941,0.897,All downhill from here,Art Vandeley,Sad
0.285,0.202,77.007,0.753,0.929,0.927,con leche,Camden Clown,Sad
0.226,0.492,140.046,0.623,0.8,0.923,The Jam,Audio Phill,Sad
0.325,0.229,69.959,0.578,0.898,0.93,Let's Puddle,Lime Nyorobon,Sad
0.338,0.366,78.015,0.635,0.87,0.927,piece of cake,"Beats Me, Innit?",Sad
0.114,0.0378,114.063,0.592,0.855,0.926,luminescence,"steezy prime, luv pug",Sad
0.235,0.361,56.521,0.466,0.905,0.868,Ayways,A & C,Sad
0.244,0.347,75.03,0.806,0.671,0.92,morning coffee,bearé,Sad
0.351,0.477,78.396,0.697,0.95,0.874,Slowmotion,Zauvage,Sad
0.274,0.215,75.027,0.807,0.793,0.813,ottos visa,bomull,Sad
0.445,0.324,90.182,0.836,0.545,0.459,Their Name Is Jazz,yoranda,Sad
0.116,0.488,81.653,0.648,0.969,0.895,sandwhich beach,Grace Belly,Sad
0.234,0.175,73.943,0.622,0.856,0.912,Inner Peace,Moon Cheese,Sad
0.291,0.171,89.993,0.827,0.604,0.869,horizon,Lunar Lullaby & yorukaze,Sad
0.41,0.322,123.964,0.686,0.843,0.852,no way but up,Phresh Milk,Sad
0.133,0.491,138.056,0.706,0.877,0.852,My Promise,myndstream,Sad
0.204,0.358,62.944,0.671,0.919,0.931,Avocades,Breakfast For Brunch,Sad
0.466,0.454,70.087,0.768,0.95,0.933,Lost Without You,chill.farm,Sad
0.294,0.198,69.94,0.599,0.926,0.93,Memories & Notes,Juliette,Sad
0.235,0.0888,147.0,0.569,0.724,0.904,Watching Walls,"Sleepermane, Dontcry",Sad
0.259,0.186,80.045,0.678,0.288,0.838,benice,okayokay,Sad
0.0401,0.316,131.903,0.746,0.977,0.929,favour the brave,Rustique Beats,Sad
0.182,0.452,70.043,0.589,0.173,0.789,Ham On Rye,Worn Tape,Sad
0.283,0.288,160.206,0.647,0.623,0.879,Everything I Need,Stekt,Sad
0.267,0.17,148.117,0.574,0.983,0.931,Through The Garden,eze east,Sad
0.15,0.143,145.704,0.375,0.98,0.902,Wait For Spring,Fya Playce,Sad
0.115,0.49,85.001,0.652,0.93,0.914,Wistful Silhouettes,"Chill Def, alt.bin.beats",Sad
0.265,0.135,74.994,0.639,0.693,0.835,Through the Portal,iasilma,Sad
0.197,0.521,147.974,0.656,0.834,0.482,big buddha,Max Hayward,Neutral
0.172,0.112,124.058,0.713,0.982,0.963,Our Feelings,Akkoro,Sad
0.245,0.519,130.08,0.908,0.177,0.824,Do not forget,Perry Goldfish,Neutral
0.427,0.292,129.996,0.79,0.751,0.911,Beauty,W8lss,Sad
0.0962,0.31,139.943,0.798,0.515,0.806,ting,_tag,Sad
0.233,0.338,64.993,0.548,0.9,0.913,poolside,May-Flowa,Sad
0.391,0.487,168.572,0.366,0.915,0.921,blue bird,"Slipp, Nick's chill factory",Sad
0.246,0.838,79.018,0.717,0.664,0.91,Garden Suitcase,hello low,Neutral
0.301,0.604,78.87,0.741,0.91,0.907,Autumn Briefs,Dasunny,Neutral
0.454,0.49,80.03,0.824,0.277,0.903,traffic,Lunar Lullaby & yorukaze,Sad
0.379,0.336,72.996,0.624,0.899,0.842,fastback ride,Nitta' Gritta',Sad
0.316,0.377,80.148,0.52,0.297,0.928,One more for the road,Attic Dizzt,Sad
0.298,0.443,75.086,0.623,0.857,0.895,Preciso,Tom Doolie,Sad
0.434,0.0889,136.003,0.8,0.823,0.939,Tea,Osian Lewis,Sad
0.253,0.317,74.077,0.733,0.861,0.928,less-than-flattering,Slow Bounce,Sad
0.565,0.252,135.82,0.802,0.473,0.944,Mister you forgot your hat,Meryl Street,Energetic
0.457,0.345,78.552,0.54,0.607,0.626,Laurel Canyon,cuttingwood,Sad
0.253,0.373,130.389,0.559,0.683,0.857,Hidden Cataract,Carl Borg,Sad
0.331,0.375,74.996,0.559,0.64,0.902,until we meet again,LVTA,Sad
0.302,0.261,78.005,0.536,0.807,0.899,Peaceful Ghost,"Salvador, Nick's chill factory",Sad
0.687,0.734,81.955,0.828,0.0713,0.000296,fruta verde,Mirá,Happy
0.244,0.6,103.307,0.757,0.929,0.898,saveme.,"Dpsht, tenkousei.",Neutral
0.135,0.595,80.008,0.751,0.888,0.692,Dad's Typewriter Feels,Looper Boy,Neutral
0.142,0.37,84.931,0.561,0.869,0.9,Meltdown,Arlos,Sad
0.13,0.321,79.993,0.657,0.204,0.341,The Way To Eden,louke's beats,Sad
0.177,0.275,144.299,0.639,0.918,0.502,Arboreous,"Bogomolove, Senn",Sad
0.466,0.504,160.02,0.683,0.754,0.865,Adamant,Kuma,Neutral
0.383,0.433,80.314,0.328,0.988,0.935,Hokkaido Breeze,Furry Beats,Sad
0.292,0.647,79.239,0.551,0.646,0.859,fantasize,bdazzled.,Neutral
0.395,0.204,80.028,0.715,0.851,0.928,Humble Thoughts,Somebody's Son,Sad
0.473,0.84,89.945,0.857,0.631,0.421,Piano Roll,Vancgroover,Neutral
0.207,0.373,90.005,0.784,0.0222,0.007,Walk in the Park,NogEgg,Sad
0.405,0.672,118.245,0.686,0.611,0.0,King of the Road,George Claymon,Neutral
0.518,0.676,104.565,0.661,0.267,0.000158,Ring of Fire,Johnny Cash,Happy
0.421,0.378,73.645,0.62,0.712,4.64e-06,Always on My Mind,Jason Morrigan,Sad
0.404,0.346,70.986,0.537,0.534,0.000233,Crazy,Jess Sharon,Sad
0.445,0.664,81.953,0.455,0.663,0.0,"Take Me Home, Country Roads (Original Version) [Remastered]",John Denver,Neutral
0.68,0.704,90.607,0.701,0.303,1.51e-05,"Forever and Ever, Amen",Randy Travis,Happy
0.688,0.785,165.002,0.601,0.474,0.00103,Lay Down Sally,Monica Lopez,Happy
0.336,0.553,105.479,0.552,0.828,0.0,"Please Help Me, I'm Falling",Hank Locklin,Neutral
0.717,0.491,91.068,0.702,0.0607,1.88e-05,Can’t Wait For You,Mary J. Blige,Energetic
0.538,0.369,115.011,0.579,0.582,0.0,Timeless,"Byron Juane, Kenyon Dixon",Energetic
0.142,0.1,69.827,0.367,0.913,0.00367,DO 4 LOVE,Snoh Aalegra,Sad
0.364,0.184,123.872,0.365,0.834,0.000753,Anyways,Elmiene,Sad
0.462,0.655,173.866,0.596,0.476,0.0581,When I'm in Your Arms,Cleo Sol,Neutral
0.462,0.803,173.978,0.717,0.19,0.000155,Out My Hair,Mack Keane,Neutral
0.904,0.764,151.926,0.617,0.317,0.0,YA YA,Beyoncé,Happy
0.782,0.511,79.979,0.613,0.369,0.000112,Glad You Came,Mario,Happy
0.619,0.354,136.077,0.658,0.788,0.0667,Good & Plenty,"Alex Isley, Masego, Jack Dine",Energetic
0.188,0.151,75.085,0.449,0.983,3.24e-06,somebody new,Mac Ayres,Sad
0.176,0.497,78.929,0.574,0.928,0.437,Go Baby,Cleo Sol,Sad
0.574,0.472,140.592,0.525,0.146,0.000167,alone,Tiana Major9,Energetic
0.184,0.21,146.701,0.451,0.554,0.0414,Fear When You Fly,Cleo Sol,Sad
0.44,0.38,98.615,0.236,0.767,0.573,In Limbo,"Pale Jay, Ironsides",Sad
0.627,0.749,139.915,0.701,0.453,0.103,HiYA,Ray Lozano,Happy
0.662,0.469,118.009,0.669,0.49,0.0215,God Gave Me Feet For Dancing (feat. Yazmin Lacey),"Ezra Collective, Yazmin Lacey",Energetic
0.233,0.384,154.026,0.724,0.513,0.0279,Free Fallin',Amaria,Sad
0.447,0.444,145.886,0.609,0.813,0.0453,Messy,Olivia Dean,Sad
0.57,0.663,89.726,0.606,0.454,4.8e-06,I USED TO (feat. Baby Rose),"Leon Thomas, Baby Rose",Happy
0.481,0.078,119.783,0.675,0.141,0.0,Made For Me (with Mariah Carey),"Muni Long, Mariah Carey",Sad
0.645,0.598,83.025,0.65,0.248,8.41e-06,All I Want Is You,"October London, Boney James",Happy
0.489,0.662,85.032,0.691,0.645,1.61e-06,DESERT EAGLE,Beyoncé,Neutral
0.47,0.425,128.047,0.641,0.219,0.0317,SOS (Sex on Sight) (feat. USHER),"Victoria Monét, USHER",Sad
0.266,0.683,92.011,0.797,0.289,0.0368,Promises,Cleo Sol,Neutral
0.624,0.705,175.94,0.518,0.361,1.38e-06,Sweet Little Rainbows,Allen Stone,Happy
0.814,0.761,107.094,0.688,0.0196,0.0,Smoke,Ari Lennox,Happy
0.76,0.543,87.934,0.582,0.218,2.09e-06,Light Work,Elmiene,Happy
0.693,0.586,91.973,0.714,0.0417,0.0,You Ain't The Only One,Mary J. Blige,Happy
0.411,0.845,90.876,0.836,0.42,0.382,Fight for Love,SAULT,Neutral
0.496,0.418,172.008,0.703,0.107,6.73e-05,Space,Mario,Sad
0.566,0.722,137.521,0.551,0.177,2.45e-05,Waiting on the Right Time,Thee Sacred Souls,Happy
0.381,0.132,82.939,0.605,0.575,0.0,Celebrate,"Jordan Rakei, STUTS",Sad
0.539,0.548,76.796,0.537,0.277,7.45e-05,Anyone In Love,Jalen Ngonda,Happy
0.418,0.338,129.959,0.688,0.67,0.000873,Crystal Tears,Elmiene,Sad
0.45,0.483,132.951,0.595,0.75,0.0167,Simply Beautiful,Maxwell,Sad
0.488,0.554,64.942,0.626,0.429,0.0,That's You,Lucky Daye,Neutral
0.575,0.291,189.935,0.441,0.305,0.0,Something We Can Make Love To,"Eric Benét, Tamar Braxton",Energetic
0.527,0.692,142.056,0.619,0.388,0.008,That's What I Love,Leon Bridges,Happy
0.622,0.656,83.043,0.627,0.474,7.8e-06,All I Want Is You [Feat. October London],"Boney James, October London",Happy
0.658,0.362,85.984,0.719,0.475,0.0484,Don't Sleep (feat. Thundercat),"Victoria Monét, Thundercat",Energetic
0.626,0.833,159.94,0.565,0.632,0.536,MoveOn,"NxWorries, Anderson .Paak, Knxwledge",Happy
0.388,0.534,80.018,0.752,0.311,0.00988,2 Much,Qendresa,Neutral
0.816,0.788,113.053,0.809,0.0181,0.00566,Bend,Wizkid,Happy
0.897,0.912,123.138,0.718,0.153,0.0,AZAMAN,Rema,Happy
0.672,0.804,96.003,0.694,0.307,0.0,Bad Vibes (feat. Seyi Vibez),"Ayra Starr, Seyi Vibez",Happy
0.512,0.842,116.945,0.784,0.0951,0.000334,Higher,Burna Boy,Happy
0.588,0.705,111.006,0.819,0.558,8.47e-05,Lomo Lomo,"KiDi, Black Sherif",Happy
0.841,0.838,147.989,0.754,0.136,0.0,OZEBA,Rema,Happy
0.414,0.465,111.99,0.847,0.243,0.0,Saint Tropez,"Juls, Victony",Sad
0.812,0.823,100.049,0.455,0.372,0.0,Favourite Girl (with Rema),"Darkoo, Rema",Happy
0.765,0.844,84.978,0.598,0.275,0.0,Marhaba,Kizz Daniel,Happy
0.657,0.932,100.104,0.887,0.153,0.000363,everyday,Fireboy DML,Happy
0.592,0.754,108.081,0.824,0.674,0.0617,Asylum,Olivetheboy,Happy
0.552,0.517,112.022,0.813,0.0639,0.00667,Tshwala Bam (feat. S.N.E),"TitoM, Yuppe, Burna Boy, S.N.E",Happy
0.986,0.421,175.003,0.494,0.0505,4.41e-06,新時代 - ウタ from ONE PIECE FILM RED,Ado,Energetic
0.886,0.601,117.064,0.56,0.0593,0.0,SPECIALZ,King Gnu,Happy
0.91,0.602,92.591,0.585,0.0138,0.0,廻廻奇譚,Eve,Happy
0.918,0.784,150.094,0.542,0.0101,0.0,ミックスナッツ,OFFICIAL HIGE DANDISM,Happy
0.54,0.354,111.955,0.592,0.692,0.00187,One Last Kiss,Hikaru Utada,Energetic
0.685,0.308,152.04,0.477,0.105,0.0,炎,LiSA,Energetic
0.415,0.342,78.025,0.571,0.615,0.0,すずめ,"RADWIMPS, Toaka",Sad
0.939,0.463,190.066,0.37,0.00165,2.14e-06,青春コンプレックス,結束バンド,Energetic
0.973,0.91,137.024,0.734,0.0435,0.000548,トウキョウ・シャンディ・ランデヴ,"MAISONdes, 花譜, ツミキ",Happy
0.878,0.358,100.267,0.402,0.000242,0.0,オレンジ,SPYAIR,Energetic
0.953,0.477,96.047,0.569,0.166,5.78e-06,花になって - Be a flower,Ryokuoushoku Shakai,Energetic
0.904,0.728,121.994,0.648,0.0961,2.07e-06,LOST IN PARADISE,"ALI, AKLO",Happy
0.889,0.506,139.903,0.61,0.000794,0.0865,Symphony Of Destruction,Megadeth,Happy
0.896,0.924,90.009,0.649,0.000319,1.19e-05,Down with the Sickness,Disturbed,Happy
0.891,0.226,92.049,0.283,0.00678,0.0038,Blind,Korn,Energetic
0.934,0.411,96.038,0.624,0.00232,2.67e-05,Hellraiser - 30th Anniversary Edition,"Ozzy Osbourne, Lemmy, Motörhead",Energetic
0.985,0.221,125.307,0.325,0.00177,0.107,Holy Wars...The Punishment Due - 2004 Remix,Megadeth,Energetic
0.874,0.261,119.708,0.428,0.000337,0.0419,Roots Bloody Roots,Sepultura,Energetic
0.987,0.1,103.162,0.435,0.000195,0.0879,Painkiller,Judas Priest,Energetic
0.941,0.278,102.198,0.532,0.000579,0.0527,Pull Me Under,Dream Theater,Energetic
0.931,0.233,162.115,0.214,0.000705,3.09e-06,Tears Don't Fall,Bullet For My Valentine,Energetic
0.996,0.327,93.345,0.382,0.00208,0.0,Wait and Bleed,Slipknot,Energetic
0.98,0.285,155.045,0.445,2.45e-05,0.163,War Eternal,Arch Enemy,Energetic
0.876,0.499,164.992,0.46,6.85e-05,0.798,Raise Your Horns,Amon Amarth,Energetic
0.63,0.47,97.972,0.732,0.502,5.52e-05,19,Dan Whitlam,Energetic
0.869,0.457,169.972,0.33,0.0831,0.000557,Non Stop Action,"Ki!, Al Agami",Energetic
0.789,0.663,92.998,0.743,0.123,0.0,Keep It Alive,"Alias Molombo, Skee",Happy
0.8,0.734,108.013,0.786,0.456,0.00023,LAST NIGHT WAS LOVELY,STRIPE,Happy
0.671,0.463,84.902,0.667,0.358,0.0,Words of Wisdom,Aastn,Energetic
0.675,0.517,179.97,0.665,0.262,0.0,breathe,Earl Hondo,Happy
0.649,0.673,105.969,0.861,0.0867,0.00013,2 BOLD,Jomega,Happy
0.71,0.614,94.044,0.816,0.0257,0.000132,Worldwide,"MC Random, Mista Ed",Happy
0.669,0.589,128.034,0.941,0.0399,2e-05,GOSSIP,Killloane,Happy
0.367,0.512,140.04,0.921,0.0907,0.676,Talk Show,Humble Francis,Neutral
0.71,0.552,85.931,0.611,0.457,0.0,Hoopty,The ART MuZeum,Happy
0.663,0.621,129.987,0.927,0.0253,0.000335,Caesar,Inventor Ace,Happy
0.65,0.95,139.938,0.862,0.602,0.0,Back in 09,Voodoo Benji,Happy
0.721,0.811,173.048,0.468,0.35,0.0,Don't You Cry,ROC,Happy
0.743,0.603,149.917,0.591,0.0231,3.15e-06,NEW CHOP,Malone the Chemist,Happy
0.595,0.566,94.006,0.815,0.438,0.064,BIG DEAL,Pink Jagg,Happy
0.639,0.528,102.342,0.563,0.0814,0.0,"Wifey, Shordy, Bae",G DUBS,Happy
0.618,0.804,120.063,0.81,0.0139,0.000254,I Can See Clearly Now,Jimmy Cliff,Happy
0.663,0.693,170.743,0.586,0.161,0.0,Here I Come,Barrington Levy,Happy
0.458,0.744,84.603,0.754,0.157,5.86e-06,Revolution,Dennis Brown,Neutral
0.553,0.835,99.022,0.881,0.075,0.0,True To Myself,Ziggy Marley,Happy
0.548,0.627,92.059,0.801,0.0854,0.000232,Badfish,Sublime,Happy
0.478,0.81,78.746,0.837,0.0571,0.00129,Stone Love,Pepper,Neutral
0.439,0.892,157.436,0.771,0.974,0.000452,All My Loving,Prince Buster,Neutral
0.54,0.322,84.115,0.773,0.371,0.0,Dear Mama,2Pac,Energetic
0.703,0.241,94.828,0.813,0.125,1.26e-06,Survival of the Fittest,Mobb Deep,Energetic
0.666,0.744,96.662,0.848,0.173,0.000699,Can I Kick It?,A Tribe Called Quest,Happy
0.564,0.523,93.908,0.879,0.0474,9.43e-06,If I Ruled the World (Imagine That) (feat. Lauryn Hill),"Nas, Ms. Lauryn Hill",Happy
0.672,0.688,206.247,0.59,0.125,1.04e-06,93 'Til Infinity,Souls Of Mischief,Happy
0.589,0.869,90.438,0.782,0.148,0.0,Ms. Fat Booty,Mos Def,Happy
0.864,0.47,105.932,0.734,0.022,9.85e-06,Intergalactic - Remastered 2009,Beastie Boys,Energetic
0.737,0.197,90.519,0.671,0.0338,0.00344,Keep Their Heads Ringin',Dr. Dre,Energetic
0.814,0.942,138.083,0.88,0.168,0.00672,Big Pimpin',"JAY-Z, UGK",Happy
0.732,0.595,172.329,0.598,0.144,0.0,Keep Ya Head Up,2Pac,Happy
0.619,0.901,109.92,0.833,0.111,2.13e-05,I'll Be Missing You (feat. Faith Evans & 112) - 2014 Remaster,"Diddy, 112, Faith Evans",Happy
0.745,0.481,101.972,0.749,0.000501,0.00403,Jump,Kris Kross,Energetic
0.534,0.841,98.243,0.866,0.184,0.266,Electric Relaxation,A Tribe Called Quest,Happy
0.509,0.534,144.29,0.679,0.0856,0.0,Tha Crossroads,Bone Thugs-N-Harmony,Happy
0.745,0.75,95.203,0.875,0.0227,2.4e-06,Full Clip,Gang Starr,Happy
0.682,0.6,91.771,0.831,0.256,0.0,Who Shot Ya? - 2005 Remaster,The Notorious B.I.G.,Happy
0.443,0.58,92.035,0.804,0.0312,0.0225,This D.J.,"Warren G, O.G.L.B.",Neutral
0.763,0.519,94.981,0.634,0.32,3.4e-06,Twinz (feat. Fat Joe),"Big Pun, Fat Joe",Happy
0.509,0.823,102.007,0.822,0.0353,7.26e-06,Protect Ya Neck,Wu-Tang Clan,Happy
0.416,0.645,96.188,0.846,0.156,9.34e-06,I Get Around,"2Pac, Digital Underground",Neutral
0.459,0.697,103.04,0.934,0.0516,0.0,Got Your Money (feat. Kelis),"Ol' Dirty Bastard, Kelis",Neutral
0.679,0.591,76.993,0.884,0.0957,0.00209,Hard Knock Life (Ghetto Anthem),JAY-Z,Happy
0.845,0.929,94.0,0.634,0.00602,5.29e-06,Nas Is Like,Nas,Happy
0.72,0.845,93.76,0.838,0.0312,1.11e-05,What You Want (feat. Total),"Mase, Total",Happy
0.609,0.646,98.125,0.652,0.298,8.79e-06,"Burning Heart - From ""Rocky IV"" Soundtrack",Survivor,Happy
0.501,0.623,97.419,0.619,0.662,0.000808,Oh qu'elle est belle,"Jul, DYSTINCT",Happy
0.668,0.716,135.979,0.814,0.0248,0.0,Faut pas,"PLK, Jul",Happy
0.593,0.477,72.494,0.738,0.357,0.0,Ailleurs,Josman,Energetic
0.53,0.444,122.949,0.727,0.434,0.000392,barcelona92,"Green Montana, SDM",Energetic
0.722,0.39,115.592,0.637,0.126,0.0,Step,T-Koor,Energetic
0.56,0.859,139.971,0.888,0.475,2.24e-06,Sensations,Jul,Happy
0.668,0.567,147.078,0.605,0.203,0.0,NOTRE DAME,"Gazo, Tiakola",Happy
0.678,0.708,145.9,0.735,0.575,3.97e-05,CARTIER,"Gazo, Tiakola",Happy
0.661,0.963,122.058,0.776,0.481,6.7e-06,LOCO,"GIMS, Lossa",Happy
0.408,0.346,102.029,0.777,0.0527,0.0113,777,RST,Sad
0.404,0.523,106.933,0.92,0.232,7.84e-06,Merco Benz,Key Largo,Neutral
0.693,0.572,87.973,0.702,0.139,0.0,MAMI WATA,"Gazo, Tiakola",Happy
0.723,0.623,182.912,0.579,0.263,1.67e-05,Aller sans retour,"Zola, Koba LaD",Happy
0.73,0.581,133.021,0.781,0.0186,0.0,J'fais plaisir à la zone,"Jul, SDM",Happy
0.791,0.422,118.652,0.804,0.214,0.0,ON DÉGAINE,Guy2Bezbar,Energetic
0.564,0.595,102.009,0.807,0.133,0.0,Amer,"Le U, Akim Beats",Happy
0.531,0.532,122.03,0.924,0.142,0.0,Chaque matin,"Key Largo, LEDG",Happy
0.5,0.336,147.065,0.638,0.478,2.16e-06,LOYAL,La Fève,Sad
0.572,0.328,75.903,0.578,0.329,6.91e-05,intensément,AMO,Energetic
0.584,0.686,143.951,0.795,0.239,0.0,Les Flammes,Josman,Happy
0.676,0.459,129.914,0.772,0.258,2.11e-06,HELLO (feat. JEY BROWNIE & Josman),"Guy2Bezbar, JEY BROWNIE, Josman",Energetic
0.7,0.543,94.054,0.871,0.079,4.21e-05,VIBES,Favé,Happy
0.747,0.523,98.229,0.534,0.231,0.0,Magot,"Werenoi, SCH",Happy
0.817,0.139,117.88,0.509,0.363,0.233,Gaza,"Un jour de paix, PNL",Energetic
0.602,0.844,159.971,0.709,0.12,6.3e-05,Hot Mess,aespa,Happy
0.759,0.83,117.005,0.811,0.0197,9.24e-06,Boom Boom Bass,RIIZE,Happy
0.568,0.634,105.964,0.72,0.0323,0.0,Cosmic,Red Velvet,Happy
0.879,0.6,105.036,0.546,0.0296,0.0,Give Me That - Korean Version,WayV,Happy
0.831,0.778,120.007,0.765,0.024,0.0,KING KONG,TREASURE,Happy
0.828,0.672,104.978,0.807,0.00101,7.91e-06,Siren,RIIZE,Happy
0.693,0.837,150.85,0.573,0.609,0.00424,NANA,Yung Caza,Happy
0.635,0.286,119.037,0.801,0.282,0.000489,felices los 3,Auggie Velarde,Energetic
0.268,0.335,179.277,0.458,0.806,0.0,No es Cierto - Versión Acústica,caoba,Sad
0.41,0.189,144.206,0.698,0.0222,0.0,Loto,"Sunny Laurent, 93bustdown, Scottie",Sad
0.538,0.318,87.166,0.452,0.362,0.0105,¿Puedo parar un instante?,Afroboy,Energetic
0.338,0.49,121.957,0.656,0.571,0.0,NO HAGO MUSIC PA PEGARME,Chill Vif,Sad
0.59,0.494,82.983,0.713,0.604,5.47e-05,Gracias por Todo,RAFIK,Energetic
0.501,0.234,135.204,0.683,0.76,6.83e-06,5 Senti 2,Cupido,Energetic
0.571,0.38,124.915,0.699,0.278,0.0,U Know,Cupido,Energetic
0.876,0.517,122.96,0.784,0.032,0.0231,No Sabes Mentir,Cupido,Happy
0.453,0.591,148.139,0.79,0.785,0.0,Autoestima,Cupido,Neutral
0.786,0.759,111.989,0.781,0.115,5.88e-06,BUBALU,"Feid, Rema",Happy
0.528,0.476,105.972,0.842,0.157,0.00346,Be Honest,"Denilson, WMC",Energetic
0.828,0.91,173.876,0.75,0.382,0.0,Me Gusta,Gretch'N,Happy
0.521,0.736,97.981,0.872,0.385,0.00706,High,FL,Happy
0.782,0.881,189.901,0.698,0.194,0.00467,Dame,Felix Rovitto,Happy
0.449,0.386,199.905,0.667,0.407,0.0432,Both Ways,WMC,Sad
0.546,0.446,83.006,0.487,0.134,0.0,Te Quiodio,Pol Granch,Energetic
0.821,0.55,175.818,0.772,0.036,0.000231,22:23,Don Patricio,Happy
0.311,0.452,180.05,0.56,0.934,6.02e-05,Ya No Te Hago Falta,Sen Senra,Sad
0.535,0.501,139.871,0.76,0.65,1.02e-05,Por Ti,"Lucía Fernanda, Rocco S",Happy
0.272,0.341,126.83,0.597,0.707,0.0,Ojos de Serpiente,DORA,Sad
0.415,0.131,169.999,0.836,0.0575,0.000523,Dolores,Choclock,Sad
0.413,0.128,84.999,0.46,0.776,1.8e-06,llueve,"Natalia Lacunza, mori",Sad
0.146,0.432,105.081,0.697,0.957,0.00353,untitled2,mori,Sad
0.337,0.297,120.03,0.669,0.821,0.0119,todo lo que hago cuando no estás,mori,Sad
0.584,0.098,106.66,0.674,0.363,0.229,licor y hielos,Kiddie Gang,Energetic
0.308,0.0999,118.915,0.366,0.247,2.23e-05,309,Nsqk,Sad
0.737,0.532,171.924,0.612,0.763,0.0244,En Verano,Gabriela Richardson,Happy
0.585,0.446,113.312,0.775,0.509,0.307,Cacería,Yarea,Energetic
0.35,0.233,161.747,0.456,0.665,0.024,vanish,"$kyhook, mori",Sad
0.655,0.187,100.002,0.691,0.339,3.83e-06,I Had a Dream,LANE,Energetic
0.408,0.474,119.43,0.48,0.648,0.0,Por Si Apareces,Alice Wonder,Sad
0.304,0.619,82.939,0.889,0.714,0.324,Barcelona,"Pajaro Sunrise, Yuri Méndez",Neutral
0.377,0.398,134.994,0.917,0.474,0.00367,Nunca Estoy,C. Tangana,Sad
0.656,0.438,131.372,0.554,0.766,0.0,Your Face,"Evol December, Duccbod",Energetic
0.357,0.552,130.0,0.764,0.648,0.0,Ojitos de Md,Axel Fiks,Neutral
0.312,0.454,103.195,0.655,0.54,0.305,Dos X Tres (Demo),"Sebastián Cortés, Roy Borland",Sad
0.683,0.353,140.108,0.796,0.108,0.0,La Playa,Myke Towers,Energetic
0.539,0.213,120.071,0.698,0.414,2.61e-05,5AM,Volver,Energetic
0.665,0.568,100.05,0.846,0.12,0.000665,Estoy que muerdo,Santi Pidal,Happy
0.567,0.439,103.049,0.635,0.756,0.0153,No Sentir Nada,Marem Ladson,Energetic
0.257,0.337,70.01,0.666,0.229,0.000263,Lejos de Mi,FLORIAN,Sad
0.483,0.492,160.078,0.662,0.235,0.00224,Girasoles De Van Gogh,Cometta,Sad
0.766,0.496,179.945,0.667,0.389,2.85e-05,Como habla una mujer (feat. C. Tangana),"Paula Cendejas, C. Tangana",Energetic
0.775,0.372,195.812,0.66,0.0549,0.000501,Antes de Morirme (Remix),GA,Energetic
0.33,0.582,119.003,0.861,0.601,0.000157,no estás,daniel sabater,Neutral
0.706,0.758,188.006,0.687,0.0229,0.172,Mal,"SAG, Lvtin Mvfia",Happy
0.548,0.654,93.014,0.84,0.107,0.0,Borracho,Sebastián Cortés,Happy
0.413,0.5,81.026,0.703,0.601,0.0133,Chiquillo,OjosPielCanela,Sad
0.438,0.263,139.963,0.802,0.314,0.0143,Trihte,Kimberley Tell,Sad
0.449,0.414,90.031,0.611,0.292,0.000561,Aguaceros,Vale,Sad
0.319,0.377,195.48,0.414,0.441,0.0,Barcelona,Frank Yates,Sad
0.329,0.284,180.005,0.596,0.577,0.0,cómo quieres que me enfade,"daniel sabater, ROJAZ",Sad
0.613,0.54,105.064,0.667,0.372,0.0,Sueño (con Pablo Alborán),"Beret, Pablo Alborán",Happy
0.304,0.0548,141.904,0.596,0.00904,0.237,Islas Desiertas,Casero,Sad
0.599,0.656,133.957,0.544,0.565,1.23e-05,Ya,"Flavio, daniel sabater",Happy
0.182,0.393,128.009,0.715,0.73,5.92e-05,Nada Y Nadie,Sen Senra,Sad
0.846,0.961,176.009,0.733,0.309,0.0,Me mata,Beret,Happy
0.554,0.397,110.037,0.779,0.348,0.114,Todo me sabe a poco,Alizzz,Energetic
0.263,0.289,68.056,0.572,0.882,0.000189,Oh Keira,Miren,Sad
0.507,0.498,109.996,0.852,0.353,4.99e-06,Todo contigo,Yoly Saa,Energetic
0.621,0.723,153.939,0.834,0.334,0.000686,Mi Condena,"Vic Mirallas, MARO",Happy
0.328,0.2,110.015,0.637,0.79,4.79e-05,3weeks,mori,Sad
0.476,0.644,97.945,0.802,0.292,0.0,Daiwal,"Marc Seguí, Xavibo",Neutral
0.316,0.575,147.96,0.49,0.765,0.0,This City Remix (con Camilo),"Sam Fischer, Camilo",Neutral
0.417,0.25,122.976,0.61,0.348,0.127,Al Margen de Ojalá,Andrés Iwasaki,Sad
0.495,0.351,152.967,0.484,0.573,0.0,corazón mármol,Alice Wonder,Sad
0.684,0.62,75.233,0.672,0.125,0.0261,No Te Debí Besar,"C. Tangana, Paloma Mami",Happy
0.644,0.296,115.001,0.7,0.231,0.0124,Ritmo Desconocido,"Dan García, Sergio Mayer Mori",Energetic
0.777,0.109,196.076,0.592,0.00868,2.08e-06,Culpable,DEVA,Energetic
0.459,0.459,123.942,0.736,0.663,0.0,Dimelo,Sofi de la Torre,Sad
0.3,0.427,119.711,0.741,0.463,0.0,a otro lado,Natalia Lacunza,Sad
0.399,0.359,124.049,0.801,0.529,1.5e-06,Comerte Entera,"C. Tangana, Toquinho",Sad
0.408,0.542,104.975,0.856,0.874,0.0759,La Luna,Kora,Neutral
0.451,0.313,99.795,0.62,0.887,0.0,Mañana,"Xadi, Nina Cobham",Sad
0.357,0.641,149.895,0.722,0.814,0.155,La Luz - A COLORS SHOW,María José Llergo,Neutral
0.456,0.454,80.03,0.735,0.44,0.0,Verdadero,Marc Seguí,Sad
0.704,0.484,87.941,0.615,0.405,4.14e-05,Mp3,Mario Puglia,Energetic
0.296,0.579,127.938,0.761,0.551,0.000492,Párteme La Cara,"C. Tangana, Ed Maverick",Neutral
0.564,0.519,144.96,0.726,0.479,0.0,menta,"daniel sabater, KICKBOMBO",Happy
0.557,0.622,118.014,0.702,0.132,0.000398,Ebai,Marc Seguí,Happy
0.482,0.128,104.39,0.458,0.262,0.0057,Don't Wanna Lie,LANE,Sad
0.399,0.788,130.003,0.833,0.821,0.0,EGO,Bad Milk,Neutral
0.682,0.475,111.99,0.867,0.111,2.47e-06,Arizona,"Lojay, Olamide",Energetic
0.32,0.719,101.951,0.717,0.574,0.0,Born Fi Dis,Balloranking,Neutral
0.63,0.819,103.529,0.721,0.204,0.0143,Sakara,Zinoleesky,Happy
0.869,0.848,111.997,0.85,0.486,0.000327,Canada - Remix,"Magnito, Olamide, Wizzy Flon",Happy
0.773,0.172,116.168,0.849,0.188,0.000134,Sunny Ade,Zinoleesky,Energetic
0.415,0.653,133.741,0.552,0.8,8.14e-06,My Brother,Bella Shmurda,Neutral
0.699,0.493,111.885,0.757,0.0478,2.36e-06,Disconnect,Young Jonn,Energetic
0.769,0.864,123.026,0.863,0.559,0.0,Account Balance,"Mohbad, Zlatan",Happy
0.61,0.862,184.421,0.464,0.414,0.000164,Shazam,Seyi Vibez,Happy
0.62,0.58,98.253,0.604,0.633,4.87e-05,Id.Me,Rybeena,Happy
0.538,0.371,66.691,0.727,0.478,3.26e-06,Never Ever,Shallipopi,Energetic
0.61,0.416,110.017,0.669,0.236,0.0,Man of The Year,Seyi Vibez,Energetic
0.783,0.634,112.055,0.734,0.115,4.95e-05,Lowkey!,Mayorkun,Happy
0.685,0.791,114.002,0.716,0.312,0.0,Popo,Zerrydl,Happy
0.864,0.794,77.328,0.719,0.233,0.009,10 Bottles,Zlatan,Happy
0.782,0.7,152.493,0.533,0.432,0.0,NO SLEEP $$$ (feat. Young Jonn),"Blaqbonez, Young Jonn",Happy
0.541,0.415,101.011,0.771,0.71,0.000497,Sabi,Mohbad,Energetic
0.794,0.649,115.963,0.814,0.24,1.55e-06,Go Hard,Young Jonn,Happy
0.799,0.972,107.987,0.691,0.576,0.0,Different Pattern,Seyi Vibez,Happy
0.572,0.179,102.938,0.743,0.171,0.011,Blessing,Mohbad,Energetic
0.585,0.524,107.85,0.482,0.359,0.0,Karma,Seyi Vibez,Happy
0.657,0.452,172.164,0.594,0.551,0.00317,Beast & Peace,Mohbad,Energetic
0.849,0.679,101.136,0.577,0.306,0.00561,PARIWO,"Mohbad, Bella Shmurda",Happy
0.752,0.806,120.059,0.524,0.334,0.00487,DND,Bella Shmurda,Happy
0.614,0.665,115.424,0.633,0.484,0.0,Hat-trick,Seyi Vibez,Happy
0.546,0.717,109.998,0.722,0.297,0.0,Dejavu,Seyi Vibez,Happy
0.675,0.63,114.995,0.959,0.0358,0.0,Wet on Me,"Shallipopi, Zerrydl",Happy
0.801,0.686,104.846,0.736,0.178,6.84e-06,NDI IKE,"Falz, Flavour, ODUMODUBLVCK",Happy
0.714,0.816,132.839,0.545,0.285,0.000371,Cana,Seyi Vibez,Happy
0.564,0.301,95.487,0.676,0.246,0.00128,Shkran Lak,BhadBoi OML,Energetic
0.673,0.0906,113.977,0.751,0.024,5.49e-05,Today,Seyi Vibez,Energetic
0.685,0.748,116.016,0.877,0.358,0.00125,La Pio Pio,Mohbad,Happy
0.584,0.764,89.752,0.631,0.279,0.0,BAD TILL ETERNITY (feat. Zlatan),"Blaqbonez, Zlatan",Happy
0.803,0.522,114.422,0.597,0.527,0.0,Hushpuppi,Seyi Vibez,Happy
0.49,0.582,100.385,0.663,0.61,1.52e-06,Realize,"Balloranking, Seyi Vibez",Neutral
0.713,0.681,117.974,0.579,0.306,3.31e-05,Suddenly (feat. Young Jonn),"Seyi Vibez, Young Jonn",Happy
0.755,0.92,108.563,0.616,0.224,9.17e-06,Apala Interlude,Seyi Vibez,Happy
0.811,0.563,99.699,0.752,0.369,0.0,Street Jam,Olamide,Happy
0.735,0.642,200.611,0.496,0.702,0.000121,Oganigwe,"Zlatan, ODUMODUBLVCK, Jeriq",Happy
0.691,0.684,112.0,0.714,0.347,1.42e-05,+234,Seyi Vibez,Happy
0.809,0.823,119.986,0.872,0.532,5.76e-05,M.A.D (feat. MohBad),"Zoro Swagbag, Mohbad",Happy
0.774,0.756,143.972,0.677,0.452,0.0,A1 (Feeling Disorder),Zinoleesky,Happy
0.765,0.433,105.249,0.634,0.635,0.0,Mukulu,"Olamide, Rema",Energetic
0.881,0.708,117.039,0.735,0.416,3.72e-05,Kun Faya Kun (Be and it is),Seyi Vibez,Happy
0.681,0.755,114.029,0.744,0.338,0.0,What's Up My G,Asake,Happy
0.702,0.606,118.779,0.707,0.655,0.0,Sharpally,Young Jonn,Happy
0.684,0.566,115.015,0.751,0.382,0.0,For the Gods,Seyi Vibez,Happy
0.706,0.158,114.004,0.572,0.0379,0.0122,I Believe,Asake,Energetic
0.596,0.803,147.893,0.587,0.721,0.229,Try,T.I BLAZE,Happy
0.706,0.569,123.036,0.804,0.134,0.000658,Backside,Mohbad,Happy
0.496,0.423,96.914,0.688,0.0708,0.291,Sweet Tea (Aduke),Bnxn,Sad
0.738,0.366,113.024,0.83,0.126,0.000112,NO MORE CONDITION,"Rexxie, Zinoleesky",Energetic
0.683,0.768,120.023,0.808,0.295,0.0111,Ara (Gen Gen Tin),Bella Shmurda,Happy
0.692,0.834,111.972,0.738,0.119,0.00936,Ask About Me,Mohbad,Happy
0.873,0.453,92.001,0.762,0.0245,0.0,Ebelebe (feat. Wizkid),"Wande Coal, Wizkid",Energetic
0.56,0.464,104.033,0.801,0.318,0.0,New Born Fela,Bella Shmurda,Energetic
0.813,0.744,116.015,0.738,0.423,0.00305,For Daddy,Mayorkun,Happy
0.594,0.681,116.027,0.782,0.157,0.48,PRAY,Bnxn,Happy
0.622,0.646,159.863,0.583,0.416,3.98e-05,Shina Peters,"Reminisce, Mohbad",Happy
0.644,0.47,142.724,0.778,0.0625,0.000115,Last Time,"Zinoleesky, Omah Lay",Energetic
0.694,0.529,97.117,0.772,0.562,0.0147,Currency,"Young Jonn, Olamide",Happy
0.815,0.652,121.01,0.84,0.285,0.0033,Feeling Funny,"Lil Kesh, Young Jonn",Happy
0.556,0.901,113.994,0.798,0.364,8.31e-06,Traboski,Bnxn,Happy
0.613,0.405,116.029,0.843,0.527,1.06e-05,Popori,"T.I BLAZE, Balloranking",Energetic
0.675,0.783,112.049,0.755,0.512,1.41e-06,Remember,Asake,Happy
0.719,0.379,101.053,0.884,0.188,0.000573,Right Energy,Bnxn,Energetic
0.654,0.281,114.02,0.78,0.269,2.08e-06,Great Guy,Asake,Energetic
0.784,0.728,112.986,0.858,0.791,0.000141,Do I,Phyno,Happy
0.84,0.812,116.05,0.893,0.161,1.57e-06,Call of Duty,Zinoleesky,Happy
0.57,0.467,115.002,0.869,0.36,0.00671,Billion Bucks,Balloranking,Energetic
0.853,0.628,118.992,0.888,0.35,0.0244,Kilometer,Bnxn,Happy
0.741,0.892,114.018,0.916,0.00667,3.06e-06,Rocking,Zinoleesky,Happy
0.615,0.736,98.052,0.807,0.245,0.00493,For Days,Bnxn,Happy
0.827,0.659,98.468,0.765,0.217,0.0,Bad Since '97,Bnxn,Happy
0.57,0.734,70.069,0.529,0.347,7.33e-06,Come Alive,"Olamide, Bnxn",Happy
0.778,0.71,114.021,0.849,0.401,0.00016,Mogbe,Asake,Happy
0.631,0.843,111.997,0.85,0.492,4.28e-06,NSV,"Bella Shmurda, Tiwa Savage",Happy
0.654,0.687,124.387,0.581,0.345,2e-05,Many Things,Zinoleesky,Happy
0.542,0.766,109.956,0.736,0.452,0.0,Personal,Zinoleesky,Happy
0.656,0.615,114.831,0.701,0.178,1.57e-06,Many Roads,"Zinoleesky, Ayra Starr",Happy
0.733,0.653,116.073,0.909,0.159,0.108,Body,Naira Marley,Happy
0.656,0.637,111.995,0.766,0.0449,0.0,Gbese,"Majeeed, Tiwa Savage",Happy
0.711,0.693,113.03,0.773,0.0328,0.00255,Yan Yan Yan,Zinoleesky,Happy
0.656,0.475,118.093,0.623,0.553,0.00165,Odinaka,Zinoleesky,Energetic
0.558,0.798,107.055,0.671,0.566,0.0,Modupe,"Bnxn, Olamide",Happy
0.521,0.377,113.064,0.864,0.146,0.0,Don Perignon,"Balloranking, Shallipopi",Energetic
0.582,0.479,156.117,0.713,0.262,3.47e-05,7AM in Lekki,BhadBoi OML,Energetic
0.711,0.363,136.027,0.732,0.12,0.00238,Enough,BhadBoi OML,Energetic
0.596,0.36,152.894,0.704,0.551,0.00446,Party Don't Stop,Bnxn,Energetic
0.737,0.22,112.93,0.441,0.059,0.0,On The Road (feat. Meek Mill & Lil Baby),"Post Malone, Meek Mill, Lil Baby",Energetic
0.576,0.364,166.162,0.77,0.138,0.0,Chosen 1,Polo G,Energetic
0.84,0.353,116.991,0.791,0.0839,0.0,Trap [Feat. Lil Baby],"SAINt JHN, Lil Baby",Energetic
0.874,0.506,114.973,0.862,0.114,0.0285,Gbona,"Meeza, Zinoleesky",Happy
0.837,0.925,205.067,0.547,0.342,3.05e-05,Vanessa,"Albertmp3, Jusjay, Zinoleesky",Happy
0.816,0.861,108.98,0.82,0.0216,7.81e-05,Jaiye Foreign,"Tiwa Savage, Zinoleesky",Happy
0.876,0.749,115.972,0.942,0.0954,0.0127,Like Dat,"Lil Frosh, Zinoleesky",Happy
0.786,0.968,115.01,0.856,0.0712,1.28e-05,Cityboiz,"Feranbanks, Zinoleesky",Happy
0.83,0.868,114.0,0.784,0.29,0.152,o'dun,"Naira Marley, Zinoleesky",Happy
0.658,0.551,104.972,0.827,0.299,7e-05,Romeo Must Die (RMD),"Ruger, Bnxn",Happy
0.786,0.772,113.59,0.685,0.724,0.0,The Life I Chose,Adekunle Gold,Happy
0.711,0.805,116.037,0.814,0.496,3.08e-06,Only Me,Asake,Happy
0.675,0.755,113.949,0.734,0.00552,0.0,JELO,"Pheelz, Young Jonn",Happy
0.576,0.694,81.964,0.59,0.465,0.0,Realize (feat. taves),"Bnxn, taves",Happy
0.677,0.311,86.875,0.459,0.208,0.00351,My Life,Bnxn,Energetic
0.649,0.689,94.83,0.68,0.0574,0.0,Pop Sermon,"Dope Caesar, FAVE, Ajebo Hustlers",Happy
0.411,0.732,145.99,0.627,0.517,0.0,Lever,"Vusic, Zinoleesky",Neutral
0.686,0.392,109.802,0.492,0.28,0.0,Big Big Things (feat. Kizz Daniel & Seyi Vibez),"Young Jonn, Kizz Daniel, Seyi Vibez",Energetic
0.649,0.541,106.379,0.519,0.486,0.0,turned your back,Gunna,Happy
0.825,0.726,113.019,0.847,0.74,0.000175,Do I - Remix,"Phyno, Burna Boy",Happy
0.754,0.212,175.041,0.529,0.0129,0.0,Back On,"Quality Control, Lil Baby",Energetic
0.503,0.416,147.031,0.845,0.027,0.0,Detox,Lil Baby,Energetic
0.547,0.531,90.024,0.765,0.0425,0.0,Death Ain't Easy,Lil Durk,Happy
0.43,0.67,99.933,0.841,0.698,0.000712,Mukulu,Bnxn,Neutral
0.96,0.842,96.707,0.633,0.508,1.4e-06,Efejoku,Lil Kesh,Happy
0.551,0.237,82.637,0.713,0.107,3.66e-06,Backdoor,Lil Durk,Energetic
0.783,0.598,160.153,0.58,0.0267,0.0,Rebellious,Lil Durk,Happy
0.491,0.114,153.131,0.559,0.0567,0.0,HIGHEST IN THE ROOM (feat. ROSALÍA & Lil Baby) - REMIX,"Travis Scott, ROSALÍA, Lil Baby",Sad
0.767,0.857,115.957,0.825,0.547,4.6e-06,Basquiat,Asake,Happy
0.917,0.786,120.065,0.87,0.103,0.00289,Metro,"Hotkeed, Yo X",Happy
0.401,0.893,114.068,0.843,0.294,1.01e-05,New Religion,"Olamide, Asake",Neutral
0.764,0.885,116.121,0.654,0.157,0.0,Mamba (With Bella Shmurda & Seyi Vibez),"larrylanes, Bella Shmurda, Seyi Vibez",Happy
0.5,0.118,116.058,0.569,0.183,0.0,Pidgin & English,Bnxn,Sad
0.815,0.622,114.451,0.639,0.189,0.0,My Friend,Bella Shmurda,Happy
0.744,0.765,104.991,0.806,0.187,0.395,Happiness (feat. Asake & Gunna),"Sarz, Asake, Gunna",Happy
0.838,0.829,95.013,0.501,0.533,6.3e-06,Twe Twe,Kizz Daniel,Happy
0.742,0.425,114.012,0.941,0.0117,0.00227,Wahala,Naira Marley,Energetic
0.834,0.69,99.981,0.529,0.103,0.0,Majo,"Dj 4kerty, Bella Shmurda",Happy
0.747,0.798,98.111,0.584,0.105,0.0013,IDK (feat. Zlatan),"Wizkid, Zlatan",Happy
0.831,0.584,111.016,0.841,0.0864,0.00137,Ololufe (feat. Wande Coal),"Wizkid, Wande Coal",Happy
0.788,0.743,100.029,0.759,0.0485,3.67e-05,Diamonds,Wizkid,Happy
0.568,0.569,109.951,0.749,0.546,0.00114,Energy,Wizkid,Happy
0.814,0.91,110.042,0.859,0.0638,0.0113,Bad To Me,Wizkid,Happy
0.526,0.813,99.989,0.773,0.579,0.00297,Many Ways (feat. Wizkid),"Bnxn, Wizkid",Happy
0.778,0.917,114.843,0.579,0.0522,0.0205,Loju (feat. Wizkid),"SPINALL, Wizkid",Happy
0.381,0.625,140.015,0.741,0.64,0.0,7 DAYS,Ayo Maff,Neutral
0.538,0.119,115.039,0.833,0.472,0.000282,STREET ANTHEM,Ayo Maff,Energetic
0.722,0.57,117.967,0.878,0.366,0.00311,Egwu,"Chike, Mohbad",Happy
0.695,0.672,128.983,0.727,0.407,0.957,Husk,Men I Trust,Happy
0.545,0.82,98.232,0.716,0.338,0.00344,Sexy to Someone,Clairo,Happy
0.239,0.184,84.845,0.435,0.99,0.0671,I Said What I Said,The Softies,Sad
0.453,0.343,104.976,0.596,0.845,2.16e-06,magic 8 ball,"Cavetown, Frankie Cosmos",Sad
0.513,0.844,153.683,0.653,0.964,0.693,Are You Looking Up,Mk.gee,Happy
0.678,0.805,117.987,0.688,0.174,0.0133,What’s This About (La La La La),Kate Bollinger,Happy
0.762,0.516,90.02,0.508,0.00132,0.591,time waits,Glitter Party,Happy
0.616,0.551,94.934,0.674,0.512,2.1e-06,Skin,Dijon,Happy
0.446,0.576,177.711,0.645,0.479,0.000132,magic,strongboi,Neutral
0.506,0.296,173.923,0.415,0.133,0.000255,Tired Boy,Sunday (1994),Energetic
0.525,0.515,113.856,0.702,0.376,0.0667,dirty dancer,Orion Sun,Happy
0.762,0.876,139.974,0.669,0.0663,0.842,apart of me,Takayoshi,Happy
0.531,0.785,88.009,0.747,0.266,1.8e-06,The Dress,Dijon,Happy
0.353,0.731,124.991,0.81,0.0473,0.000104,Morning Sex,Ralph Castelli,Neutral
0.551,0.386,135.808,0.562,0.705,0.113,bad,wave to earth,Energetic
0.394,0.501,129.931,0.759,0.843,0.00168,Room For You,"grentperez, Lyn Lapid",Neutral
0.413,0.869,109.988,0.879,0.816,0.221,Care For You,The Marías,Neutral
0.528,0.597,107.949,0.693,0.699,0.846,Radio,Freak Slug,Happy
0.669,0.159,96.982,0.573,0.521,0.806,Golden Light,STRFKR,Energetic
0.262,0.444,135.497,0.733,0.224,4.79e-06,Heaven,Clairo,Sad
0.71,0.684,99.995,0.721,0.343,0.045,Call Me Up,daydreamers,Happy
0.62,0.547,106.986,0.534,0.0124,0.000736,Cool with You,Her's,Happy
0.745,0.883,119.92,0.826,0.13,1.32e-05,Frankenstein,Claire Rosinkranz,Happy
0.454,0.62,184.956,0.7,0.0372,0.0,Bedroom,Litany,Neutral
0.508,0.21,109.363,0.701,0.732,0.796,Flook,Hector Gachan,Energetic
0.43,0.104,91.841,0.515,0.0102,0.000141,Creep,Radiohead,Sad
0.738,0.256,165.187,0.252,0.0145,0.000497,Zombie,The Cranberries,Energetic
0.742,0.552,125.052,0.679,0.036,0.0,Back for More,Hurricane on Saturn,Happy
0.918,0.691,116.731,0.489,3.53e-05,7.64e-05,Smells Like Teen Spirit - Remastered 2021,Nirvana,Happy
0.911,0.498,171.112,0.362,0.0336,0.0,Bitter Sweet Symphony,The Verve,Energetic
0.545,0.193,143.991,0.556,0.0635,0.0,Here Without You,3 Doors Down,Energetic
0.894,0.452,75.005,0.571,0.0441,6.15e-06,Monsters,"Hurricane on Saturn, Deuce",Energetic
0.659,0.075,82.957,0.474,0.0125,0.0,The Reason,Hoobastank,Energetic
0.852,0.807,125.632,0.664,0.174,0.0,Losing My Religion,R.E.M.,Happy
0.943,0.605,152.041,0.428,0.00162,0.0,Rescue Light,Hurricane on Saturn,Happy
0.396,0.548,90.025,0.732,0.0841,3.54e-05,Heathens,Twenty One Pilots,Neutral
0.931,0.35,176.082,0.283,0.00317,0.0,YOUtopia,Bring Me The Horizon,Energetic
0.966,0.289,103.744,0.359,1.56e-05,0.0337,Perfect Soul,Spiritbox,Energetic
0.873,0.563,94.878,0.459,0.00272,0.0,Hell You Call A Dream,The Warning,Happy
0.861,0.7,178.119,0.461,0.00322,0.0,Dystopia,ONE OK ROCK,Happy
0.784,0.333,110.029,0.335,0.014,0.00147,Will You Love Me When I’m Dead,Amira Elfeky,Energetic
0.775,0.214,160.08,0.39,0.0073,0.0,TAKE ME IN,blink-182,Energetic
0.881,0.402,166.07,0.474,0.000165,0.000195,the garden,unpeople,Energetic
0.921,0.271,157.946,0.391,0.0286,2.59e-06,Pitch Black,The Amazons,Energetic
0.958,0.587,144.453,0.528,0.00299,0.0,Jerkin',Amyl and The Sniffers,Happy
0.922,0.775,160.046,0.537,0.00141,0.0,HURT,Dead Poet Society,Happy
0.908,0.649,161.011,0.476,0.00776,0.000553,People Watching,Sam Fender,Happy
0.904,0.688,143.929,0.477,1.52e-05,1.86e-06,Metaverse,Cage The Elephant,Happy
0.835,0.299,153.087,0.454,0.000732,5.71e-06,Sad In Carolina,Dexter and The Moonrocks,Energetic
0.749,0.575,122.057,0.479,0.00453,1.15e-05,Your House,Inhaler,Happy
0.837,0.537,75.038,0.455,0.00291,4.57e-06,Takes One To Know One,The Beaches,Happy
0.898,0.763,147.989,0.599,0.000772,2.08e-06,"Always, Everytime",The Wrecks,Happy
0.891,0.495,131.698,0.504,0.0473,0.00571,You Got Me Searching,Jack White,Energetic
0.834,0.38,116.03,0.563,0.0304,5.03e-05,Showbiz,Palaye Royale,Energetic
0.892,0.367,133.028,0.566,0.000538,0.0,Detroit,Badflower,Energetic
0.987,0.357,109.989,0.513,0.0034,0.0302,Fuse,House of Protection,Energetic
0.832,0.593,145.091,0.5,0.0191,0.000216,The Rumbling (Attack on Titan),"Ryuven, Ner Leva",Happy
0.987,0.1,103.162,0.435,0.000195,0.0879,Painkiller,Judas Priest,Energetic
0.89,0.716,146.525,0.552,0.000143,0.0,Holiday,Green Day,Happy
0.831,0.632,131.094,0.528,9.43e-05,0.0,That's What You Get,Paramore,Happy
0.94,0.505,149.934,0.423,0.00166,0.0,The Great Escape,BOYS LIKE GIRLS,Happy
0.719,0.168,142.034,0.457,0.191,0.0,When You're Gone,Avril Lavigne,Energetic
0.917,0.563,169.088,0.395,0.00143,0.0,I'd Do Anything,Simple Plan,Happy
0.751,0.605,139.51,0.522,0.000491,2.22e-06,Addicted,Simple Plan,Happy
0.671,0.0682,82.94,0.474,0.0129,0.0,The Reason,Hoobastank,Energetic
0.636,0.313,87.89,0.454,0.00228,0.0,It Ends Tonight,The All-American Rejects,Energetic
0.34,0.0704,149.788,0.367,0.755,1.56e-05,My Immortal - Band Version,Evanescence,Sad
0.916,0.646,109.864,0.518,0.000148,0.0,Move Along,The All-American Rejects,Happy
0.69,0.103,140.329,0.637,0.417,0.0,Young Forever,"JAY-Z, Mr Hudson",Energetic
0.365,0.254,131.251,0.526,0.0775,1.37e-05,(Everything I Do) I Do It For You,Bryan Adams,Sad
0.702,0.447,114.038,0.807,0.307,0.0,Bad (feat. Rihanna) - Remix,"Wale, Rihanna",Energetic
0.325,0.0775,118.515,0.344,0.35,0.0223,All By Myself,Céline Dion,Sad
0.501,0.201,142.595,0.567,0.0994,0.0,I'll Make Love To You,Boyz II Men,Energetic
0.487,0.599,136.086,0.725,0.26,1.09e-05,I Wanna Know,Joe,Neutral
0.4,0.121,77.314,0.463,0.643,2.46e-05,"Beauty and the Beast - from the Soundtrack ""Beauty and the Beast""","Céline Dion, Peabo Bryson",Sad
0.402,0.258,119.873,0.651,0.639,7.73e-05,You Are Not Alone,Michael Jackson,Sad
0.674,0.302,119.888,0.618,0.142,0.0,Soledad,"Westlife, Bernard Löhr",Energetic
0.532,0.33,130.071,0.626,0.296,0.0,Swear It Again - Radio Edit,Westlife,Energetic
0.485,0.101,80.948,0.545,0.537,1.8e-06,Heal the World,Michael Jackson,Sad
0.488,0.283,72.517,0.457,0.326,0.0,Flying Without Wings,Westlife,Sad
0.37,0.118,133.907,0.459,0.565,0.0,Speechless,Michael Jackson,Sad
0.496,0.257,176.984,0.438,0.436,0.0,I Love You,Céline Dion,Sad
0.477,0.241,95.958,0.413,0.747,2.39e-06,Endless Love (with Mariah Carey),"Luther Vandross, Mariah Carey",Sad
0.535,0.117,83.033,0.492,0.187,0.0,Life for Rent,Dido,Energetic
0.408,0.164,150.454,0.295,0.804,0.148,Adiemus,"Karl Jenkins, Mike Ratledge, Adiemus, Jody K. Jenkins, London Philharmonic Orchestra, Mary Carewe",Sad
0.746,0.47,135.021,0.713,0.0402,0.0,Dead And Gone,"T.I., Justin Timberlake",Energetic
0.432,0.11,137.482,0.464,0.611,0.0,Have You Ever Been In Love,Céline Dion,Sad
0.753,0.509,88.992,0.698,0.165,0.0,"Rain, Tax (It's Inevitable)",Céline Dion,Happy
0.333,0.0609,119.483,0.436,0.722,9.61e-06,A New Day Has Come,Céline Dion,Sad
0.627,0.235,111.026,0.525,0.431,0.0,I Was Here,Beyoncé,Energetic
0.579,0.578,91.506,0.686,0.131,7.43e-05,Do It To Me,Lionel Richie,Happy
0.572,0.61,94.897,0.572,0.254,0.0,So Sick,Ne-Yo,Happy
0.728,0.809,131.109,0.771,0.184,0.0,Ice Box,Omarion,Happy
0.394,0.405,104.987,0.675,0.0611,0.0,Bartender (feat. Akon),"T-Pain, Akon",Sad
0.742,0.353,83.066,0.523,0.0697,0.0,5 O'Clock (feat. Lily Allen & Wiz Khalifa),"T-Pain, Lily Allen, Wiz Khalifa",Energetic
0.662,0.611,151.518,0.815,0.0915,0.000409,Let Me Hold You (feat. Omarion),"Bow Wow, Omarion",Happy
0.458,0.536,83.61,0.75,0.226,3.25e-05,"Me, Myself and I",Beyoncé,Neutral
0.0702,0.265,78.239,0.528,0.826,0.000365,Hard Time Killing Floor Blues,Skip James,Sad
0.281,0.523,119.161,0.473,0.97,0.0936,Down The Dirt Road Blues,Charley Patton,Neutral
0.244,0.734,114.782,0.73,0.913,0.0,They're Red Hot - SA.2627-1,Robert Johnson,Neutral
0.379,0.365,118.013,0.662,0.879,0.018,Nobody Knows You When You're Down and Out,Big Joe Williams,Sad
0.124,0.338,71.942,0.568,0.792,0.0,Washington D.C. Hospital Center Blues,Skip James,Sad
0.122,0.577,103.979,0.715,0.534,0.0,Black Betty,Lead Belly,Neutral
0.234,0.324,85.809,0.472,0.981,0.0071,Devil Got My Woman - 1994 Remastered,Skip James,Sad
0.331,0.876,81.155,0.444,0.931,0.00253,Crow Jane,Skip James,Neutral
0.121,0.568,102.598,0.599,0.992,0.0419,Cypress Grove Blues,"Skip James, Jack Owens",Neutral
0.267,0.437,90.522,0.573,0.973,0.000388,Statesboro Blues,Blind Willie McTell,Sad
0.288,0.865,115.685,0.803,0.865,0.0593,Death Letter Blues,Son House,Neutral
0.349,0.231,172.417,0.595,0.797,2.97e-06,Preachin' Blues,Son House,Sad
0.433,0.566,103.467,0.502,0.668,0.002,Good Morning Little Schoolgirl,Mississippi Fred McDowell,Neutral
0.416,0.649,99.727,0.664,0.815,1.07e-05,Empire State Express,Son House,Neutral
0.79,0.961,103.783,0.599,0.00257,0.00181,Hard To Handle,The Black Crowes,Happy
0.623,0.773,94.959,0.644,0.0486,1.23e-06,I Got Your Country Right Here,Gretchen Wilson,Happy
0.865,0.677,117.528,0.465,0.018,0.00135,Black Betty,Ram Jam,Happy
0.92,0.808,126.998,0.628,0.00687,5.34e-05,Kerosene,Miranda Lambert,Happy
0.756,0.76,179.659,0.472,0.022,0.0,Walk On Water,Gretchen Wilson,Happy
0.706,0.822,127.24,0.55,0.00692,6.36e-05,Hold On Loosely,38 Special,Happy
0.797,0.336,153.514,0.231,0.129,1.4e-06,Ain't Much Left of Me,Blackberry Smoke,Energetic
0.798,0.397,119.984,0.553,0.00714,0.0,Pretty Little Lie,Blackberry Smoke,Energetic
0.552,0.757,124.917,0.604,0.22,0.0262,Don't Misunderstand Me,Rossington Collins Band,Happy
0.659,0.401,143.554,0.388,0.312,0.000315,Georgia,Vance Joy,Energetic
0.325,0.208,154.198,0.381,0.947,0.0925,Second Chances,Gregory Alan Isakov,Sad
0.652,0.742,101.243,0.509,0.809,0.143,Even the Darkness Has Arms,The Barr Brothers,Happy
0.399,0.612,141.932,0.571,0.766,0.0146,Vagabond,Caamp,Neutral
0.724,0.546,102.03,0.487,0.00224,1.03e-05,All We Ever Knew,The Head And The Heart,Happy
0.492,0.301,77.585,0.521,0.689,0.619,And It's Still Alright,Nathaniel Rateliff,Sad
0.363,0.385,107.953,0.672,0.617,5.14e-06,Paul Revere (with Gregory Alan Isakov),"Noah Kahan, Gregory Alan Isakov",Sad
0.423,0.439,91.044,0.681,0.627,0.512,The Railroad,"Goodnight, Texas",Sad
0.519,0.875,105.101,0.5,0.179,1.16e-05,Providence,Poor Man's Poison,Happy
0.368,0.522,116.221,0.657,0.884,0.00293,Old Ties and Companions,Watchhouse,Neutral
0.105,0.231,52.946,0.653,0.951,0.0,Didn't Leave Nobody But The Baby,"Emmylou Harris, Alison Krauss, Gillian Welch",Sad
0.124,0.476,139.584,0.473,0.942,3.49e-05,Fraulein (feat. Tyler Childers),"Colter Wall, Tyler Childers",Sad
0.723,0.359,77.143,0.301,0.399,0.000303,從未見過的海 (Netflix 影集《影后》序曲),告五人,Energetic
0.423,0.223,129.511,0.529,0.838,0.0,這麼多年 - 電影《我想和你在一起》插曲,陳華,Sad
0.471,0.271,135.996,0.539,0.77,0.0,介质,"Nicky Lee, 郑润泽",Sad
0.482,0.416,139.842,0.463,0.655,0.0,想念你想我,Eric Chou,Sad
0.579,0.362,131.92,0.532,0.466,0.0,運轉人生 - 影集《華麗計程車行》插曲,邱軍,Energetic
0.253,0.255,130.006,0.531,0.847,0.0,有天會再相見,DIOR 大穎,Sad
0.858,0.608,127.981,0.704,0.0162,0.0,星期五晚上,Energy,Happy
0.573,0.122,169.933,0.496,0.232,4.97e-06,不愛就不愛,艾薇,Energetic
0.758,0.586,90.949,0.636,0.16,0.0,Hey Girl - Netflix影集《影后》片尾曲,小男孩樂團,Happy
0.671,0.207,76.037,0.592,0.0152,0.0,Hold On,"高爾宣 OSN, Patrick Brasca",Energetic
0.35,0.317,180.059,0.436,0.725,0.0,月亮,芒果醬 Mango Jump,Sad
0.367,0.356,137.9,0.448,0.691,0.0,最后一页 - Live,"王赫野, 姚晓棠",Sad
0.68,0.252,144.201,0.41,0.496,0.0,我對你的愛沒有盡頭,蕭秉治,Energetic
0.68,0.775,100.008,0.601,0.181,0.0,泡沫,"李浩瑋 Howard Lee, Patrick Brasca",Happy
0.577,0.587,130.368,0.651,0.671,1.81e-05,初戀,Samantha Lam,Happy
0.773,0.764,149.715,0.676,0.267,0.0,愛情陷阱,Alan Tam,Happy
0.375,0.28,109.462,0.662,0.779,0.0,朋友 - 電影「龍兄虎弟」歌曲,Alan Tam,Sad
0.2,0.18,125.939,0.65,0.845,5.29e-05,一生中最愛 - 電影《雙城故事》歌曲,Alan Tam,Sad
0.404,0.176,139.757,0.488,0.693,0.0,雨夜的浪漫,Alan Tam,Sad
0.384,0.226,144.798,0.308,0.744,0.0,夜機,Priscilla Chan,Sad
0.599,0.367,97.549,0.719,0.249,0.000631,難得有情人,Shirley Kwan,Energetic
0.45,0.368,128.022,0.616,0.772,0.0,多情,Vivian Lai,Sad
0.43,0.379,160.0,0.619,0.716,0.0,一人有一個夢想,Vivian Lai,Sad
0.893,0.977,114.058,0.764,0.0381,0.00487,傾斜,"Sandy Lam, Wong Kei Wah",Happy
0.489,0.243,77.956,0.489,0.542,6.49e-06,放縱,Sandy Lam,Sad
0.744,0.962,125.986,0.843,0.293,7.13e-06,灰色,Sandy Lam,Happy
0.363,0.202,78.565,0.482,0.806,1.91e-05,SMILE AGAIN 瑪莉亞,Jacky Cheung,Sad
0.4,0.193,144.692,0.513,0.383,3.84e-06,Amour,Jacky Cheung,Sad
0.335,0.322,88.267,0.565,0.6,2.04e-05,月半彎,Jacky Cheung,Sad
0.358,0.392,181.78,0.419,0.713,5.08e-05,情已逝,Jacky Cheung,Sad
0.238,0.158,142.425,0.5,0.769,0.0,輕撫妳的臉,Jacky Cheung,Sad
0.374,0.199,130.241,0.565,0.712,0.0,絲絲記憶 - 電影「錯點鴛鴦」主題曲,Jacky Cheung,Sad
0.376,0.332,70.101,0.537,0.687,9.55e-06,可不可以,Andy Lau,Sad
0.462,0.239,120.999,0.443,0.662,0.0,情人知己,Sally Yeh,Sad
0.745,0.498,134.172,0.617,0.396,0.0,女人的弱點,Sally Yeh,Energetic
0.422,0.19,74.683,0.584,0.742,0.00316,阿信的故事,Sally Yeh,Sad
0.342,0.268,181.047,0.234,0.826,0.000379,零時十分,Sally Yeh,Sad
0.311,0.369,76.951,0.311,0.69,0.0,海闊天空,Beyond,Sad
0.892,0.457,152.98,0.499,0.0048,5.84e-05,我是憤怒,Beyond,Energetic
0.445,0.152,143.998,0.543,0.375,1.3e-05,情人,Beyond,Sad
0.539,0.312,89.129,0.217,0.0903,3.69e-05,早班火車,Beyond,Energetic
0.559,0.683,120.055,0.674,0.849,0.000139,Aa Vasant Rajni,Meghdeep Bose,Happy
0.552,0.236,139.892,0.422,0.661,0.217,Akeli Dar Lage,"Abhijit Pohankar, Ramakant Gaikwad, Samarth Desai, Amit Mishra",Energetic
0.612,0.445,170.021,0.375,0.179,7.71e-06,Mangal Din,"Abby V, Ricky Kej, Sivaangi Krishnakumar",Energetic
0.372,0.242,198.004,0.326,0.296,0.46,Najariya LoFi Cake Mix,"Madhubanti Bagchi, Shashwat Sachdev",Sad
0.609,0.113,110.016,0.674,0.267,1.17e-06,Jaa Kaga,"Abby V, Ricky Kej, Benny Dayal",Energetic
0.779,0.384,150.04,0.269,0.0463,1.73e-06,Garaj Garaj Jugalbandi,"Shankar-Ehsaan-Loy, Farid Hasan, Mohammed Aman",Energetic
0.86,0.737,103.146,0.385,0.714,2.83e-05,Garjat Aayi Re - Miyan Malhaar - Teentaal,"Jazim Sharma, Kumar Sharma, Kathak Rockers",Happy
0.739,0.755,146.046,0.679,0.14,0.0,Black Effect,"Jordan Sandhu, Mehar Vaani, Desi Crew",Happy
0.659,0.803,154.956,0.783,0.265,0.0,Majha Block,Prem Dhillon,Happy
0.92,0.968,167.895,0.792,0.403,0.0,Peg Te Bhangra,"Sharry Mann, Mista Baaz",Happy
0.845,0.62,92.0,0.771,0.69,0.0,8 Raflaan (feat. Gurlez Akhtar),"Mankirt Aulakh, Gurlez Akhtar",Happy
0.838,0.835,173.712,0.682,0.0555,0.0,Killa,"Dilpreet Dhillon, Sultaan, Desi Crew",Happy
0.737,0.504,81.022,0.736,0.153,0.0,Munda Inj Da Nahi,"Surjit Bhullar, Mista Baaz",Happy
0.668,0.781,167.913,0.69,0.133,0.0,Jatt Zindabad,"K.S Makhan, Manpreet Hans, Laddi Gill",Happy
0.674,0.486,89.791,0.649,0.0573,0.0,Sunke,Khan Bhaini,Energetic
0.803,0.894,82.552,0.692,0.025,7.27e-05,Sada Daur,"Dhira Gill, Aman Hayer, Saab Pangota",Happy
0.826,0.355,175.959,0.542,0.056,0.0,Gutt,"Sippy Gill, Mxrci",Energetic
0.953,0.787,109.965,0.762,0.109,0.0,Sarpanchi,"Kulwinder Kaily, Gurlez Akhtar",Happy
0.85,0.789,80.042,0.754,0.0542,0.0,Gadaar,"Korala Maan, Youngstarr Pop Boy",Happy
0.829,0.835,89.972,0.783,0.31,0.0,Dabde Ni,Ammy Virk,Happy
0.446,0.545,80.033,0.788,0.54,0.694,controlla,Idealism,Neutral
0.446,0.222,80.002,0.79,0.656,0.931,The Girl With the Cappuccino,LoFi Waiter,Sad
0.479,0.217,132.96,0.542,0.972,0.647,The Girl Who Fell From The Sky (Laputa),Sleepy Tom,Sad
0.415,0.326,74.989,0.701,0.442,0.886,One summer's day,"Otaku, LoFi Waiter",Sad
0.487,0.0454,139.914,0.655,0.0347,0.897,Eternal Youth,RŮDE,Sad
0.307,0.408,150.456,0.635,0.676,0.904,The Girl Who Fell from the Sky,"Otaku, LoFi Waiter",Sad
0.34,0.176,139.993,0.714,0.356,0.871,Unravel (Tokyo Ghoul),"Otaku, LoFi Waiter",Sad
0.229,0.127,70.013,0.58,0.287,0.856,Blue Bird (Naruto),Otaku,Sad
0.562,0.202,85.022,0.788,0.466,0.729,One Summer's Day (Spirited Away),Sleepy Tom,Energetic
0.409,0.383,86.008,0.789,0.385,0.93,Rain Check,Dylan Sitts,Sad
0.201,0.4,88.107,0.639,0.907,2.26e-05,get better,"Eden Elf, Ren Avel",Sad
0.276,0.302,141.957,0.679,0.487,0.869,everything you say,"mommy, Philanthrope",Sad
0.262,0.393,75.082,0.733,0.548,0.854,Marco and Gina,Otaku,Sad
0.222,0.148,139.991,0.74,0.468,0.918,Again (Full Metal),Otaku,Sad
0.547,0.295,71.976,0.733,0.301,0.00537,The Girl I Haven't Met (Biskwiq Flip),"Kudasaibeats, Biskwiq",Energetic
0.445,0.184,78.738,0.491,0.925,0.000115,Laugh,Sarcastic Sounds,Sad
0.531,0.164,139.947,0.432,0.866,0.808,Ocarina of Time (The Legend of Zelda),Ren Avel,Energetic
0.495,0.807,124.03,0.854,0.52,0.849,Always With Me (Spirited Away),Sleepy Tom,Neutral
0.441,0.315,100.023,0.656,0.974,0.905,Blue Bird (Naruto Shippuden),Ren Avel,Sad
0.504,0.263,81.42,0.633,0.517,0.205,Scared of the World,Sarcastic Sounds,Energetic
0.433,0.442,115.979,0.87,0.965,0.849,Fairy Fountain (The Legend of Zelda),Ren Avel,Sad
0.583,0.633,143.968,0.757,0.963,0.936,Comedy (Spy x Family),Ren Avel,Happy
0.338,0.377,152.033,0.748,0.0418,0.88,I Miss You,Sarcastic Sounds,Sad
0.418,0.601,160.004,0.715,0.953,0.913,Lost in Paradise (Jujutsu Kaisen),Ren Avel,Neutral
0.296,0.339,75.012,0.49,0.726,0.862,Aryetti's Song,Otaku,Sad
0.425,0.588,87.007,0.652,0.875,0.875,Stay and Wander,"Tom Doolie, Cap Kendricks",Neutral
0.302,0.546,127.159,0.548,0.752,0.893,sorry,chief.,Neutral
0.31,0.395,188.179,0.558,0.526,0.934,Fireworks,"Nymano, Pandrezz",Sad
0.313,0.323,140.98,0.571,0.96,0.948,Rosalina's Comet Observatory (Super Mario Galaxy),Ren Avel,Sad
0.35,0.635,118.009,0.811,0.406,0.907,Peach,"Glimlip, Louk, Elior",Neutral
0.241,0.417,80.782,0.808,0.102,0.888,CHASE,twuan,Sad
0.382,0.141,108.745,0.498,0.643,0.15,Ambivalence,"Hanz, emawk",Sad
0.322,0.381,173.988,0.624,0.397,0.878,Tiny Sailboat,Kupla,Sad
0.399,0.231,94.96,0.693,0.983,0.9,Again (Fullmetal Alchemist),Ren Avel,Sad
0.26,0.366,127.986,0.698,0.697,0.911,Space Cadet,"Philanthrope, Sleepy Fish",Sad
0.464,0.375,114.046,0.782,0.847,0.794,Driver's High (GTO),Ren Avel,Sad
0.283,0.47,79.023,0.621,0.842,0.904,Blue Book,Tom Doolie,Sad
0.157,0.13,76.85,0.503,0.527,0.808,Interstellar,"drkmnd, Arbour",Sad
0.0551,0.194,130.006,0.656,0.281,0.958,2AM Study,LoFi Waiter,Sad
0.147,0.364,128.563,0.466,0.529,0.433,I Miss You,LoFi Waiter,Sad
0.203,0.0391,130.54,0.573,0.34,0.939,At the Library,LoFi Waiter,Sad
0.66,0.311,124.978,0.692,0.796,0.933,Cha La Head Cha La (Dragon Ball Z),Ren Avel,Energetic
0.0669,0.236,130.062,0.755,0.174,0.737,Unrushed,LoFi Waiter,Sad
0.246,0.849,129.998,0.893,0.014,0.939,Childhood Fragments,LoFi Waiter,Neutral
0.373,0.242,150.104,0.769,0.953,0.931,ODDTAXI (ODDTAXI),Ren Avel,Sad
0.192,0.437,90.014,0.789,0.857,0.781,should have never met you,"Ngyn, nitsua.",Sad
0.208,0.366,80.021,0.532,0.933,0.929,Lofi Rain,"Chilled Cougar, LoFi Waiter",Sad
0.412,0.333,108.038,0.648,0.942,0.92,Departure! (Hunter x Hunter),Ren Avel,Sad
0.42,0.0484,70.024,0.528,0.477,0.888,Flames to Dust,Shierro,Sad
0.473,0.773,160.02,0.695,0.0491,0.26,Sunset,Altair Blake,Neutral
0.248,0.192,79.952,0.718,0.567,0.915,above the clouds,"Ngyn, nitsua.",Sad
0.496,0.198,100.054,0.653,0.925,0.931,Lifelight (Super Smash Bros. Ultimate),Ren Avel,Sad
0.486,0.36,175.786,0.5,0.559,0.353,New Fields,"Tom Doolie, Saib",Sad
0.285,0.0923,74.969,0.64,0.853,0.956,Club Insomnia,Shierro,Sad
0.417,0.59,93.048,0.717,0.699,0.943,Fly Away,Altair Blake,Neutral
0.449,0.217,150.029,0.626,0.124,0.964,Disconnect,Shierro,Sad
0.491,0.506,156.078,0.67,0.908,0.973,Giorno's Theme (JoJo's Bizarre Adventure),Ren Avel,Neutral
0.37,0.143,80.055,0.592,0.257,0.91,Midnight Macchiato,LoFi Waiter,Sad
0.526,0.108,154.082,0.613,0.669,0.933,Quiet Storm,Shierro,Energetic
0.704,0.212,74.983,0.694,0.0388,0.831,Watching The Rain,LoFi Waiter,Energetic
0.632,0.275,136.103,0.64,0.941,0.85,We Gotta Power (Dragon Ball Z),Ren Avel,Energetic
0.53,0.118,80.001,0.619,0.453,0.865,Cold Morning,LoFi Waiter,Energetic
0.373,0.246,89.981,0.762,0.966,0.929,Walking On The Clouds,Sleepy Tom,Sad
0.499,0.119,147.661,0.648,0.55,0.933,Walking in Ueno,LoFi Waiter,Sad
0.289,0.0715,74.987,0.521,0.65,0.843,letting go,mood.,Sad
0.42,0.064,170.048,0.487,0.624,0.881,Sunset Coffee,LoFi Waiter,Sad
0.37,0.123,80.014,0.777,0.803,0.905,Waves,Chilled Cougar,Sad
0.304,0.171,78.026,0.638,0.0664,0.741,Shukudai,LoFi Waiter,Sad
0.508,0.321,169.92,0.534,0.897,0.835,Asterisk (Bleach),Ren Avel,Energetic
0.67,0.398,169.959,0.623,0.436,0.93,Dan Dan Kokoro Hikareteku (Dragon Ball GT),Ren Avel,Energetic
0.309,0.176,87.028,0.768,0.236,0.906,No Sleep,Altair Blake,Sad
0.536,0.824,79.993,0.669,0.565,0.0697,Night Drive,LoFi Waiter,Happy
0.493,0.37,75.236,0.599,0.89,0.864,the WORLD (Death Note),Ren Avel,Sad
0.259,0.214,149.957,0.612,0.196,0.901,Renai Circulation (Bakemonogatari),Otaku,Sad
0.415,0.181,140.025,0.664,0.425,0.746,Morning Dew,LoFi Waiter,Sad
0.295,0.2,98.98,0.708,0.979,0.944,Bon Voyage (One Piece),Ren Avel,Sad
0.298,0.124,150.077,0.598,0.293,0.889,Hacking to the Gate (Stein;Gate),"Otaku, LoFi Waiter",Sad
0.188,0.387,75.004,0.634,0.595,0.895,The Day (My Hero Academia),Otaku,Sad
0.552,0.388,139.972,0.65,0.905,0.922,Sing My Pleasure (Vivy Fluorite Eye's Song),Ren Avel,Energetic
0.585,0.551,170.0,0.749,0.302,0.896,Tank! (Cowboy Bebop),"Otaku, LoFi Waiter",Happy
0.461,0.454,179.961,0.564,0.944,0.925,Colors (Code Geass),Ren Avel,Sad
0.498,0.0577,140.009,0.878,0.0528,0.867,black roses,mood.,Sad
0.521,0.533,130.023,0.765,0.941,0.817,Guren no Yumiya (Attack on Titan),Ren Avel,Happy
0.413,0.424,75.007,0.643,0.117,0.833,Let It Flow,Altair Blake,Sad
0.52,0.225,82.47,0.674,0.772,0.945,Jazzy Afternoon,LoFi Waiter,Energetic
0.469,0.321,78.98,0.703,0.686,0.94,National Park (Pokémon Gold & Silver),Ren Avel,Sad
0.465,0.264,100.11,0.708,0.934,0.908,Kimi ni Todoke (Kimi ni Todoke),Ren Avel,Sad
0.571,0.657,134.996,0.845,0.397,0.865,Japanese Winter,LoFi Waiter,Happy
0.401,0.418,157.973,0.691,0.267,0.916,Hyper Printing,Satoshi Nakamoto,Sad
0.555,0.568,159.954,0.666,0.273,0.899,This Game (No Game No Life),Otaku,Happy
0.0786,0.568,80.041,0.7,0.643,0.941,Have a Nice Day,LoFi Waiter,Neutral
0.547,0.357,159.947,0.606,0.782,0.927,Lake (Pokémon Diamond & Pearl),Ren Avel,Energetic
0.502,0.707,142.534,0.673,0.683,0.945,Lost Woods (The Legend of Zelda),Ren Avel,Happy
0.382,0.12,180.123,0.609,0.91,0.916,Green Bubble,Sleepy Tom,Sad
0.455,0.103,140.109,0.413,0.548,0.909,Gold Tear,Sleepy Tom,Sad
0.319,0.177,149.998,0.675,0.629,0.923,rainbow bridge,a girl and a cat,Sad
0.224,0.483,86.04,0.793,0.109,0.726,Floetry,Altair Blake,Sad
0.469,0.737,145.947,0.742,0.45,0.903,Violet City (Pokémon Gold & Silver),Ren Avel,Neutral
0.141,0.102,130.018,0.542,0.647,0.109,Floating Away,Altair Blake,Sad
0.486,0.354,155.969,0.709,0.0459,0.865,Fall Vibes,LoFi Waiter,Sad
0.332,0.525,80.014,0.744,0.478,0.894,Sueca,lorleaf,Neutral
0.461,0.667,150.026,0.835,0.583,0.935,Streets Of Rio,"Erwin Do, Lenny B",Neutral
0.592,0.364,145.965,0.837,0.107,0.822,Drizzle,Philanthrope,Energetic
0.166,0.0396,140.094,0.669,0.617,0.865,Yuna,"Kanisan, lost echoes",Sad
0.457,0.361,135.87,0.62,0.59,0.907,Butterfly Weed,The Lofi Big Band,Sad
0.215,0.452,75.198,0.551,0.761,0.902,Call a Friend,"C4C, Plusma",Sad
0.698,0.636,79.982,0.637,0.0493,0.885,Tokyo Lights,"Shuko, FLKS",Happy
0.287,0.201,80.663,0.652,0.588,0.906,Albaizyn,lorleaf,Sad
0.34,0.481,83.625,0.521,0.67,0.882,Duende,"flâneur, Dani Catalá, dennisivnvc",Sad
0.208,0.306,142.182,0.865,0.962,0.754,Calm Winds,Dpsht,Sad
0.446,0.4,80.064,0.643,0.852,0.952,Fire Barrel,"No Spirit, Sátyr, Sitting Duck",Sad
0.331,0.462,74.956,0.689,0.777,0.929,lemon soda,"Jost Esser, Sleeping Dove, very noise person",Sad
0.321,0.816,142.054,0.838,0.91,0.889,Nicosia,Showyou,Neutral
0.295,0.722,179.911,0.616,0.0461,0.857,Perfections,Koralle,Neutral
0.441,0.136,147.944,0.678,0.401,0.756,Eyes Closed,"Leo Motta, Toti Cisneros",Sad
0.12,0.19,80.041,0.663,0.925,0.88,Gymnopédies,L.Dre,Sad
0.448,0.38,87.971,0.802,0.78,0.831,Sabai,"flâneur, marsquake",Sad
0.197,0.265,80.079,0.614,0.579,0.631,NYC,"Jost Esser, SOFLUX",Sad
0.266,0.328,75.028,0.662,0.538,0.907,Echoes,"Mindeliq, ØNEMOR3",Sad
0.338,0.588,160.006,0.873,0.301,0.813,Level Up,Zmeyev,Neutral
0.244,0.298,82.003,0.812,0.536,0.833,No Goodbyes,ENRA,Sad
0.876,0.811,90.041,0.774,0.602,0.9,Tropicana,RejSende,Happy
0.409,0.336,82.994,0.631,0.558,0.727,Hidden Gems,"SamuW, Mendeville, Lazlow",Sad
0.357,0.381,80.044,0.686,0.367,0.0167,cycles,.Eehou,Sad
0.464,0.204,78.809,0.532,0.257,0.89,Picadilly,"Erwin Do, flâneur, Beto Braga, Raouf",Sad
0.658,0.585,87.982,0.661,0.624,0.78,Sunset Cruising,"Beats by Tobÿ, Tobÿ",Happy
0.409,0.482,159.924,0.566,0.891,0.937,Moonlit Cruisin,"Banks, AC, Dryden",Sad
0.182,0.253,153.944,0.59,0.81,0.957,Bali,lorleaf,Sad
0.499,0.622,78.005,0.682,0.4,0.88,floating,Mozzie,Neutral
0.25,0.442,85.022,0.83,0.512,0.922,That Summer Feeling,Oilix,Sad
0.528,0.931,145.996,0.739,0.323,0.576,Crimson,"7apes, Les Jardíns",Happy
0.416,0.785,90.999,0.876,0.135,0.855,Think Twice,Cap Kendricks,Neutral
0.395,0.6,71.95,0.633,0.778,0.112,Ripples Of Autumn,Mendeville,Neutral
0.492,0.71,90.013,0.764,0.621,0.849,Aperitif,Jazzy James,Neutral
0.299,0.165,69.306,0.727,0.125,0.534,P_Optimist,Butterscotch,Sad
0.585,0.31,83.045,0.669,0.167,0.692,Myth,Ben Jammin' Beats,Energetic
0.336,0.673,172.026,0.701,0.668,0.908,On The Sly,"Monocloud, Lazlow",Neutral
0.293,0.334,84.001,0.753,0.896,0.862,Inappropriately Sleeping,"Hoffy Beats, Tonion, Louk",Sad
0.184,0.452,76.001,0.708,0.375,0.53,Tenkodo,lorleaf,Sad
0.633,0.607,81.003,0.711,0.00579,0.781,Circle Reflections,Mindscape,Happy
0.37,0.0905,93.961,0.452,0.255,0.92,Come On Up,"jüle., IONA, Chill Select, Bn Hl",Sad
0.37,0.222,81.991,0.798,0.814,0.894,Mañana,ron quixote,Sad
0.322,0.475,84.963,0.699,0.391,0.788,Apapane,"Oaty., Chancla",Sad
0.566,0.469,101.973,0.83,0.21,0.918,Calm Your Mind,"Kimmø, Kid Tarô, Shuko",Energetic
0.666,0.28,130.04,0.787,0.0713,0.7,Low Tide,"Sátyr, Mosalla",Energetic
0.323,0.138,79.155,0.529,0.764,0.891,Passenger,Damn Homies,Sad
0.283,0.419,86.952,0.615,0.572,0.924,Cream,Hans Hu$tle,Sad
0.381,0.732,80.344,0.751,0.299,0.74,Fishizens,Josa,Neutral
0.324,0.254,145.826,0.604,0.927,0.928,Spring Melody,"Midan, Beats for Trees",Sad
0.45,0.512,89.025,0.714,0.0743,0.871,Midnight Cruisin,"Lamar Azul, Mindscape",Neutral
0.328,0.382,79.008,0.748,0.779,0.923,Sunday Galaxy Ride,Guzimi,Sad
0.532,0.651,160.023,0.66,0.231,0.799,Pirogue,"Odd Panda, Hikari",Happy
0.379,0.36,85.04,0.638,0.825,0.568,deliberation,"flamingo zamperoni, Chirofafa",Sad
0.474,0.585,82.038,0.603,0.698,0.467,Floatin',"SamuW, Mendeville, Lazlow",Neutral
0.368,0.26,87.969,0.624,0.0737,0.914,Move Around,"Zmeyev, flowless",Sad
0.434,0.477,163.97,0.817,0.0696,0.875,Lightness,"Screen Jazzmaster, Zmeyev",Sad
0.347,0.456,81.999,0.691,0.605,0.914,Mood Swings,"Mr. Käfer, Niklas Nadidai",Sad
0.313,0.224,150.066,0.729,0.808,0.88,The Backyard,"Noflik, Pleij",Sad
0.435,0.688,132.157,0.777,0.47,0.0647,Chichihua,Peter Kind,Neutral
0.166,0.543,80.99,0.735,0.661,0.956,Golden Leaves,Kasimir,Neutral
0.471,0.765,81.05,0.75,0.0651,0.826,Jazzy Mondays,"Zmeyev, Screen Jazzmaster",Neutral
0.344,0.652,87.026,0.662,0.351,0.878,The Other Day,halfpastseven,Neutral
0.434,0.711,80.002,0.733,0.776,0.905,New Chapter,"Jikuru, Lola",Neutral
0.505,0.418,83.935,0.692,0.339,0.664,Bobba,Platinum Dust,Energetic
0.463,0.581,83.967,0.796,0.583,0.836,Felices Siestas,Señor Siesta,Neutral
0.361,0.322,89.026,0.8,0.613,0.927,The Last Day,"Guidolain beats, brass.beats",Sad
0.199,0.629,160.64,0.604,0.543,0.938,Kamada,Butterscotch,Neutral
0.261,0.533,145.978,0.735,0.855,0.907,cinnamon,"Mozzie, flut",Neutral
0.354,0.432,84.223,0.472,0.915,0.885,A Million Times,KaspaHauser,Sad
0.56,0.341,119.974,0.558,0.775,0.838,Life Form,"xander., Rikard From",Energetic
0.367,0.646,87.982,0.724,0.664,0.8,biking,Loop Schrauber,Neutral
0.469,0.675,76.006,0.679,0.667,0.891,Yard,paris91,Neutral
0.324,0.617,74.009,0.733,0.581,0.778,Urban Oasis,"Mindeliq, Billa Qause",Neutral
0.389,0.472,90.028,0.742,0.111,0.863,Respiro,"flâneur, marsquake",Sad
0.372,0.168,153.874,0.57,0.62,0.911,Aquarius,"Sátyr, Mosalla, Louk",Sad
0.45,0.232,86.018,0.759,0.541,0.726,Como,"SamuW, Kimmø",Sad
0.317,0.236,161.432,0.392,0.671,0.904,A Cosmic Hiss,"Lola, Bluewerks",Sad
0.277,0.396,79.99,0.756,0.325,0.91,Grooveshop - damaa.beats Remix,"rocomoco, Hoffy Beats, damaa.beats",Sad
0.282,0.602,135.018,0.77,0.855,0.361,Night Driver,Rosemary beats,Neutral
0.507,0.389,88.987,0.427,0.084,0.672,Floating,"Slo Five, Frances The Mute",Energetic
0.455,0.696,91.992,0.854,0.241,0.801,Blossom,"Sem0r, Loyae",Neutral
0.33,0.215,84.035,0.591,0.222,0.899,Veil,"Hans Hu$tle, KOMOREBI",Sad
0.46,0.82,77.446,0.46,0.0411,0.746,Maple,"Living Room, ØNEMOR3",Neutral
0.323,0.371,83.003,0.634,0.894,0.808,Up & Down,"Drxnk, Myríad, Golden Ticket Tapes",Sad
0.449,0.333,85.197,0.64,0.184,0.856,Second Chance,"Saiko, Joe Sunrise",Sad
0.534,0.543,80.898,0.815,0.383,0.199,Paces,Lazlow,Happy
0.312,0.39,79.607,0.572,0.615,0.841,Salt,Oaty.,Sad
0.521,0.781,135.589,0.537,0.622,0.859,Hold On Tight,Boney James,Happy
0.279,0.0576,140.801,0.325,0.899,0.021,Over The Rainbow,Kenny G,Sad
0.531,0.838,119.991,0.756,0.318,0.713,Girl In The Red Dress,Gregg Karukas,Happy
0.585,0.495,143.932,0.645,0.37,0.742,Where the Night Begins,Steve Cole,Energetic
0.408,0.192,111.979,0.753,0.361,0.09,If Only For One Night,"Dave Koz, Brian Culbertson",Sad
0.607,0.406,82.996,0.544,0.206,0.911,Boneyizm,Boney James,Energetic
0.287,0.288,172.113,0.709,0.437,0.91,citynights,Ny Cic,Sad
0.599,0.776,97.008,0.798,0.216,0.242,Can You Feel It,"Adam Hawley, Marcus Anderson",Happy
0.558,0.604,119.007,0.831,0.706,0.636,Porch Java,Delorme & Co,Happy
0.493,0.432,136.018,0.706,0.683,0.63,Never Without You,"Brian Simpson, Peter White",Sad
0.592,0.365,77.937,0.608,0.469,0.909,I'll Be Waiting,Earl Klugh,Energetic
0.268,0.246,83.991,0.246,0.734,0.702,A Mother’s Lullaby,Kenny G,Sad
0.276,0.744,100.015,0.7,0.346,0.809,Liquid Soul,Chris Standring,Neutral
0.431,0.481,139.565,0.658,0.548,0.733,Perfect Moment,Peter White,Sad
0.387,0.604,76.032,0.635,0.172,0.655,Deep Touch,Richard Elliot,Neutral
0.577,0.239,98.011,0.736,0.226,0.769,If I Could Fly,Vincent Ingala,Energetic
0.636,0.672,82.019,0.582,0.0502,0.897,You Read My Mind,David Benoit,Happy
0.716,0.709,100.009,0.785,0.0889,0.195,Elevation,Jackiem Joyner,Happy
0.498,0.723,151.964,0.697,0.29,0.926,In The City,Brian Culbertson,Neutral
0.63,0.57,98.017,0.688,0.535,0.873,West Coast Coolin',Norman Brown,Happy
0.68,0.62,91.039,0.654,0.242,0.676,Any Love,Kirk Whalum,Happy
0.654,0.787,96.994,0.7,0.213,0.851,Always Thinkin' Of You,Nick Colionne,Happy
0.707,0.646,87.721,0.638,0.295,0.672,Autumn Day,Peter White,Happy
0.422,0.473,180.099,0.741,0.667,0.908,Next Journey,robomoque,Sad
0.491,0.317,73.972,0.542,0.0833,0.531,Battery Park,Zacky Yazz,Sad
0.801,0.623,91.016,0.695,0.093,0.445,Mr. Groove,Euge Groove,Happy
0.509,0.414,85.02,0.691,0.612,0.865,Find Someone Like You,"Jonas Wall, Umbaji",Energetic
0.402,0.584,77.086,0.529,0.205,0.624,Surrender (feat. Boney James),"Jonathan Butler, Boney James",Neutral
0.413,0.304,123.922,0.78,0.548,0.878,Straight to the Heart,Brian Culbertson,Sad
0.071,0.0602,146.977,0.159,0.911,0.856,#3,Aphex Twin,Sad
0.012,0.744,133.166,0.324,0.986,0.955,Clairvoyance,Jon Hassell,Neutral
0.0424,0.0354,139.169,0.166,0.888,0.668,Waves of the Unconscious Mind,Sol Reya,Sad
0.0616,0.279,209.852,0.387,0.99,0.915,Pink And Golden Billows,Brambles,Sad
0.112,0.161,77.122,0.118,0.993,0.902,Wav1,Terekke,Sad
0.0124,0.0908,65.876,0.19,0.988,0.859,Distorted Reflection,MrNotYet,Sad
0.0497,0.073,72.674,0.18,0.981,0.903,Melancholia II,William Basinski,Sad
0.0388,0.117,140.96,0.19,0.994,0.937,"I Thought About Death, About Time",Benjamin Gustafsson,Sad
0.0642,0.322,165.638,0.263,0.995,0.918,Fantas Morbida,"Caterina Barbieri, Kara-Lis Coverdale",Sad
0.0411,0.0356,87.315,0.184,0.619,0.904,Resignación,Murcof,Sad
0.0304,0.114,130.244,0.219,0.909,0.938,Poa Alpina,Biosphere,Sad
0.0217,0.223,104.541,0.278,0.98,0.919,Éphémère,Tony Anderson,Sad
0.71,0.578,119.951,0.702,0.082,1.52e-05,Hold This Memory,"Deepend, Madism",Happy
0.718,0.615,120.955,0.669,0.0886,0.4,Emorio,"Trinix, Fafá de Belém",Happy
0.57,0.527,113.945,0.644,0.484,0.0,Fast Car,"Jonas Blue, Dakota",Happy
0.68,0.646,100.987,0.689,0.321,0.0211,Sexual Healing - Kygo Remix,"Marvin Gaye, Kygo",Happy
0.841,0.712,116.016,0.769,0.114,0.0,Cool Kids,"Toby Rose, TWOPILOTS",Happy
0.685,0.116,118.001,0.763,0.36,0.887,Evening Walk,Matt Bleu,Energetic
0.653,0.248,104.961,0.629,0.00345,0.000718,Take My Breath Away,TWOPILOTS,Energetic
0.742,0.136,104.991,0.646,0.0224,4.99e-05,Bloom,"Lucas Estrada, TWOPILOTS",Energetic
0.8,0.219,114.981,0.641,0.0118,0.0225,Bloom (Brendan Mills Remix),"Lucas Estrada, TWOPILOTS, Brendan Mills",Energetic
0.67,0.528,120.028,0.654,0.149,0.157,Sunbeams,NSH,Happy
0.577,0.301,115.014,0.632,0.58,0.796,Kyoto,Innocent Panda,Energetic
0.592,0.387,124.015,0.821,0.213,0.0,True,"CYRIL, Kita Alexander",Energetic
0.64,0.197,114.083,0.616,0.0846,1.96e-05,Lie To Me,"Thom Merlin, Foínix, Brandon Chase",Energetic
0.741,0.563,119.971,0.806,0.0234,3.73e-05,Sunset Lovers,"Thierry Von Der Warth, Horizon Blue, Carston",Happy
0.68,0.117,117.998,0.673,0.542,0.888,Waves,"Gabriel Morais Jr, Ayla Nova",Energetic
0.739,0.833,120.021,0.749,0.025,4.48e-05,House Of Cards,"Lucas Estrada, Deepend, Dan Caplen",Happy
0.862,0.396,107.993,0.645,0.00736,1.73e-06,King,TWOPILOTS,Energetic
0.572,0.125,119.947,0.644,0.541,0.00609,Follow the Sun,NEIMY,Energetic
0.497,0.299,118.023,0.79,0.248,0.868,Glowing State,Maiwan,Sad
0.647,0.453,130.005,0.711,0.733,0.0228,Covered By The Clouds,NSH,Energetic
0.635,0.278,116.063,0.609,0.215,4.88e-05,Time After Time,Paratone,Energetic
0.702,0.539,124.924,0.651,0.0256,4.87e-05,Summer Feeling,"Matoma, Jonah Kagen",Happy
0.686,0.301,121.981,0.813,0.034,0.00636,Is This Love - Remix,"Bob Marley & The Wailers, LVNDSCAPE, Bolier",Energetic
0.621,0.556,116.027,0.65,0.566,0.307,Kids,"Hobes, NEIMY",Happy
0.585,0.739,117.849,0.797,0.451,2.17e-06,Cruel Summer (Marcus Layton Edit),"LAUWE, Marcus Layton",Happy
0.872,0.131,115.024,0.726,0.356,0.121,I'll Be There,"ConKi, Magnus Gunn",Energetic
0.762,0.259,118.023,0.753,0.128,0.327,Knockin' On Heaven's Door,"Nexeri, Tara Louise",Energetic
0.723,0.494,115.014,0.834,0.196,0.0058,Milkshake,PLÜM,Energetic
0.631,0.43,119.994,0.81,0.51,0.000146,Like a Mystery,Eneko Artola,Energetic
0.665,0.677,120.997,0.836,0.308,0.000925,Show Me Love - EDX Remix / Radio Edit,"Sam Feldt, Kimberly Anne, EDX",Happy
0.624,0.339,107.978,0.788,0.0991,4.37e-06,Would I Lie To You,"Thierry Von Der Warth, YKATI",Energetic
0.387,0.528,117.05,0.791,0.482,0.000109,5th Avenue,Trinix,Neutral
0.579,0.299,109.854,0.61,0.11,1.22e-06,In Too Deep,"WEEKLESS, WEDONT, ROBINS",Energetic
0.727,0.419,115.005,0.711,0.186,2.16e-06,Someone You Loved,"Viva La Panda, Justin Rhodes",Energetic
0.638,0.234,120.087,0.675,0.142,0.0365,Nalu,"Deep Chills, Brendan Mills",Energetic
0.669,0.0681,109.998,0.65,0.196,0.749,Don't Tell Me I Can't Have It,Sons Of Maria,Energetic
0.609,0.188,89.875,0.529,0.171,0.000279,Dancing With Your Ghost,TWOPILOTS,Energetic
0.663,0.806,106.995,0.72,0.387,0.0426,Where I Belong,NSH,Happy
0.626,0.943,125.035,0.818,0.185,6.01e-05,This Town,"Saco, Sparkle, Isabel Prada",Happy
0.748,0.683,120.023,0.654,0.427,1.15e-05,Another Love,"Rolipso, Foínix, Jordan Grace",Happy
0.738,0.496,124.061,0.665,0.133,0.0,Over You,"Madism, Philip Strand",Energetic
0.802,0.372,117.973,0.572,0.119,0.0,Million Memories,"Thierry Von Der Warth, Thomas Geelens",Energetic
0.679,0.438,120.114,0.715,0.517,0.0,Talking To Myself,"Namic, Meynberg",Energetic
0.611,0.419,115.887,0.655,0.649,0.000685,Before the Sun Sets,"Nimus, RED",Energetic
0.748,0.618,120.025,0.785,0.121,0.005,Home,"Zwette, Julian Perretta",Happy
0.796,0.26,109.969,0.83,0.385,6.13e-05,Promised Land,"Saco, Sparkle",Energetic
0.887,0.804,117.991,0.649,0.0304,0.101,Sound of Your Summer - SUPER-Hi Remix,"Quarry, SUPER-Hi",Happy
0.681,0.181,119.943,0.675,0.0494,0.00117,Young Folks,"John Skyfield, BNHM, Levka Rey",Energetic
0.544,0.619,114.99,0.786,0.0512,0.928,In Deep,Beachwax,Happy
0.638,0.427,117.026,0.789,0.171,0.0337,Ocean Quiet,"Lucas Estrada, NEIMY",Energetic
0.215,0.101,106.001,0.624,0.518,0.837,Blossom,"Willow, YVMV",Sad
0.711,0.312,119.997,0.616,0.167,1.96e-05,What You Know (feat. Levka Rey),"KHEMIS, BNHM, Levka Rey",Energetic
0.769,0.329,123.074,0.666,0.11,4.93e-05,Rise Up,"Brendan Mills, Surfin' Sam",Energetic
0.553,0.056,136.045,0.678,0.787,0.228,Help Me Lose My Mind,Gravagerz,Energetic
0.764,0.633,117.974,0.727,0.413,0.000313,Dollar Dream [Lucas Estrada Edit],"Lucas Estrada, Couché, Polar Notes, Mentum",Happy
0.606,0.314,123.006,0.567,0.0801,0.0,Hold On Me,"Kygo, Sandro Cavazza",Energetic
0.688,0.214,127.938,0.608,0.0554,0.00736,Love Is The Only Thing,Lost Frequencies,Energetic
0.951,0.4,74.973,0.772,0.0634,0.000738,2 Times,"Dimitri Vegas, Steve Aoki, Ann Lee, Sound Of Legend",Energetic
0.88,0.523,130.085,0.588,0.0243,6.89e-05,Deep In Your Love,"Alok, Bebe Rexha",Happy
0.831,0.673,126.056,0.785,0.0038,0.0105,Happier (feat. Clementine Douglas),"The Blessed Madonna, Clementine Douglas",Happy
0.8,0.925,119.984,0.724,0.0103,9.38e-05,Honey Boy (feat. Nile Rodgers & Shenseea),"Purple Disco Machine, Benjamin Ingrosso, Nile Rodgers, Shenseea",Happy
0.785,0.85,131.988,0.731,0.0155,0.00224,Never Be Lonely,"Jax Jones, Zoe Wees",Happy
0.74,0.419,170.098,0.566,0.0352,0.849,Resonance,Home,Energetic
0.951,0.164,129.996,0.538,1.02e-05,0.413,Retro Future,c152,Energetic
0.972,0.0338,100.006,0.524,0.000419,0.899,Retroshade,"KoruSe, mzmff",Energetic
0.637,0.115,100.024,0.66,0.0273,1.42e-06,La La Land,"Arimasen, FORBIDDEN",Energetic
0.305,0.197,96.099,0.514,0.152,0.353,the wanderer,lxst child,Sad
0.919,0.511,127.992,0.476,5.19e-06,0.955,Stray,c152,Happy
0.573,0.108,100.005,0.615,0.0471,0.951,Astral Chill,Virtual Mage,Energetic
0.458,0.0754,168.083,0.338,0.0011,0.457,HOLOGRAPHIC,VXLLAIN,Sad
0.922,0.228,110.04,0.508,3.59e-06,0.985,Star Pool,c152,Energetic
0.977,0.176,120.003,0.441,2.08e-05,0.955,Synthstar,c152,Energetic
0.495,0.432,169.956,0.595,0.00614,0.899,Vision,lxst child,Sad
0.952,0.22,94.968,0.451,1.83e-05,0.966,Purple Wind,c152,Energetic
0.677,0.28,176.048,0.419,0.0127,0.0,Exodus,"KoruSe, stellar, Arimasen",Energetic
0.581,0.209,105.027,0.667,0.103,5.24e-06,Nothingness,"LORD CHAOS!, NTPV",Energetic
0.707,0.126,100.0,0.518,0.0394,0.858,Echoes,c152,Energetic
0.25,0.269,180.017,0.459,0.735,0.949,if it isn't,METAHESH,Sad
0.972,0.0619,105.003,0.552,1.55e-05,0.93,Illusions,c152,Energetic
0.678,0.438,93.368,0.614,0.264,0.546,Skywalker,"c152, Arimasen, KoruSe",Energetic
0.618,0.216,94.07,0.585,0.125,0.619,Emptiness,"VXLLAIN, Navjaxx",Energetic
0.522,0.328,90.002,0.555,0.413,0.097,Shutdown Sequence,Willix,Energetic
0.792,0.235,92.003,0.548,0.0113,0.917,Lost World,c152,Energetic
0.513,0.116,94.997,0.495,0.534,0.969,vcr_memories,Willix,Energetic
0.0586,0.0351,173.732,0.196,0.781,0.864,milkyway,"Øneheart, Antent, Dean Korso",Sad
0.4,0.191,127.499,0.511,0.96,0.779,riddle,METAHESH,Sad
0.874,0.301,166.07,0.519,0.0535,0.0249,Memory Lane,"KoruSe, stellar",Energetic
0.935,0.278,99.985,0.498,0.000256,0.921,Neon Blades,c152,Energetic
0.651,0.162,149.979,0.494,0.0819,0.0,Nightlight,"ILLENIUM, Annika Wells",Energetic
0.75,0.349,115.039,0.745,0.004,0.423,Say My Name,"ODESZA, Zyra",Energetic
0.747,0.239,144.061,0.47,0.0468,4.25e-05,The Wailing,"Tomatow, Nadya Sumarsono",Energetic
0.665,0.0758,119.988,0.406,0.172,0.693,A Moment Apart,ODESZA,Energetic
0.746,0.17,140.086,0.52,0.176,0.000727,Who U Are,Polar Youth,Energetic
0.876,0.0726,145.012,0.495,0.00333,0.659,Take Me Away,"Tomatow, Cosmowave",Energetic
0.881,0.584,149.955,0.614,0.00291,0.000105,Dry,"GISHIN, AmanderSings",Happy
0.662,0.365,90.054,0.679,0.151,0.0,Savage (feat. Flux Pavilion & MAX),"Whethan, Flux Pavilion, MAX",Energetic
0.706,0.181,143.985,0.428,0.0203,0.0,Pretty Little Smile,Tomatow,Energetic
0.763,0.43,150.088,0.57,0.0857,2.49e-06,Light,San Holo,Energetic
0.872,0.531,150.0,0.648,0.0328,0.00238,Paint the Sky,"DJ Fluke, Nikita Afonso",Happy
0.602,0.555,94.056,0.753,0.052,0.000249,Last To Leave (feat. Caroline Ailin),"Louis The Child, Caroline Ailin",Happy
0.903,0.0681,129.043,0.65,0.0655,0.779,glow,"Fred again.., Duskus, Four Tet, Joy Anonymous, Skrillex",Energetic
0.46,0.215,126.026,0.769,0.338,0.0693,the things that bring me joy,Luca,Sad
0.9,0.0376,125.007,0.605,0.00888,0.812,Palermo,"Above & Beyond, PROFF",Energetic
0.781,0.215,121.002,0.79,0.511,0.912,Into The Night,Tonic Walter,Energetic
0.615,0.758,123.016,0.8,0.00251,0.473,Saturday Morning,Rules,Happy
0.715,0.0327,123.877,0.611,0.625,0.918,Blossom,VisionV,Energetic
0.633,0.0938,120.069,0.692,0.164,0.00203,Mine To Love,Ross Quinn,Energetic
0.751,0.0994,124.006,0.751,0.0479,0.792,NOVA,Tonic Walter,Energetic
0.927,0.383,133.978,0.447,0.0559,0.557,Hiding,"Ben Böhmer, Lykke Li",Energetic
0.889,0.0474,123.029,0.559,0.169,0.631,Felt (feat. Henry Green),"Christian Löffler, Henry Green",Energetic
0.44,0.179,129.985,0.821,0.291,0.0552,Other Side,"AVAION, BUNT.",Sad
0.545,0.539,120.052,0.829,0.0757,0.808,I Kinda Like It,Lofive,Happy
0.762,0.251,122.005,0.734,0.0261,0.952,Spring Embers,Nora En Pure,Energetic
0.898,0.325,123.031,0.661,0.00167,0.314,Sun Will Rise - Edit,"Marten Lou, Sasson (FR)",Energetic
0.79,0.054,123.003,0.608,0.581,0.756,Calm,"Midnight Pass, Ruffnux",Energetic
0.571,0.285,114.991,0.725,0.106,0.759,Where I Find My Mind,Eli & Fur,Energetic
0.646,0.689,123.806,0.654,0.368,0.234,Not Giving You Up,Rules,Happy
0.338,0.333,120.997,0.674,0.679,0.717,Fade,"Alex Lustig, Sølv",Sad
0.498,0.108,120.056,0.65,0.572,0.0144,Broken,AVAION,Sad
0.729,0.157,124.011,0.555,0.151,0.867,Childish,Lane 8,Energetic
0.342,0.036,125.014,0.789,0.704,0.895,I Never Really Cared,Stoto,Sad
0.75,0.142,120.971,0.565,0.134,0.395,Lost,"Le Youth, Jerro, Lizzy Land",Energetic
0.564,0.308,120.021,0.772,0.584,0.884,No Stress in Cres,Sound Nomaden,Energetic
0.542,0.163,123.846,0.279,0.47,0.601,Erase,"Ben Böhmer, lau.ra",Energetic
0.458,0.442,122.027,0.65,0.801,0.957,searchingforthelights,Tonic Walter,Sad
0.74,0.166,125.998,0.674,0.515,0.818,These Things Will Come To Be,DJ Seinfeld,Energetic
0.837,0.152,120.021,0.625,0.277,0.914,Do No More,Nora En Pure,Energetic
0.575,0.0394,122.022,0.578,0.000457,0.552,Lençóis (Love Me) - Notre Dame Remix,"RY X, Notre Dame",Energetic
0.422,0.193,111.967,0.7,0.523,0.424,There For You,Y.V.E. 48,Sad
0.946,0.133,120.0,0.665,0.00186,0.648,Save Me,"Kaskade, Lauren L'aimant",Energetic
0.725,0.495,124.027,0.567,0.144,0.891,In My Head,Trilucid,Energetic
0.908,0.103,124.992,0.637,0.0472,0.952,All Night Long,Marsh,Energetic
0.584,0.04,119.007,0.734,0.124,0.852,Verden,"MEUTE, pølaroit",Energetic
0.909,0.0581,122.002,0.623,0.0396,0.96,Sherwood Forest,Nora En Pure,Energetic
0.739,0.251,123.032,0.661,0.0148,0.69,Falling Apart,Catching Flies,Energetic
0.579,0.31,128.03,0.754,0.00689,0.595,I Can Make It,CRi,Energetic
0.901,0.0598,122.995,0.68,0.000487,0.908,Ascension,"Marsh, Volen Sentir",Energetic
0.569,0.241,116.016,0.712,0.346,0.492,New Fires,"Christian Löffler, Henry Green",Energetic
0.452,0.0425,114.994,0.667,0.239,0.888,Mimose,Parra for Cuva,Sad
0.748,0.0393,126.082,0.561,0.0898,0.0255,Hiding - HÜMAN Remix,"AVAION, HÜMAN",Energetic
0.723,0.0706,121.002,0.604,0.017,0.17,Love Will Save Me - CamelPhat Remix,"WhoMadeWho, CamelPhat, RY X",Energetic
0.902,0.11,121.986,0.648,0.115,0.956,Indulgence,Nora En Pure,Energetic
0.68,0.13,119.967,0.699,0.00801,0.129,Like I Used To,"Steven Weston, Låpsley",Energetic
0.807,0.0384,124.004,0.778,0.0816,0.703,Keep Going,Stephan Jolk,Energetic
0.763,0.715,121.008,0.631,0.0824,0.299,Waves (feat. Grace Tither),"BLOND:ISH, Grace Tither",Happy
0.781,0.233,135.093,0.678,0.462,0.796,Have U,Caius,Energetic
0.815,0.039,124.975,0.576,0.00966,0.00661,Lonely,"Nils Hoffmann, Rae Morris",Energetic
0.732,0.328,122.018,0.774,0.00197,0.963,Sunrise Song,Luttrell,Energetic
0.805,0.498,117.981,0.555,0.00114,0.744,Oceanside Girl,Holo,Energetic
0.542,0.64,120.988,0.835,0.546,0.838,Running up That Hill,Dayne S,Happy
0.791,0.17,123.986,0.534,0.038,0.268,Call My Name,"Franky Wah, Rae Morris",Energetic
0.657,0.525,114.002,0.615,0.599,0.859,Cynnes,il:lo,Happy
0.667,0.243,120.004,0.578,0.254,0.419,All we ever wanted,"MVCA, SCHWARZ",Energetic
0.543,0.3,124.046,0.652,0.0208,0.00976,Something Right,"Luttrell, Molly Moonwater",Energetic
0.852,0.203,122.039,0.66,0.013,0.111,Egyptian Sun,"Francis Mercier, Kiesza",Energetic
0.896,0.275,104.982,0.788,0.0721,0.896,Ibiza Blue,Sue Avenue,Energetic
0.575,0.0654,118.029,0.624,0.441,0.919,Envy,"Christian Löffler, Mogli",Energetic
0.626,0.703,96.625,0.833,0.0225,7.83e-06,La Suavecita,"La Sonora Dinamita, Alvaro Pava",Happy
0.684,0.982,119.994,0.869,0.071,0.0,El Muñeco,Brazeros Musical De Durango,Happy
0.505,0.786,180.625,0.64,0.176,0.0,Todo Me Gusta De Ti,Aaron Y Su Grupo Ilusion,Happy
0.673,0.95,89.646,0.719,0.414,0.0,El Colesterol,Fito Olivares y Su Grupo,Happy
0.886,0.856,96.555,0.843,0.0736,0.000387,Por cuánto me lo das,Los Tigrillos,Happy
0.698,0.891,99.878,0.911,0.0333,5.77e-06,El Hijo De Tuta,La Chanchona De Tito Mira,Happy
0.673,0.849,139.991,0.844,0.0836,0.000263,Mix Aniceto 2000: Josefina / La Loca / La Brujita,Los Francos,Happy
0.488,0.897,191.935,0.696,0.14,0.0179,Estas Bien Buena,Los Hermanos Flores,Neutral
0.685,0.787,182.031,0.503,0.126,0.000129,La 2Da. De Niña,Aaron Y Su Grupo Ilusion,Happy
0.838,0.709,95.86,0.727,0.574,0.000401,La Negra Caderona,Aniceto Molina,Happy
0.79,0.842,97.833,0.728,0.304,0.0,La Guera Salome,Fito Olivares y Su Grupo,Happy
0.619,0.826,176.296,0.467,0.763,0.00545,Juana La Cubana,Fito Olivares y Su Grupo,Happy
0.752,0.78,96.673,0.852,0.401,0.000113,La Sabrosona,Fito Olivares,Happy
0.828,0.96,91.506,0.757,0.486,0.00176,Fin De Semana,Fito Olivares,Happy
0.593,0.952,90.993,0.832,0.169,0.0,Oye Mujer,Raymix,Happy
0.544,0.916,181.859,0.551,0.136,0.0,¿Dónde Estarás?,Raymix,Happy
0.732,0.718,90.001,0.634,0.462,0.0,Primer Beso,Raymix,Happy
0.78,0.329,105.025,0.794,0.444,0.000276,Qué Pasaría...,"Rauw Alejandro, Bad Bunny",Energetic
0.669,0.576,95.027,0.903,0.316,0.0,DIABLITA (feat. YOVNGCHIMI),"Myke Towers, YOVNGCHIMI",Happy
0.602,0.501,124.067,0.758,0.201,0.0,Tanta Droga,"Eladio Carrion, Arcángel, De La Ghetto",Happy
0.814,0.365,95.084,0.786,0.0383,3.67e-05,UN PREVIEW,Bad Bunny,Energetic
0.757,0.796,100.043,0.775,0.0405,0.0,Suéltate Tú,Farruko,Happy
0.799,0.658,122.018,0.705,0.0357,0.417,Viaje,Farruko,Happy
0.68,0.71,179.923,0.796,0.0575,0.000683,Jordan,Ryan Castro,Happy
0.784,0.75,170.093,0.737,0.299,0.0,GUCCI FENDI,"Justin Quiles, Eladio Carrion",Happy
0.698,0.599,117.765,0.629,0.0509,0.00166,El Apagón,Bad Bunny,Happy
0.822,0.557,123.984,0.776,0.067,0.000249,Embalao,"Farruko, White Star, J. Cross",Happy
0.838,0.637,91.986,0.803,0.0905,0.011,ZONA DEL PERREO,"Daddy Yankee, NATTI NATASHA, Becky G",Happy
0.624,0.767,93.063,0.787,0.103,0.0,Sabe,"Nicki Nicole, Rauw Alejandro",Happy
0.618,0.618,93.027,0.769,0.211,0.0649,Lambo,Farruko,Happy
0.683,0.771,87.979,0.851,0.319,2.5e-05,Vestido,J Balvin,Happy
0.665,0.634,166.006,0.747,0.0481,0.0,Bebé Que Bien Te Ves,"J Balvin, Feid",Happy
0.788,0.711,179.876,0.662,0.0191,0.0,Una Nota,"J Balvin, Sech",Happy
0.709,0.831,170.001,0.743,0.0451,5.18e-06,"DJ No Pare (feat. Zion, Dalex, Lenny Tavárez) - Remix","Justin Quiles, NATTI NATASHA, Farruko, Lenny Tavárez, Dalex, Zion",Happy
0.683,0.878,119.99,0.804,0.561,0.0,Baby,Nicki Nicole,Happy
0.492,0.695,80.01,0.844,0.06,0.0,Fantasías,J Balvin,Neutral
0.494,0.231,132.037,0.592,0.237,0.0,De Museo,Bad Bunny,Sad
0.655,0.785,172.031,0.743,0.114,0.0,AM Remix,"Nio Garcia, J Balvin, Bad Bunny",Happy
0.559,0.48,169.103,0.808,0.133,6.57e-06,100 MILLONES,"Bad Bunny, Luar La L",Energetic
0.674,0.761,90.007,0.841,0.104,0.0,"La Curiosidad (feat. Dj Nelson, JHAYCO, Lunay & Kendo Kaponi) - Blue Grand Prix Remix","Jay Wheeler, Myke Towers, Rauw Alejandro, DJ Nelson, JHAYCO, Lunay, Kendo Kaponi",Happy
0.881,0.677,123.013,0.688,0.0947,0.0,YO VISTO ASÍ,Bad Bunny,Happy
0.725,0.375,145.001,0.86,0.0464,9.1e-05,HOY COBRÉ,Bad Bunny,Energetic
0.861,0.588,133.037,0.762,0.139,1.08e-06,MALDITA POBREZA,Bad Bunny,Happy
0.737,0.697,167.969,0.793,0.0765,0.0,"PORFA Remix ( Feat. Maluma, Nicky Jam, Sech) - Remix","Feid, J Balvin, Maluma, Nicky Jam, Sech, Justin Quiles",Happy
0.58,0.608,175.937,0.763,0.0466,1.6e-05,Anaranjado,"Jowell & Randy, J Balvin",Happy
0.701,0.623,91.97,0.659,0.0882,0.0,La Tóxica,Farruko,Happy
0.806,0.698,168.084,0.728,0.0531,0.000301,Caramelo,Ozuna,Happy
0.83,0.697,94.011,0.772,0.016,0.0,PA' ROMPERLA,"Bad Bunny, Don Omar",Happy
0.5,0.317,92.976,0.865,0.0122,7.73e-05,MÁS DE UNA CITA,"Bad Bunny, Zion & Lennox",Sad
0.727,0.92,147.967,0.869,0.0589,0.00991,SI ELLA SALE,Bad Bunny,Happy
0.84,0.567,94.05,0.841,0.0177,3.18e-05,Mujer Satisfecha,Zion & Lennox,Happy
0.738,0.818,94.995,0.828,0.0381,0.492,Verde,"J Balvin, Sky Rompiendo",Happy
0.836,0.651,94.018,0.843,0.0816,0.0014,Azul,J Balvin,Happy
0.709,0.916,93.06,0.849,0.227,0.0,Gris,J Balvin,Happy
0.787,0.392,92.971,0.731,0.0865,0.0,Arcoíris,"J Balvin, Mr Eazi",Energetic
0.911,0.799,164.082,0.796,0.0157,0.196,Negro,J Balvin,Happy
0.612,0.742,147.982,0.882,0.0475,5.07e-06,Pero Ya No,Bad Bunny,Happy
0.801,0.81,93.992,0.762,0.2,7.04e-05,La Zona,Bad Bunny,Happy
0.831,0.88,88.793,0.679,0.159,1.1e-06,Solita,"Sech, Farruko, Zion & Lennox",Happy
0.536,0.505,96.029,0.85,0.267,3.89e-05,Ignorantes,"Bad Bunny, Sech",Happy
0.696,0.781,97.002,0.881,0.136,4.06e-05,Morado,J Balvin,Happy
0.672,0.526,91.976,0.886,0.0363,8.78e-06,Vete,Bad Bunny,Happy
0.618,0.604,91.017,0.844,0.139,0.000309,Fuego,Ozuna,Happy
0.711,0.622,100.013,0.871,0.0267,0.0057,Blanco,J Balvin,Happy
0.633,0.394,140.008,0.775,0.201,0.0,La Playa - Remix,"Myke Towers, Maluma, Farruko",Energetic
0.715,0.758,165.941,0.795,0.141,2.12e-06,Bellaquita - Remix,"Dalex, Lenny Tavárez, Anitta, NATTI NATASHA, Farruko, Justin Quiles",Happy
0.752,0.743,96.966,0.925,0.0149,0.0,Shorty,Jerry Di,Happy
0.717,0.195,99.946,0.759,0.0672,0.000455,B11 (feat. Myke Towers),"Rvssian, Darell, Zion & Lennox, Myke Towers",Energetic
0.858,0.65,83.489,0.655,0.53,0.0,Delincuente,"Farruko, Anuel AA, Kendo Kaponi",Happy
0.812,0.587,90.981,0.846,0.109,0.00245,CUIDAO POR AHÍ,"J Balvin, Bad Bunny",Happy
0.807,0.816,103.053,0.825,0.0741,4.79e-06,COMO UN BEBÉ,"J Balvin, Bad Bunny, Mr Eazi",Happy
0.79,0.763,175.988,0.725,0.0711,1.14e-06,Otro Trago - Remix,"Sech, Ozuna, Anuel AA, Darell, Nicky Jam",Happy
0.599,0.869,102.119,0.861,0.183,0.0,Cristina (feat. Shelow Shaq),"Maffio, Justin Quiles, Nacho, Shelow Shaq",Happy
0.783,0.799,92.01,0.795,0.361,0.0,Soltera (Remix),"Lunay, Daddy Yankee, Bad Bunny",Happy
0.972,0.881,129.967,0.845,0.444,0.0443,TOMA TOMA TOMA,"$werve, TOKYOSLEEP, Mc Gw",Happy
0.742,0.479,130.089,0.889,0.299,0.000568,Tubarão Te Amo,"Dj LK da Escócia, Tchakabum, MC Ryan SP, mc jhenny, Mc RF",Energetic
0.683,0.767,129.946,0.85,0.091,0.229,Montagem Orquestra Sinfônica,"DJ TENEBROSO ORIGINAL, Mc Danflin",Happy
0.781,0.57,130.174,0.922,0.148,0.00013,Chama o Coveiro,"Mc Delux, DJ Guih Da ZO",Happy
0.726,0.658,72.74,0.502,0.478,2.29e-06,Faz Striptease (Versão Tik Tok),"MC Teuzin PV, MC Skcot",Happy
0.746,0.752,130.138,0.896,0.108,1.19e-06,Ele Te Bota Soca Soca,"MC Mazzie, Mc Rd, DJ NpcSize, DJ Wizard",Happy
0.596,0.651,130.148,0.931,0.553,7.26e-05,Soca Soca,"MC Mazzie, DJ CARAI",Happy
0.556,0.426,130.046,0.947,0.277,5.43e-06,Sua amiga deu,MC Levin,Energetic
0.421,0.788,86.69,0.537,0.408,0.0,Joga Essa Rabeta,"MC Teuzin PV, MC Skcot",Neutral
0.855,0.658,86.93,0.773,0.223,1.25e-05,Eu Já Sofri por Amor Mas Não Sofro Mais (Tik Tok),"MC Teuzin PV, MC Skcot",Happy
0.659,0.495,129.962,0.955,0.411,0.00731,EU BEM QUE TE AVISEI - TU EMPINOU ELE PEI,"Mc Delux, DJ ABDO, CLUB DA DZ7",Energetic
0.607,0.962,129.97,0.932,0.884,0.0,Vai Com Bundão,"MC Meno K, Ricky Ribeiro",Happy
0.493,0.389,114.952,0.776,0.12,0.854,Baiana 2022,Ladji Mouflet,Sad
0.593,0.292,95.059,0.496,0.784,0.643,MTG MALDIÇÃO ETERNA 1.0 (Slowed),"DJ GLK, MC LIPEX, Dj luis do grau",Energetic
0.791,0.821,96.019,0.842,0.31,5.49e-05,Dale Moreno,Dj Jhonatan Perú,Happy
0.743,0.612,130.143,0.805,0.177,0.00155,Saka Saka Saka,"MC Mazzie, DJ NpcSize, DJ Wizard",Happy
0.896,0.794,140.111,0.933,0.258,0.0,"É o Pombo, É o Neymar, Vinícius Jr E Paquetá (Copa do Mundo 2022)","DJ Dollynho Da Lapa, MC LEON, MC Pânico",Happy
0.684,0.817,129.971,0.927,0.148,0.0461,AQUECIMENTO TÃO TÁ VAI COMEÇAR EM VS PEGA PEGA VUK VUK FUNK,BRADSP,Happy
0.774,0.76,86.656,0.891,0.297,1.14e-05,ESSE HIT É CHICLETE VS É VUK VUK TIK TOK,DJ MESQUITA DE NV,Happy
0.494,0.758,139.788,0.584,0.000494,0.000549,Sequência dos Bailes Funk,DJ VM 22,Neutral
0.702,0.931,64.987,0.825,0.27,0.00697,Não é Uma Beleza,"Rand0m, GV Cunha, DJ Guilherme",Happy
0.864,0.594,140.306,0.883,0.135,0.0,"É o Pombo, É o Neymar, Vinicius Jr, Paqueta","NK DA V, MC Pânico",Happy
0.823,0.671,130.031,0.977,0.396,3.87e-05,Jogadinha do Paqueta,"Mc Rf, Dj Kaio VDM",Happy
0.39,0.175,130.05,0.913,0.707,3.32e-05,HOJE EU VOU COMER NOVINHA 02,DJ AG O GRINGO,Sad
0.849,0.92,130.207,0.945,0.117,0.00145,Tu Hablas Espanhol,"Mc Delux, DJ Guih Da ZO",Happy
0.518,0.793,150.066,0.896,0.285,0.00306,Saquarema,"MC Rogê, DJ Meek, Boladinho DJ, Mc G Talibã",Happy
0.842,0.464,130.042,0.76,0.829,0.00108,Beat Trava Pulmão,"Mc Menor Do Alvorada, dj caxa da zl, Mc Gw",Energetic
0.819,0.888,88.055,0.596,0.0644,0.00837,Tu Empinou Ele Pei,"Xandy Almeida, Mc Delux",Happy
0.754,0.574,129.947,0.845,0.0571,1.31e-05,Automotivo Super Mario World 2,DJ NK3,Happy
0.897,0.589,130.284,0.912,0.33,5.63e-05,Hey Hou,"DJ Guih Da ZO, Mc Delux",Happy
0.374,0.684,130.026,0.867,0.629,0.0,Uma Cavala Mesmo,"MC Meno K, MC Cria, Dj Matheus Silva",Neutral
0.483,0.217,123.846,0.765,0.432,0.0,Formosa,"Kaio Viana, MC CJ",Sad
0.836,0.162,130.028,0.967,0.278,8.5e-05,Bumbum granada,"MC's Zaac, Jerry Smith",Energetic
0.855,0.569,130.145,0.821,0.317,0.000115,VAI DJ NPC SOCA COM VONTADE / MACHUCA MACHUCA,"DJ NpcSize, Mc Larissa",Happy
0.799,0.639,130.012,0.959,0.329,2.96e-05,A X3R3CA DELA É BOA,"Mc Delux, DJ Guilherme",Happy
0.533,0.673,130.014,0.921,0.433,0.0,Sua amiga vou sarrar,MC Levin,Happy
0.699,0.762,83.624,0.633,0.516,1.46e-06,Forte Forte de Lacoste - Pra Começar o Final de Semana,"DJ Jeeh FDC, MC LCKaiique, MC Celo BK, DJ Menezes, DJ Arana, Mc Yoshi",Happy
0.809,0.733,126.028,0.633,0.289,0.0,Portuginies,IShowSpeed,Happy
0.285,0.793,129.83,0.908,0.16,0.00833,Jingle Bell,MC Teteu,Neutral
0.813,0.403,113.471,0.845,0.465,0.00548,Montagem - Conga Conga (Slowed + Reverb),DJ RAMON SP,Energetic
0.879,0.954,130.006,0.91,0.143,0.271,REI DO BRASIL,Seek,Happy
0.601,0.662,84.614,0.615,0.0732,0.427,Cumbia Sobre el Mar,"Quantic, Flowering Inferno",Happy
0.921,0.981,98.076,0.728,0.493,0.0172,Forró pela Manhã,Hermeto Pascoal,Happy
0.413,0.527,96.649,0.761,0.258,0.881,Forrowest,Forro In The Dark,Neutral
0.612,0.598,107.137,0.602,0.0216,8.58e-06,Asa Branca,"Forro In The Dark, Daivd Byrne",Happy
0.677,0.79,113.367,0.667,0.242,0.753,Forró da Casa Grande,Forro In The Dark,Happy
0.325,0.882,125.648,0.791,0.151,0.839,Limoerio do Norte,Forro In The Dark,Neutral
0.322,0.822,147.643,0.567,0.367,0.151,Sabiá,Forro In The Dark,Neutral
0.366,0.708,168.907,0.469,0.902,0.15,Wandering Swallow featuring Bebel Gilberto,"Forro In The Dark, Bebel Gilberto",Neutral
0.666,0.699,116.383,0.666,0.0281,0.0,Salvación,"Los Miticos Del Ritmo, Quantic",Happy
0.695,0.971,84.781,0.781,0.0606,0.104,Vampiro Sabanero,"Los Miticos Del Ritmo, Quantic",Happy
0.732,0.694,159.924,0.651,0.187,0.14,Cumbia Sobre el Mar - El Búho Remix,"El Búho, Quantic",Happy
0.758,0.942,92.998,0.841,0.303,0.00531,Inmortales (Body Move) - El Búho Remix,"Nickodemus, Fémina, El Búho",Happy
0.533,0.976,156.017,0.886,0.743,0.396,Hotline Bling,"Quantic, Los Miticos Del Ritmo",Happy
0.494,0.927,89.112,0.582,0.476,0.00313,Se Lo Ví,"Quantic, Nidia Gongora",Neutral
0.744,0.811,94.019,0.738,0.197,1.06e-05,Ojos Vicheros,"Quantic, Nidia Gongora",Happy
0.443,0.688,96.023,0.865,0.723,0.143,Criançada (con Castello Branco),"Nicola Cruz, Castello Branco",Neutral
0.58,0.84,100.007,0.835,0.559,0.000767,Hacia Delante (con Chato),"Nicola Cruz, Chato",Happy
0.623,0.391,93.979,0.817,0.274,0.235,Equinoccio (feat. Huaira),"Nicola Cruz, Huaira",Energetic
0.886,0.897,184.108,0.714,0.663,1.16e-05,Prego Batido,Bernadete França,Happy
0.78,0.582,87.984,0.708,0.271,0.0,Ô Sertão,Ó Do Forró,Happy
0.86,0.966,91.984,0.812,0.395,0.0,Forró Do Embolaxado,As Galvão,Happy
0.741,0.744,95.715,0.861,0.425,0.63,Baião Destemperado,Barbatuques,Happy
0.876,0.876,93.022,0.858,0.326,7.34e-05,Bate no Pandeiro,Ó Do Forró,Happy
0.698,0.687,147.918,0.754,0.0353,0.0366,Condução,Mariana Aydar,Happy
0.767,0.957,108.081,0.724,0.296,0.0,Abc do Sertão,Bicho de Pé,Happy
0.458,0.58,135.853,0.754,0.301,0.000242,Foguete,Mariana Aydar,Neutral
0.427,0.637,156.004,0.639,0.225,0.0,Bença,Juliette,Neutral
0.514,0.809,143.027,0.676,0.27,3.45e-05,Me Embelezo,"Xaxado Novo, Bruno Duarte",Happy
0.65,0.892,129.958,0.765,0.041,0.0,Despedida,Thais Nogueira,Happy
0.652,0.786,147.046,0.716,0.0572,4.58e-05,Menina Mulher da Pele Preta,Forroçacana,Happy
0.827,0.961,92.992,0.742,0.181,0.61,Baile de Luxo,Os Fulano,Happy
0.717,0.96,96.565,0.631,0.552,1.1e-06,Tem Quem Reze por Mim,Trio Juazeiro,Happy
0.626,0.747,185.213,0.46,0.348,0.0,Saudade é Tempero de Vó,"Lucas Felix, Mestrinho",Happy
0.901,0.982,100.501,0.805,0.316,0.0,Mexe pra Gente Ver,Quininho De Valente,Happy
0.892,0.94,93.98,0.847,0.263,1.01e-05,Quer Mais um Pouquinho,Ó Do Forró,Happy
0.87,0.974,94.961,0.768,0.546,0.0,Tonelada de Forró,Trio Alvorada,Happy
0.895,0.937,97.003,0.823,0.413,0.0,Seu Siriri,Trio Dona Zefa,Happy
0.926,0.968,98.04,0.755,0.0823,0.0,Maria Forrozeira,Thais Nogueira,Happy
0.967,0.918,193.967,0.694,0.25,0.0,Forró Perigoso,Diego Oliveira,Happy
0.849,0.738,94.983,0.758,0.488,0.0,Forró do Benedito,Trio Caeté,Happy
0.696,0.961,97.018,0.734,0.588,0.0,Matuto Aperreado,Luiz Gonzaga,Happy
0.404,0.775,137.965,0.666,0.39,0.0,Oh! Chuva,Falamansa,Neutral
0.479,0.661,104.83,0.62,0.196,0.000406,La Belle De Jour,Alceu Valença,Neutral
0.601,0.927,157.243,0.744,0.562,1.55e-06,Onde Está Você,"Elba Ramalho, Dominguinhos",Happy
0.975,0.806,111.98,0.697,0.186,0.000867,Forró Nº 1 (feat. Gal Costa),"Luiz Gonzaga, Gal Costa",Happy
0.59,0.895,158.053,0.761,0.454,0.00933,Quando Você Olha Pra Ela,Gal Costa,Happy
0.641,0.819,145.048,0.563,0.685,0.000183,Você Não Entende Nada,Gal Costa,Happy
0.694,0.739,106.359,0.723,0.313,0.0,Camarão Que Dorme a Onda Leva,"Zeca Pagodinho, Dudu Nobre, Mumuzinho, Djavan, Sombrinha, Arlindo Cruz, Maria Rita, Péricles, Alcione, Emicida, Diogo Nogueira, Frejat, Monarco, VELHA GUARDA DA PORTELA, Almir Guineto, Rildo Hora, Roberta Sá, Lenine, Beth Carvalho, Marcelo D2",Happy
0.647,0.936,156.28,0.653,0.201,0.0,Esperando na janela,Gilberto Gil,Happy
0.814,0.95,96.03,0.669,0.378,0.0,Beijo Matador,Forró Bemtivi,Happy
0.773,0.965,104.76,0.7,0.406,0.0,O Canto Da Ema,Jackson Do Pandeiro,Happy
0.874,0.962,95.035,0.748,0.276,0.0,Matilde,Forroçacana,Happy
0.951,0.969,102.987,0.743,0.579,0.0,Vamos Todo Mundo pro Forró,Dois Dobrado,Happy
0.592,0.565,140.031,0.846,0.324,0.0,Cartomante,Pé de Mulambo,Happy
0.47,0.577,145.703,0.655,0.237,0.00163,Táxi Lunar,Geraldo Azevedo,Neutral
0.566,0.281,111.019,0.78,0.323,0.000463,Boa Sorte / Good Luck (feat. Ben Harper),"Vanessa Da Mata, Ben Harper",Energetic
0.92,0.973,98.057,0.808,0.211,2.11e-06,Forró no Malagueta,Forroçacana,Happy
0.493,0.761,161.492,0.609,0.176,0.0,Que seja,"Bicho de Pé, Janayna Pereira",Neutral
0.631,0.926,150.007,0.696,0.346,0.0,Vou Te Namorar,Dois Dobrado,Happy
0.532,0.527,143.458,0.591,0.614,0.0,Eu e você,"Bicho de Pé, Janayna Pereira",Happy
0.585,0.895,154.147,0.715,0.165,0.0,Bola De Meia,Forroçacana,Happy
0.413,0.732,76.184,0.506,0.08,0.0,Medo de Escuro,Falamansa,Neutral
0.773,0.962,82.542,0.642,0.324,0.0,Samarina,Chama Chuva,Happy
0.769,0.35,88.03,0.693,0.114,0.0,Me Chamo Forró,Ó Do Forró,Energetic
0.452,0.531,92.055,0.363,0.417,0.0,Namoro,Rastapé,Neutral
0.609,0.613,98.011,0.709,0.164,3.07e-06,Eu Só Quero Um Xodó,Bicho de Pé,Happy
0.526,0.761,80.029,0.559,0.564,0.209,E Eu?,Gisele De Santi,Happy
0.632,0.96,168.563,0.635,0.293,0.0,Sapatilha 37,Guentaê!,Happy
0.854,0.9,97.013,0.637,0.323,0.0,Agradar Você,Trio Potiguá,Happy
0.766,0.885,166.989,0.649,0.267,0.0,Numa Sala de Reboco,Elba Ramalho,Happy
0.698,0.967,168.05,0.645,0.238,0.0,Meu Cenario,Circulando De Fulo,Happy
0.748,0.96,179.533,0.621,0.522,0.0,Forró De Itaúnas,Chama Chuva,Happy
0.396,0.634,127.194,0.713,0.107,0.0,"O Sol, A Lis, E O Beija-Flor",Circulando De Fulo,Neutral
0.602,0.663,166.074,0.604,0.28,0.0,Semelhantes,Peixelétrico,Happy
0.877,0.793,122.042,0.812,0.305,0.00204,Aşkının Ederi Bu Mu,"Shawty, Ayaz Erdoğan",Happy
0.884,0.721,169.903,0.756,0.296,0.0,Ne Olur,"Bilal Sonses, Merve Özbey",Happy
0.831,0.768,124.031,0.721,0.00583,2.52e-06,Kül Kedisi,Bengü,Happy
0.617,0.554,164.22,0.486,0.235,0.0,İstanbul'da,İlyas Yalçıntaş,Happy
0.797,0.389,111.949,0.635,0.0157,1.3e-06,Geçen Yıl,Saide Guliyeva,Energetic
0.67,0.278,150.234,0.519,0.321,1.18e-06,Ama Yine Sen,Burak Bulut,Energetic
0.72,0.953,93.928,0.664,0.762,0.00592,İki Taraf,Sezer Sarıgöz,Happy
0.588,0.503,80.144,0.555,0.682,7.32e-05,Kaybeden Hep Bendim,Kerim Araz,Happy
0.421,0.497,170.108,0.602,0.411,4.93e-06,Rakıya Meze Olalım,"Zara, Burak Bulut, Kurtuluş Kuş",Sad
0.639,0.221,100.06,0.674,0.0504,0.000764,Gittiğini Kabullenemem,Rollen,Energetic
0.622,0.405,119.992,0.791,0.32,0.0,Kimim Ben,"Fredo, Defkhan, Rollen, Aysemen",Energetic
0.759,0.483,120.013,0.751,0.0611,9.39e-06,Damla,Hande Yener,Energetic
0.563,0.376,90.024,0.625,0.0626,0.0,Yangın - Akustik,Hande Ünsal,Energetic
0.869,0.494,110.052,0.761,0.0851,0.00544,Yeniden Sevemem,"Kurtuluş Kuş, Burak Bulut",Energetic
0.524,0.214,96.995,0.739,0.303,0.0,Hayatın Kollarında,"Samet Kardeşler, Sıla Şahin",Energetic
0.625,0.784,143.981,0.776,0.171,0.0,Zar Zor,Ayaz Erdoğan,Happy
0.665,0.605,180.019,0.656,0.177,0.395,YAKTIN,"Ilker James, Ayaz Erdoğan",Happy
0.712,0.509,96.968,0.632,0.176,0.0,Azar Azar,EDIS,Happy
0.654,0.287,144.978,0.615,0.304,0.0,Gecelere,"Eda Sakız, Siyam",Energetic
0.663,0.857,80.013,0.718,0.204,0.000116,Uslanmaz,"Samet Kardeşler, Sıla Şahin",Happy
0.579,0.331,87.963,0.721,0.429,0.0,Anılara Dalarız,"Ebru Yaşar, Burak Bulut, Kurtuluş Kuş",Energetic
0.574,0.964,140.008,0.887,0.0724,0.0,TE QUIERO,"Murda, Dhurata Dora",Happy
0.884,0.51,120.018,0.785,0.111,2.9e-06,Zümrüdüankam,Merve Özbey,Happy
0.925,0.418,106.034,0.673,0.0296,0.0,ABART,Ece Mumay,Energetic
0.705,0.377,142.947,0.62,0.161,3.82e-05,Hoşuna Gidiyo,"Aleyna Tilki, Zeki Arkun",Energetic
0.835,0.591,113.336,0.764,0.22,3.9e-06,Yarem,"Burak Bulut, Kurtuluş Kuş",Happy
0.548,0.642,107.998,0.704,0.167,0.00172,Hallederiz,Sezer Sarıgöz,Happy
0.532,0.258,136.882,0.816,0.218,0.0,Dedikodu,"Ayaz Erdoğan, Shawty",Energetic
0.948,0.625,104.956,0.711,0.0757,0.00203,İhtimal,Mustafa Sandal,Happy
0.848,0.54,106.076,0.656,0.627,0.0,Eriyorum Günden Güne,Burak Bulut,Happy
0.728,0.69,125.978,0.678,0.241,0.0,Dilber,İdo Tatlıses,Happy
0.746,0.751,114.997,0.765,0.0729,0.0,Neden Anlamadın Beni?,Reynmen,Happy
0.731,0.328,115.918,0.746,0.128,0.0,Yabani - Şehrazat Bir Ömrün Hikayesi,Derya Uluğ,Energetic
0.868,0.85,117.973,0.73,0.00779,0.000102,Sana İhtiyacım Var,"Olga Napoli, Mustafa Sandal",Happy
0.76,0.442,90.07,0.779,0.398,0.0,Kadehimi Boş Bırakma,Ezhel,Energetic
0.604,0.448,159.992,0.544,0.367,1.34e-06,Kayboldum,Siyam,Energetic
0.769,0.474,124.016,0.79,0.104,5.08e-05,Gəl,Çinarə Məlikzadə,Energetic
0.667,0.454,128.09,0.741,0.103,0.000311,Yanıbaşımda,Sefo,Energetic
0.546,0.314,80.048,0.587,0.368,0.0,Senden Hatıra,"Kerim Araz, Sevgim Yılmaz",Energetic
0.782,0.356,125.538,0.5,0.117,2.24e-05,Sensin Bana Yar,Umut Timur,Energetic
0.598,0.376,90.029,0.695,0.33,6.44e-06,2017,M Lisa,Energetic
0.562,0.419,83.007,0.595,0.767,0.000535,DAMLALAR,M Lisa,Energetic
0.782,0.511,104.966,0.817,0.318,2.3e-06,Katran,Ece Mumay,Happy
0.794,0.803,95.018,0.729,0.527,0.0,Harla,"Rabia Tunçbilek, Amo988",Happy
0.574,0.322,118.926,0.586,0.465,0.000825,Tattım Ölümü,Ahmet Can Dündar,Energetic
0.913,0.738,200.035,0.545,0.293,3.59e-05,Hadi Yavrum,"Sinan Akçıl, Ferah Zeydan",Happy
0.432,0.303,173.921,0.721,0.319,0.0,Elfida,"Burak Bulut, Kurtuluş Kuş",Sad
0.795,0.244,96.996,0.707,0.00945,9.61e-06,Yo,Tarkan,Energetic
0.624,0.565,96.986,0.807,0.201,1.13e-05,DÜŞLERİM,Aleyna Kalaycıoğlu,Happy
0.7,0.643,104.973,0.814,0.363,0.0015,Sevda,Umut Timur,Happy
0.864,0.481,140.022,0.639,0.572,0.0,Uykularından Ol,Doğu Swag,Energetic
0.67,0.295,129.98,0.639,0.516,0.000423,Kibir,Tuna Taşkın,Energetic
0.865,0.69,95.138,0.749,0.116,0.0,Vur Patlasın,Kurtuluş Kuş,Happy
0.678,0.697,101.98,0.726,0.201,0.0,Cennet,Reynmen,Happy
0.621,0.474,140.095,0.629,0.12,3.04e-06,Hayat Oyunu,Hadise,Energetic
0.724,0.587,78.753,0.536,0.748,0.0,Kafamın İçi,"Ebru Yaşar, Siyam, Zeyd",Happy
0.566,0.28,180.014,0.52,0.138,4.09e-06,Tek Başıma,Semicenk,Energetic
0.592,0.374,144.136,0.683,0.274,1.2e-05,Sensiz,Siyam,Energetic
0.757,0.358,99.869,0.513,0.00881,0.0,Söyleme,Simge,Energetic
0.902,0.33,99.958,0.755,0.2,3.49e-06,GÜZEL VE İDDİALI,BLOK3,Energetic
0.863,0.418,100.038,0.681,0.00226,6.72e-06,BAL,Gülşen,Energetic
0.734,0.65,127.993,0.766,0.14,0.0,Kendime,Gökçe Kırgız Taner,Happy
0.616,0.356,107.081,0.692,0.51,0.0,Tavrına Hayran,"Reynmen, Bilal Sonses",Energetic
0.788,0.741,117.899,0.829,0.329,0.0,Yaka Yaka,"Mustafa Ceceli, Rabia Tunçbilek",Happy
0.431,0.302,174.103,0.479,0.516,0.709,Princess of Persia,Faolan,Sad
0.148,0.0317,81.927,0.196,0.972,0.888,Haunting Desert,Invadable Harmony,Sad
0.302,0.0337,64.665,0.248,0.336,0.866,"Egypt Unveiled, Pt. I","Hossam Ramzy, Phil Thornton",Sad
0.235,0.039,100.012,0.449,0.831,0.863,Desert Traces,Two Worlds II,Sad
0.506,0.782,79.985,0.714,0.864,0.891,Greek Summer,"Thomas Konstantinou, Michalis Koumbios",Happy
0.235,0.057,78.272,0.316,0.82,0.162,The Desert Bazaar,John Robert Matz,Sad
0.261,0.0398,90.583,0.165,0.986,0.944,Wandering,Monica Williams,Sad
0.47,0.0358,109.986,0.639,0.373,0.878,Sahara Sunrise,John Grout,Sad
0.817,0.358,93.005,0.53,0.113,0.153,The Orient Is Calling,"Heiko Streicher, Stefan Heinz",Energetic
0.5,0.4,89.981,0.784,0.657,0.789,Nubia Nur,Lars-Luis Linek,Sad
0.561,0.779,163.955,0.653,0.586,0.662,Exotic Cairo,Egyptian Meditation Temple,Happy
0.289,0.469,102.012,0.508,0.766,0.917,Desert Sphinx,Brandon Fiechter,Sad
0.381,0.0378,91.59,0.29,0.555,0.908,"The Prince Of Persia - From ""Prince of Persia: The Sands of Time""/Score",Harry Gregson-Williams,Sad
0.472,0.067,140.976,0.415,0.205,0.75,Atlantis of the Sands,Greg Edmonson,Sad
0.309,0.494,92.067,0.587,0.9,0.976,Eastern Falvours,Two Worlds II,Sad
0.405,0.124,99.632,0.163,0.849,0.901,The Nile River,Brandon Fiechter,Sad
0.177,0.101,89.951,0.593,0.933,0.979,Enchanted Palace,Adrian Von Ziegler,Sad
0.707,0.78,104.979,0.775,0.397,0.0,TEMPTATION,Joey Bada$$,Happy
0.57,0.565,92.058,0.801,0.559,0.0,Nikes on My Feet,Mac Miller,Happy
0.441,0.925,135.028,0.942,0.493,0.0,Champagne Shots,Sainté,Neutral
0.638,0.608,94.893,0.809,0.262,0.0,Righteous Minds,Joey Bada$$,Happy
0.897,0.955,121.855,0.668,0.626,0.229,Drunken Sailor,The Irish Rovers,Happy
0.39,0.704,99.425,0.687,0.8,0.000154,Come Out Ye Black & Tans,The Wolfe Tones,Neutral
0.27,0.728,120.416,0.712,0.935,0.0,Leave Her Johnny,"Sean Dagher, Nils Brown, Michiel Schrey, Assassin's Creed",Neutral
0.662,0.911,110.967,0.769,0.395,0.0,Star Of The County Down,The High Kings,Happy
0.928,0.6,129.188,0.452,0.000706,0.000637,I'm Shipping Up To Boston,Dropkick Murphys,Happy
0.476,0.739,115.956,0.62,0.251,0.00143,Morrison's Jig,Orthodox Celts,Neutral
0.703,0.834,102.954,0.816,0.0354,0.0,Don't Care,Wizkid,Happy
0.602,0.406,102.02,0.771,0.0795,0.0,It Hurts,"Johnny Drille, Don Jazzy",Energetic
0.569,0.771,95.033,0.84,0.331,0.000858,Time,Wizkid,Happy
0.693,0.571,104.91,0.728,0.105,1.25e-05,INTOXYCATED,"Oxlade, Dave",Happy
0.69,0.768,170.001,0.688,0.499,8.7e-05,Lose,Wizkid,Happy
0.464,0.381,111.103,0.72,0.0567,0.0,Awolowo - Remix,"Fido, Tiwa Savage",Sad
0.38,0.645,88.993,0.511,0.606,0.00432,Slow (feat. Anaïs Cardot),"Wizkid, Anaïs Cardot",Neutral
0.838,0.872,93.258,0.522,0.379,0.0,Pinterest,"Phyno, NSG",Happy
0.627,0.535,97.449,0.633,0.171,0.00171,Break Me Down,Wizkid,Happy
0.867,0.143,120.646,0.52,0.235,0.0,Hello Habibi,"Olamide, Russ",Energetic
0.888,0.881,91.991,0.745,0.108,0.0,Bad For You (feat. Jazmine Sullivan),"Wizkid, Jazmine Sullivan",Happy
0.868,0.777,85.422,0.533,0.147,0.0,Double Tap,"Zoro Swagbag, Klem",Happy
0.627,0.888,96.593,0.605,0.105,7.75e-05,Après Minuit (feat. Tiakola),"Wizkid, Tiakola",Happy
0.683,0.49,196.014,0.59,0.0664,0.0,hell and back,Fireboy DML,Energetic
0.635,0.0717,102.955,0.478,0.437,0.015,A Million Blessings,Wizkid,Energetic
0.819,0.752,120.004,0.788,0.567,0.000255,Count My Blessings,Johnny Drille,Happy
0.883,0.474,102.988,0.776,0.0403,6.2e-06,Pray,Wizkid,Energetic
0.727,0.935,111.923,0.825,0.264,0.0,Pano Tona,"Kizz Daniel, Adekunle Gold",Happy
0.622,0.644,111.998,0.878,0.0369,0.00107,Bad Girl (feat. Asake),"Wizkid, Asake",Happy
0.763,0.694,99.986,0.75,0.0659,5.58e-05,Believe Me,"Johnny Drille, Don Jazzy",Happy
0.76,0.734,89.834,0.591,0.455,0.0,We Must,"Kizz Daniel, Thyself",Happy
0.703,0.762,108.123,0.669,0.0788,1.9e-05,Santorini,Seyi Vibez,Happy
0.77,0.418,109.004,0.825,0.0958,0.231,OMFTR,"Show Dem Camp, The Cavemen., Obongjayar, Nsikak David",Energetic
0.892,0.749,200.678,0.442,0.31,0.245,Sweet Karma,"Phyno, Johnny Drille",Happy
0.605,0.674,109.986,0.769,0.501,0.0,PUFF PUFF,"M.anifest, The Cavemen., Flea",Happy
0.55,0.457,105.021,0.756,0.174,0.000816,COMPOZURE,Timaya,Energetic
0.72,0.789,115.001,0.847,0.309,0.0,I Swear,Asake,Happy
0.792,0.692,112.988,0.795,0.337,2.46e-06,iseoluwa,Fireboy DML,Happy
0.572,0.647,130.378,0.525,0.495,5.03e-06,OLAITAN - OLAOLUWA,Oxlade,Happy
0.374,0.167,95.855,0.611,0.892,1.86e-05,Blessings,"Show Dem Camp, The Cavemen., Moelogo, Nsikak David",Sad
0.754,0.592,115.099,0.763,0.256,0.000463,Suru (feat. Stormzy),"Asake, Stormzy",Happy
0.386,0.154,120.349,0.558,0.0798,0.0,BLESSED,"Oxlade, Popcaan",Sad
0.293,0.419,92.007,0.831,0.378,2.04e-05,Burning,Tems,Sad
0.259,0.596,126.599,0.59,0.272,0.0252,No Love In Lagos,"Show Dem Camp, The Cavemen., Nsikak David",Neutral
0.731,0.55,105.918,0.749,0.204,0.0,letting go,"Fireboy DML, Lojay",Happy
0.55,0.258,94.978,0.693,0.0265,0.62,Sudden Day,"Show Dem Camp, The Cavemen., Nsikak David",Energetic
0.569,0.494,101.981,0.791,0.309,0.0228,LIVE- STYLE,Timaya,Energetic
0.765,0.844,84.978,0.598,0.275,0.0,Marhaba,Kizz Daniel,Happy
0.685,0.555,154.07,0.743,0.113,0.0,Risk,Victony,Happy
0.498,0.761,139.945,0.784,0.251,0.0,Ouu wee (brown),Mannywellz,Neutral
0.522,0.643,104.951,0.816,0.65,0.249,Fall,"Show Dem Camp, The Cavemen., Nsikak David",Happy
0.418,0.598,81.921,0.848,0.371,0.00035,Wickedest,Tems,Neutral
0.722,0.613,179.957,0.644,0.0363,9.21e-05,ecstasy (feat. Seun Kuti),"Fireboy DML, Seun Kuti",Happy
0.62,0.53,179.918,0.527,0.495,0.527,Energy,Niniola,Happy
0.605,0.7,94.774,0.472,0.331,0.000288,OVAMI,"Oxlade, Flavour",Happy
0.539,0.591,128.713,0.722,0.752,0.0324,Train,"Show Dem Camp, The Cavemen., Ruti, Nsikak David",Happy
0.424,0.455,100.51,0.537,0.736,1.64e-05,My Heart,Asake,Sad
0.339,0.667,123.425,0.485,0.777,4.1e-05,Therapy Session,"Boj, Gyakie",Neutral
0.649,0.53,94.482,0.495,0.573,0.0,Lagos,Seyi Vibez,Happy
0.227,0.149,119.796,0.561,0.947,5.07e-05,ready,"Fireboy DML, Jon Batiste",Sad
0.425,0.464,81.084,0.533,0.692,0.000158,Worldwide,Asake,Sad
0.596,0.114,112.962,0.596,0.338,0.0,BROTHER,"Ashidapo, Asake",Energetic
0.512,0.842,116.945,0.784,0.0951,0.000334,Higher,Burna Boy,Happy
0.547,0.495,89.97,0.83,0.69,0.0228,Why,"Show Dem Camp, The Cavemen., Nsikak David",Energetic
0.476,0.572,193.883,0.637,0.504,0.0285,Gbemidebe,"Boj, Ajebutter22",Neutral
0.672,0.804,96.003,0.694,0.307,0.0,Bad Vibes (feat. Seyi Vibez),"Ayra Starr, Seyi Vibez",Happy
0.494,0.476,103.091,0.739,0.0979,0.00571,Johni,"Show Dem Camp, The Cavemen., Nsikak David",Sad
0.699,0.49,66.953,0.621,0.437,0.0,Hello Habibi,Olamide,Energetic
0.767,0.743,104.998,0.758,0.706,9.05e-05,Abu Dhabi,Seyi Vibez,Happy
0.661,0.843,127.484,0.769,0.585,2.24e-05,My Dealer,"KAESTYLE, Omah Lay",Happy
0.691,0.343,203.894,0.534,0.421,6.88e-05,Doha,Seyi Vibez,Energetic
0.737,0.409,160.817,0.623,0.464,0.0,"Synchro System (feat. Pheelz, Young Jonn & Lil Kesh)","Olamide, Pheelz, Young Jonn, Lil Kesh",Energetic
0.59,0.421,113.2,0.621,0.0546,0.0,Skating,Asake,Energetic
0.611,0.543,97.903,0.631,0.563,0.211,Buga,"Show Dem Camp, The Cavemen., Tim Lyre, Nsikak David",Happy
0.778,0.878,112.946,0.82,0.253,0.0,back n forth,"Fireboy DML, Lagbaja",Happy
0.841,0.744,124.0,0.826,0.0402,0.00293,Ligali,Asake,Happy
0.663,0.863,109.979,0.8,0.453,0.0,Stubborn (with Asake),"Victony, Asake",Happy
0.549,0.679,95.021,0.776,0.0578,0.0149,Soh-Soh,Odeal,Happy
0.757,0.879,109.986,0.786,0.416,5.39e-06,"Ba$tard, Don't Be Silly",Victony,Happy
0.847,0.794,92.97,0.765,0.128,0.0,Whine,"Asake, LUDMILLA",Happy
0.745,0.665,67.818,0.489,0.414,0.0,Devil Wears White,"Larry Gaaga, Patoranking, ODUMODUBLVCK",Happy
0.656,0.874,97.951,0.77,0.299,0.0,"APALA DISCO (feat. Wizkid, Seyi Vibez & Terry Apala) - Remix","DJ Tunez, Wizkid, Seyi Vibez, Terry Apala",Happy
0.61,0.92,127.086,0.827,0.397,0.0,Open Bareta,"Skiibii, Don Jazzy",Happy
0.715,0.541,106.082,0.629,0.0913,0.00034,Salt,Dai Verse,Happy
0.721,0.683,60.742,0.482,0.181,9.67e-06,Hallelujah (feat. Lojay),"Giggs, Lojay",Happy
0.564,0.765,95.005,0.72,0.27,0.121,Hold On,Tems,Happy
0.52,0.668,111.036,0.951,0.225,0.00171,Normally (feat. NSG),"JAE5, NSG",Happy
0.633,0.466,99.127,0.502,0.253,0.0,Lagos Love Story,Ayra Starr,Energetic
0.786,0.458,192.408,0.415,0.379,0.0,American Love,Qing Madi,Energetic
0.657,0.932,100.104,0.887,0.153,0.000363,everyday,Fireboy DML,Happy
0.553,0.664,72.949,0.553,0.305,0.0581,Pana,Tekno,Happy
0.566,0.54,96.937,0.852,0.221,0.00951,WAHALA (feat. Olamide),"CKay, Olamide",Happy
0.79,0.758,135.915,0.654,0.00626,1.52e-05,Goodbye (Warm Up)(feat. Asake),"Ayra Starr, Asake",Happy
0.562,0.885,96.234,0.772,0.776,7.24e-05,Showa,Kizz Daniel,Happy
0.745,0.624,56.957,0.581,0.196,0.0,Hallelujah,"LADIPOE, Rozzz, Morrelo",Happy
0.587,0.585,112.029,0.796,0.208,2.99e-06,TECHNICIAN (feat. Blaqbonez & Lekaa Beats),"ODUMODUBLVCK, Blaqbonez, Lekaa Beats",Happy
0.747,0.798,98.111,0.584,0.105,0.0013,IDK (feat. Zlatan),"Wizkid, Zlatan",Happy
0.671,0.863,103.126,0.74,0.197,0.00175,Merrily,Lamii,Happy
0.71,0.448,109.922,0.843,0.0739,3.55e-06,Steeze,Skiibii,Energetic
0.714,0.816,132.839,0.545,0.285,0.000371,Cana,Seyi Vibez,Happy
0.586,0.476,66.009,0.52,0.556,0.0,Dey,Shallipopi,Energetic
0.568,0.569,109.951,0.749,0.546,0.00114,Energy,Wizkid,Happy
0.611,0.808,100.011,0.774,0.108,0.0,Sensational (feat. Davido & Lojay),"Chris Brown, Davido, Lojay",Happy
0.529,0.795,92.044,0.744,0.469,0.0447,Free Fall (feat. J. Cole),"Tems, J. Cole",Happy
0.658,0.551,104.972,0.827,0.299,7e-05,Romeo Must Die (RMD),"Ruger, Bnxn",Happy
0.788,0.743,100.029,0.759,0.0485,3.67e-05,Diamonds,Wizkid,Happy
0.651,0.567,67.813,0.49,0.714,7.59e-06,Dealer,"Ayo Maff, Fireboy DML",Happy
0.793,0.635,102.053,0.8,0.242,3.51e-06,Control,Ayra Starr,Happy
0.754,0.451,115.02,0.811,0.0372,0.000247,Ilashe,"Ruger, Bnxn",Energetic
0.744,0.765,104.991,0.806,0.187,0.395,Happiness (feat. Asake & Gunna),"Sarz, Asake, Gunna",Happy
0.652,0.577,113.988,0.78,0.64,0.0,POE,"Ruger, Bnxn",Happy
0.811,0.501,113.09,0.785,0.159,0.0,High Tension,Shallipopi,Happy
0.827,0.682,89.163,0.617,0.155,1.87e-05,ASAP,Shallipopi,Happy
0.876,0.93,112.47,0.746,0.568,0.000141,NYEM EGO (feat. Jeriq),"Blaqbonez, Jeriq",Happy
0.562,0.259,121.958,0.807,0.264,0.000123,Oil in my Head,Black Sherif,Energetic
0.668,0.612,102.06,0.868,0.164,3.56e-06,Dreams II,"Ajebo Hustlers, Zlatan, Blaqbonez",Happy
0.573,0.0673,91.875,0.734,0.0706,0.0,Zuzulakate,"Mr Eazi, Joeboy",Energetic
0.778,0.318,94.079,0.578,0.147,0.0,January 9th,Black Sherif,Energetic
0.625,0.458,66.494,0.527,0.349,3.7e-05,AREA BOYZ PRAYER (feat. Seyi Vibez),"NSG, Seyi Vibez",Energetic
0.528,0.283,102.067,0.584,0.658,0.00566,WOTOWOTO SEASONING (feat. Black Sherif),"ODUMODUBLVCK, Black Sherif",Energetic
0.721,0.801,68.196,0.631,0.468,3.52e-06,Normal,Burna Boy,Happy
0.744,0.544,96.033,0.826,0.0688,1.6e-06,100,Shallipopi,Happy
0.681,0.507,137.444,0.619,0.569,2.82e-05,Maximum Damage (feat. Headie One),"Bnxn, Headie One",Happy
0.484,0.23,60.83,0.653,0.112,1.8e-06,6 BUSINESS DAYS (feat. Projexx),"Blaqbonez, Projexx",Sad
0.6,0.549,138.775,0.708,0.749,0.0,SIMMER DOWN,Black Sherif,Happy
0.658,0.56,135.987,0.599,0.34,0.0,CORLEONE (feat. ODUMODUBLVCK & Steel Banglez),"NSG, Steel Banglez, ODUMODUBLVCK",Happy
0.633,0.954,97.995,0.786,0.178,0.000918,APALA DISCO,"DJ Tunez, Terry Apala",Happy
0.753,0.763,104.151,0.636,0.13,0.0,Òròkórò,"Mr Eazi, Angelique Kidjo",Happy
0.774,0.63,180.04,0.668,0.175,0.0,NA MONEY (feat. The Cavemen. & Angélique Kidjo),"Davido, The Cavemen., Angelique Kidjo",Happy
0.6,0.701,205.737,0.661,0.301,1.81e-06,Jamboree,"Mr Eazi, Tekno",Happy
0.547,0.752,65.517,0.674,0.102,0.00471,Dey Play,Burna Boy,Happy
0.686,0.746,105.028,0.762,0.189,0.000185,Fefe Ne Fefe,Mr Eazi,Happy
0.706,0.609,99.964,0.877,0.632,0.00203,Anything for Love,Blackmagic,Happy
0.496,0.423,96.914,0.688,0.0708,0.291,Sweet Tea (Aduke),Bnxn,Sad
0.881,0.6,116.78,0.751,0.218,4.35e-06,KILO,Blaqbonez,Happy
0.586,0.646,133.693,0.574,0.125,0.0,COMMEND,ODUMODUBLVCK,Happy
0.576,0.694,81.964,0.59,0.465,0.0,Realize (feat. taves),"Bnxn, taves",Happy
0.384,0.775,75.961,0.355,0.565,0.0,If I'm Lying,Burna Boy,Neutral
0.535,0.684,110.004,0.924,0.05,0.000201,TESLA BOY (feat. Blaqbonez),"ODUMODUBLVCK, Blaqbonez",Happy
0.662,0.769,103.039,0.808,0.397,0.0041,My G,Kizz Daniel,Happy
0.654,0.629,100.001,0.878,0.0933,0.0184,"Chop Time, No Friend",Mr Eazi,Happy
0.735,0.403,95.992,0.898,0.113,0.00592,Jinja,Olamide,Energetic
0.721,0.751,105.935,0.571,0.329,8.92e-05,KUBOLOR (feat. Amaarae),"ODUMODUBLVCK, Amaarae",Happy
0.83,0.662,97.766,0.531,0.00424,0.000104,Exit,"Mr Eazi, Soweto Gospel Choir",Happy
0.792,0.643,103.016,0.846,0.0219,0.0162,On Form,Burna Boy,Happy
0.503,0.146,97.046,0.909,0.175,4.67e-05,Mandela,Mr Eazi,Energetic
0.57,0.325,159.909,0.547,0.44,0.0,Final Answer (feat. Popcaan),"Bnxn, Popcaan",Energetic
0.482,0.646,92.954,0.814,0.16,2.65e-06,"Tested, Approved & Trusted",Burna Boy,Neutral
0.71,0.667,109.307,0.85,0.175,0.0,MASQUERADE (feat. M24),"Blaqbonez, M24",Happy
0.719,0.379,101.053,0.884,0.188,0.000573,Right Energy,Bnxn,Energetic
0.616,0.596,100.008,0.825,0.0652,0.0,City Boys,Burna Boy,Happy
0.798,0.429,155.313,0.553,0.0993,3.98e-05,SHUT IT DOWN,"LADIPOE, Chocobantis",Energetic
0.609,0.631,106.311,0.714,0.393,0.0,Advice,Mr Eazi,Happy
0.677,0.311,86.875,0.459,0.208,0.00351,My Life,Bnxn,Energetic
0.742,0.501,107.038,0.834,0.428,0.00699,Omo Eko,Adekunle Gold,Happy
0.838,0.79,111.984,0.687,0.261,4.4e-05,BLOOD ON THE DANCE FLOOR (feat. Bloody Civilian and Wale),"ODUMODUBLVCK, Bloody Civilian, Wale",Happy
0.692,0.417,113.013,0.828,0.55,0.0,Start Am,Shallipopi,Energetic
0.765,0.433,105.249,0.634,0.635,0.0,Mukulu,"Olamide, Rema",Energetic
0.821,0.2,167.044,0.654,0.163,0.000192,DOLLERZ (feat. ODUMODUBLVCK),"Blaqbonez, ODUMODUBLVCK",Energetic
0.69,0.672,114.633,0.58,0.187,0.000251,Regret (feat. 2Baba),"Bnxn, 2Baba",Happy
0.582,0.804,178.943,0.72,0.126,0.0,LIKE ICE SPICE,Blaqbonez,Happy
0.626,0.716,96.036,0.829,0.508,0.000132,TONIGHT (feat. Libianca & Jae5),"NSG, Libianca, JAE5",Happy
0.43,0.67,99.933,0.841,0.698,0.000712,Mukulu,Bnxn,Neutral
0.525,0.958,118.491,0.62,0.207,0.0,AZONTO,NSG,Happy
0.649,0.677,98.003,0.738,0.119,0.0,Cheat On Me (feat. Dave),"Burna Boy, Dave",Happy
0.5,0.118,116.058,0.569,0.183,0.0,Pidgin & English,Bnxn,Sad
0.879,0.624,94.77,0.648,0.117,0.0,Big 7,Burna Boy,Happy
0.811,0.563,99.699,0.752,0.369,0.0,Street Jam,Olamide,Happy
0.646,0.591,95.464,0.596,0.255,0.0,FYN,"Rema, AJ Tracey",Happy
0.536,0.812,103.999,0.837,0.481,0.000774,Blood Is Thicker,Kizz Daniel,Happy
0.612,0.496,100.245,0.741,0.204,5.81e-06,Best Of Me,Bnxn,Energetic
0.647,0.471,90.012,0.719,0.174,6.75e-06,Celebrate,Olamide,Energetic
0.746,0.23,132.852,0.819,0.0692,0.000216,Hardcore,Olamide,Energetic
0.511,0.554,102.935,0.925,0.241,3.58e-06,Talibans II,"Burna Boy, Byron Messia",Happy
0.57,0.734,70.069,0.529,0.347,7.33e-06,Come Alive,"Olamide, Bnxn",Happy
0.563,0.66,62.624,0.703,0.179,0.0,PICANTO,"ODUMODUBLVCK, Zlatan, ECko Miles",Happy
0.849,0.693,98.044,0.783,0.0264,0.00415,Sittin' On Top Of The World,Burna Boy,Happy
0.632,0.57,95.907,0.799,0.132,0.0,BEZOS,Blaqbonez,Happy
0.612,0.415,113.133,0.786,0.161,0.0,Shibebe,"Olamide, Fireboy DML",Energetic
0.533,0.391,123.176,0.505,0.187,0.0,Say My Name,Bnxn,Energetic
0.594,0.52,114.748,0.58,0.162,0.0,Ngozi,"Crayon, Ayra Starr",Happy
0.358,0.31,94.85,0.727,0.337,7.83e-05,Normally,"Joeboy, Bnxn, ODUMODUBLVCK",Sad
0.365,0.294,113.009,0.461,0.8,0.000611,Olorun,Asake,Sad
0.808,0.488,111.993,0.747,0.155,9.13e-06,No Worries,Olamide,Energetic
0.706,0.158,114.004,0.572,0.0379,0.0122,I Believe,Asake,Energetic
0.872,0.713,76.228,0.424,0.0947,0.000401,HIGHER,Patoranking,Happy
0.675,0.755,113.949,0.734,0.00552,0.0,JELO,"Pheelz, Young Jonn",Happy
0.82,0.576,115.046,0.776,0.258,0.089,Sunshine,Asake,Happy
0.731,0.598,113.018,0.854,0.136,0.00548,GWAGWALADA,"Bnxn, Kizz Daniel, Seyi Vibez",Happy
0.736,0.87,76.656,0.732,0.156,0.0,Who Told You (feat. Drake),"J Hus, Drake",Happy
0.873,0.453,92.001,0.762,0.0245,0.0,Ebelebe (feat. Wizkid),"Wande Coal, Wizkid",Energetic
0.813,0.845,97.016,0.791,0.213,0.000341,Money & Love,Wizkid,Happy
0.608,0.667,97.03,0.803,0.101,1.48e-06,Kere,Adekunle Gold,Happy
0.649,0.829,93.04,0.744,0.652,0.0,Thanks (feat. J. Cole),"Burna Boy, J. Cole",Happy
0.592,0.769,94.036,0.727,0.345,0.751,Woodwork,Boj,Happy
0.715,0.637,98.022,0.85,0.409,1.25e-06,Streets (feat. T-Pain),"Wande Coal, T-Pain",Happy
0.707,0.606,153.925,0.476,0.394,0.00255,Yoga,Asake,Happy
0.462,0.392,77.421,0.387,0.593,0.0,Plan B,M.I. Abaga,Sad
0.744,0.224,140.057,0.761,0.204,0.0,Dues,Wande Coal,Energetic
0.476,0.294,100.008,0.799,0.519,0.0,Good Life {Freestyle},Zlatan,Sad
0.505,0.426,80.332,0.482,0.61,0.0,Soak Garri,"Boj, Knucks, Tay Iwar",Energetic
0.542,0.482,185.812,0.693,0.0575,0.00024,Don't Feel Love,Wande Coal,Energetic
0.291,0.42,183.909,0.765,0.135,0.0179,Toxic,Bnxn,Sad
0.919,0.965,149.935,0.816,0.386,0.0,Nobody Holy,Wande Coal,Happy
0.555,0.366,61.256,0.541,0.124,0.000523,No Option,"Boj, ODUMODUBLVCK",Energetic
0.647,0.691,128.491,0.663,0.338,0.0,HOV,Rema,Happy
0.654,0.687,124.387,0.581,0.345,2e-05,Many Things,Zinoleesky,Happy
0.701,0.564,111.998,0.859,0.0816,0.000113,IN THE GARDEN (feat. Morravey),"Davido, Morravey",Happy
0.682,0.839,93.949,0.784,0.0725,0.0,Let Them Know,Wande Coal,Happy
0.854,0.629,160.044,0.679,0.0276,0.86,Nanny Riddim,Juls,Happy
0.644,0.47,142.724,0.778,0.0625,0.000115,Last Time,"Zinoleesky, Omah Lay",Energetic
0.594,0.645,104.855,0.835,0.248,0.000713,Lock Up,"Nonso Amadi, Zinoleesky",Happy
0.667,0.541,96.058,0.76,0.574,0.0,Charm,Rema,Happy
0.557,0.501,108.018,0.931,0.0254,0.0,Magician (feat. J Milla & Yung L),"Ice Prince, J-Milla, Yung L",Happy
0.821,0.509,111.032,0.534,0.693,1.02e-05,22,JayO,Happy
0.611,0.749,94.999,0.704,0.58,0.0138,PICASSO (feat. Logos Olori),"Davido, Logos olori",Happy
0.743,0.431,102.716,0.727,0.366,0.00447,You Go Know,Ajebo Hustlers,Energetic
0.671,0.71,196.505,0.418,0.0473,1.68e-06,U (JUJU) (feat. Skepta),"Davido, Skepta",Happy
0.779,0.633,93.564,0.69,0.0297,0.00587,DECLAN RICE,ODUMODUBLVCK,Happy
0.574,0.579,133.112,0.831,0.0644,0.00137,FOR THE ROAD,Davido,Happy
0.536,0.624,96.803,0.748,0.425,0.000885,Ballin,Pheelz,Happy
0.694,0.529,97.117,0.772,0.562,0.0147,Currency,"Young Jonn, Olamide",Happy
0.542,0.766,109.956,0.736,0.452,0.0,Personal,Zinoleesky,Happy
0.000947,0.0325,71.912,0.158,0.986,0.969,Doldrums,Joseff Shields,Sad
0.00253,0.0369,133.059,0.157,0.956,0.944,Cosmos,So Lis,Sad
0.000778,0.0464,69.847,0.133,0.953,0.869,A Place For The Mind,n.i.g.h.t,Sad
0.00961,0.0942,64.154,0.0602,0.923,0.989,Simien,Petros Idris,Sad
0.0016,0.0315,142.818,0.133,0.851,0.929,Ceres,Ageena,Sad
0.00776,0.0409,138.427,0.149,0.991,0.952,Times,Medi Mindler,Sad
0.0164,0.037,138.053,0.204,0.911,0.94,Renascence,Dreamlifter,Sad
0.0137,0.0382,137.908,0.148,0.972,0.936,Echoes,Leya Watson,Sad
0.00478,0.112,80.186,0.0783,0.961,0.95,Incipits,Elviras,Sad
0.0168,0.0296,68.643,0.0914,0.913,0.969,Somnova,Reso Nata,Sad
0.0152,0.0435,73.503,0.188,0.973,0.956,Inner Self,Magnolia Dreams,Sad
0.0455,0.0388,142.405,0.137,0.863,0.824,Nightlight,DEX 1200,Sad
0.00438,0.0388,70.706,0.14,0.974,0.952,Breaking Silence,Sounding Cosmos,Sad
0.00949,0.049,140.739,0.142,0.993,0.896,Appearance,Nessa Wright,Sad
0.0117,0.035,131.199,0.159,0.841,0.971,Circuting 417 Hz,Alembra,Sad
0.0146,0.0548,139.436,0.143,0.862,0.922,Subdue,Solen Taylor,Sad
0.000487,0.0349,172.224,0.0823,0.976,0.873,Kamala Whispers,Gerda Holmes,Sad
0.00295,0.0347,68.922,0.226,0.967,0.946,Cove,Mareina,Sad
0.000835,0.0357,74.578,0.0668,0.972,0.957,Eon,Luna Novina,Sad
0.00644,0.0639,69.321,0.0631,0.971,0.87,Meander,Anders Schill Paulsen,Sad
0.00158,0.04,134.497,0.152,0.969,0.971,Sapphire,Onedin,Sad
0.0217,0.0974,142.924,0.137,0.951,0.832,luminesce,Flyndon,Sad
0.000816,0.267,136.037,0.148,0.952,0.964,Exhale,Placidous,Sad
0.0105,0.0514,135.418,0.154,0.958,0.957,Sublimity,Aerial Lakes,Sad
0.0111,0.0561,70.526,0.167,0.971,0.71,Creation,Astred,Sad
0.0113,0.0398,139.355,0.143,0.962,0.785,Far Frontier,Mauri Zeen,Sad
0.00736,0.0369,140.011,0.145,0.99,0.775,Sealand,Heno,Sad
0.00587,0.0371,139.301,0.145,0.95,0.92,Everlasting,Alma Meris,Sad
0.00747,0.0405,73.896,0.195,0.988,0.945,Chasing Infinity,The Endity,Sad
0.0324,0.0368,78.513,0.0716,0.94,0.97,Ancient Ruins,Slumber Boy,Sad
0.000952,0.0723,69.919,0.185,0.987,0.956,Expectations,different spaces,Sad
0.00725,0.0334,71.939,0.121,0.871,0.971,Rossø,Ganlas,Sad
0.000539,0.0371,134.125,0.152,0.913,0.934,Bondade,Adrian Eden,Sad
0.00375,0.0581,65.669,0.117,0.992,0.884,Subdued,Calil,Sad
0.000237,0.0383,73.664,0.172,0.973,0.967,Reconcile,Jan Garlow,Sad
0.0294,0.0311,136.585,0.159,0.855,0.921,Noctis,Spatia Sonica,Sad
0.00403,0.0835,142.112,0.136,0.951,0.529,Golden Light,J. Cartwright,Sad
0.00817,0.0355,67.449,0.171,0.99,0.855,Echoes Divided,Bright Lens,Sad
0.00081,0.0389,134.584,0.151,0.94,0.941,Aurora,So Lis,Sad
0.0233,0.0321,137.355,0.151,0.942,0.946,Just Breath,Silence Concertos,Sad
0.0808,0.0345,61.999,0.22,0.896,0.706,Chimenarius,Rosa Rogers,Sad
0.0014,0.112,140.078,0.14,0.98,0.965,Somniantes,Enma,Sad
0.00898,0.0632,137.553,0.148,0.86,0.91,"Nightscape, Pt. 1",Oceanic Voices,Sad
0.00322,0.0345,69.321,0.173,0.938,0.808,Moments,Nova Ambia,Sad
0.00379,0.192,140.649,0.14,0.958,0.972,Everbloom,Aerial Lakes,Sad
0.0557,0.0644,71.766,0.127,0.984,0.819,Yoga,Cosmic Nuit,Sad
0.0173,0.039,77.551,0.0913,0.811,0.845,Torpor Voices,Ayla Nenura,Sad
0.000202,0.0346,71.599,0.124,0.97,0.972,Foundation,Matheo Lyon,Sad
0.000546,0.0487,141.408,0.135,0.972,0.97,Timeless,Elm Lake,Sad
0.000642,0.424,71.7,0.0589,0.961,0.943,Rosy,Misha Burton,Sad
0.00145,0.0393,137.261,0.146,0.974,0.96,Moonlight Cicadas,Castorum,Sad
0.00207,0.149,71.505,0.15,0.993,0.853,Mahabharata,Mellow Line,Sad
0.01,0.038,73.055,0.161,0.948,0.914,Rapids,Evolutionists,Sad
0.00641,0.0539,68.298,0.143,0.969,0.939,Animálico,Huma,Sad
0.021,0.145,71.371,0.195,0.978,0.831,Radiance,Quiet Tones,Sad
0.00167,0.0367,67.628,0.175,0.99,0.949,Connection,Latehours,Sad
0.0037,0.141,140.566,0.14,0.838,0.93,Ascension,Echoes of Embers,Sad
0.00645,0.0487,74.189,0.189,0.967,0.833,Aftermoon Nap,Whispered Dreams,Sad
0.003,0.0588,66.701,0.19,0.987,0.845,Gentle Insight,Parting Clouds,Sad
0.0024,0.221,137.633,0.144,0.829,0.971,In Vain,Kouyou,Sad
0.00389,0.0407,138.54,0.145,0.977,0.953,Hyperbola,Map Of My Mind,Sad
0.00311,0.0374,76.933,0.0727,0.944,0.954,Sogniare,Darmian Coté,Sad
0.00223,0.0389,62.672,0.0959,0.964,0.808,Evolving,Cthulhu Ramón,Sad
0.00991,0.0387,141.278,0.153,0.977,0.917,Favaloro,Zoniacs,Sad
0.00911,0.0742,76.362,0.0703,0.961,0.958,Nebbia,Luca Magliano,Sad
0.00204,0.117,136.698,0.148,0.986,0.803,Millenia,Dominum Nominum,Sad
0.00257,0.0358,138.171,0.146,0.975,0.965,Tauri Verme,Aitne,Sad
0.00722,0.0372,125.772,0.17,0.952,0.879,Quiescent State,Yoo Woon,Sad
0.00398,0.124,85.993,0.0932,0.987,0.831,Heima,Ronja Mair,Sad
0.00736,0.0399,139.362,0.147,0.961,0.899,Cometus,Noah Moon,Sad
0.0121,0.185,71.632,0.234,0.991,0.785,Restfulness,Zion Llama,Sad
0.0198,0.0395,66.825,0.178,0.921,0.963,Beyond Sleep,Heal Divisions,Sad
0.0285,0.0871,73.187,0.151,0.96,0.916,Huzurlu,Aidin,Sad
0.00214,0.037,131.992,0.154,0.931,0.973,Desear,Julia Alvarez,Sad
0.00131,0.0501,136.573,0.151,0.97,0.949,One Drope On World,SWAMP&STAR,Sad
0.00913,0.0618,71.341,0.179,0.964,0.901,Imaginations,Elijah Edwards,Sad
0.000323,0.0335,73.109,0.181,0.881,0.972,Pembebasan,Waneesa,Sad
0.00555,0.0747,68.571,0.166,0.994,0.71,Cosmic Enlightenment,Stepan Korolev,Sad
0.00489,0.089,143.452,0.135,0.976,0.873,Shaded Cosmos,Bright Lens,Sad
0.00151,0.0891,173.15,0.0764,0.975,0.922,Pelagos,Counting Tides,Sad
0.00251,0.0546,136.472,0.151,0.977,0.967,Omegagigia,Galactica Pivot,Sad
0.00838,0.0327,67.955,0.182,0.993,0.785,Come Wander,Wicker Whales,Sad
0.00116,0.0332,69.044,0.166,0.953,0.972,Nom Mind,Aurora Dreamer,Sad
0.00308,0.072,139.117,0.142,0.939,0.965,Nightbreak,Ookean,Sad
0.00122,0.163,139.652,0.143,0.968,0.961,Equinox,Laurent Emmmerling,Sad
0.00143,0.0336,137.138,0.145,0.914,0.972,Endlessly,Calmative,Sad
0.00218,0.0377,68.426,0.137,0.991,0.931,Luminescent,Luna Novina,Sad
0.00235,0.146,138.192,0.144,0.912,0.898,Solituda,Deep Vibrations,Sad
0.00203,0.0397,138.376,0.143,0.882,0.967,The Source,SKEN,Sad
0.0033,0.0368,72.295,0.0676,0.968,0.963,Ephemara,Admira Mara,Sad
0.00897,0.0379,72.358,0.217,0.973,0.89,Hora Somni,Lavinium,Sad
0.00124,0.0738,71.562,0.204,0.987,0.953,Earthly,Dhanura,Sad
0.00177,0.0316,137.129,0.149,0.97,0.788,Villa Onieva,Two Nighthawks,Sad
0.00404,0.0389,135.785,0.154,0.972,0.952,Luminescence,Author S,Sad
0.00724,0.102,72.04,0.182,0.98,0.813,Nejma,A.Z. Louna,Sad
0.00418,0.0673,72.675,0.169,0.973,0.703,Whispering Tides,Quiet Point,Sad
0.0131,0.0369,140.781,0.144,0.948,0.859,Beginning,Georgia Vesper,Sad
0.00185,0.0683,136.52,0.149,0.802,0.948,Quiet Lake,ZenithEcho,Sad
0.00175,0.0388,140.224,0.138,0.946,0.968,Dust,Tristan Axvall,Sad
0.0146,0.131,141.779,0.142,0.809,0.606,Orbital,Tranquomo,Sad
0.000824,0.0323,69.856,0.166,0.991,0.782,Cycle of Emotions,Benjin Blund,Sad
0.00948,0.0738,67.237,0.188,0.971,0.96,Equilibrium,Burgundy Skies,Sad
0.000438,0.0418,137.949,0.143,0.985,0.88,Isolate My Soul,Stormfields,Sad
0.001,0.0604,128.553,0.162,0.974,0.969,Split Vision,Tim Eshin,Sad
0.0066,0.0352,137.276,0.15,0.969,0.902,Amaryllian,Lush Lotus,Sad
0.00134,0.0382,138.002,0.143,0.948,0.968,Benevolent,Miriam van Steeg,Sad
0.000251,0.0552,72.786,0.144,0.813,0.972,Aspiration,Silent Motions,Sad
0.00106,0.0798,137.063,0.183,0.991,0.74,Pelagus,Solitary Sun,Sad
0.00165,0.0336,138.002,0.144,0.949,0.925,Tempest,Chasing Storms,Sad
0.00545,0.0513,136.382,0.152,0.984,0.839,Tranquillo,Escix V,Sad
0.00591,0.0583,67.999,0.153,0.991,0.851,Abloom,Drishti,Sad
0.00843,0.0501,139.756,0.145,0.982,0.834,Bountiful,Space Case Travel Inc.,Sad
0.00511,0.0353,142.247,0.138,0.923,0.972,Let go,Nessa Wright,Sad
0.00177,0.0374,68.359,0.162,0.987,0.96,Nattord,Eleonora Feldt,Sad
0.0398,0.0365,126.947,0.166,0.768,0.974,Cavern,Lux Alba,Sad
0.0117,0.0409,68.367,0.198,0.976,0.84,Tidal Energy,Månvarv,Sad
0.00223,0.0362,134.372,0.155,0.957,0.888,Driftwood,Puddle of Head,Sad
0.00382,0.0423,136.915,0.149,0.915,0.967,Placidus,Elvio Martín,Sad
0.000522,0.0578,60.37,0.148,0.968,0.966,Aligne,Casiamty,Sad
0.0243,0.197,69.172,0.131,0.986,0.714,Quiet Dreams,Astred,Sad
0.0238,0.0973,75.7,0.133,0.984,0.797,Spirals,Hrothgar Tarek,Sad
0.00183,0.126,133.97,0.156,0.98,0.837,Droplet of Grace,South Noon,Sad
0.00186,0.0907,79.471,0.131,0.994,0.932,Shelter,Armando Mago,Sad
0.0039,0.0777,63.037,0.0632,0.987,0.822,Faithful,Ozo Nakuru,Sad
0.0039,0.144,134.247,0.214,0.995,0.858,Eleni,Carwyn,Sad
0.00389,0.0395,138.012,0.148,0.993,0.829,Innervate,Jasmine Viola,Sad
0.000931,0.183,69.504,0.132,0.978,0.873,Undulating,Joseff Shields,Sad
0.017,0.155,69.119,0.147,0.995,0.942,"Floating, Flying",Michel LeBond,Sad
0.000998,0.108,140.753,0.139,0.958,0.888,Oscalated,Setareha,Sad
0.00187,0.038,67.35,0.133,0.993,0.926,Listen,Maximilian Sievert,Sad
0.0155,0.0891,135.482,0.152,0.841,0.969,Dancing Thoughts,Lotus Vega,Sad
0.00024,0.0779,68.518,0.193,0.77,0.968,Intergalactico,Universo,Sad
0.131,0.0379,76.125,0.193,0.979,0.91,Paisible,Pierrette Tremblay,Sad
0.00159,0.0355,142.127,0.137,0.981,0.967,Soundbed,Spring Euphemia,Sad
0.00178,0.0378,136.305,0.158,0.995,0.881,Spectral Vibrations,Paulo May,Sad
0.00718,0.197,74.412,0.27,0.97,0.918,Natural Beauty,Luka Vida,Sad
0.00109,0.125,70.223,0.0654,0.991,0.831,Meteor 5,Modular 53,Sad
0.00759,0.0338,73.841,0.182,0.932,0.95,Calming Eternity,Celestial Aura,Sad
0.00184,0.147,73.583,0.175,0.994,0.956,Melancholy,Jonas Sandberg,Sad
0.00229,0.113,68.712,0.15,0.985,0.919,Metamorphic,Celestial Echoes,Sad
0.00514,0.0944,67.551,0.195,0.965,0.917,We Belong Here,Aaera Mio,Sad
0.00125,0.112,72.004,0.208,0.991,0.843,Soundscape lord,Anis Flashbacks,Sad
0.00203,0.0968,141.008,0.137,0.904,0.965,Sanyog,Aasmi Jayavant,Sad
0.0058,0.0329,109.481,0.158,0.952,0.94,Serenede,myndstream,Sad
0.0123,0.0379,89.764,0.1,0.848,0.937,Aurora's Embrace,Eternalistic,Sad
0.428,0.0382,119.985,0.32,0.00559,0.944,Freedom Fighters,"Thomas Bergersen, Two Steps from Hell",Sad
0.623,0.179,124.006,0.508,0.0773,0.913,Welcome To My Battlegrounds (Original),Tom Salta,Energetic
0.718,0.419,140.001,0.409,0.574,0.82,Road to Glory,Audiomachine,Energetic
0.375,0.0785,104.682,0.153,0.0229,0.567,Live as Lions,"Glory Oath + Blood, Robert Leslie Bennett",Sad
0.542,0.0635,110.097,0.341,0.0794,0.956,Unstoppable,E.S. Posthumus,Energetic
0.742,0.0625,62.192,0.0762,0.0079,0.895,The Machination (ROGUE MIX),NINJA TRACKS,Energetic
0.54,0.0506,80.204,0.262,0.877,0.894,Transformers Prime,"Brian Tyler, Transformers",Energetic
0.488,0.127,131.92,0.161,0.0589,0.912,Dauntless,Audiomachine,Sad
0.861,0.429,117.961,0.216,0.0082,0.781,Liberators,Epic Score,Energetic
0.475,0.079,140.035,0.317,0.729,0.956,Earth’s Ambassadors,Michael Curran,Sad
0.572,0.0862,89.956,0.215,0.0036,0.732,A Way to Freedom,"Epic North, Peter Roe",Energetic
0.682,0.188,170.053,0.364,0.094,0.894,Champion of the Radiant,Revolt Production Music,Energetic
0.738,0.271,130.118,0.432,0.000275,0.892,Spirit of Valour,"Gregory Tan, Atom Music Audio",Energetic
0.625,0.12,130.007,0.303,0.171,0.814,Blue Drift,Dwayne Ford,Energetic
0.522,0.222,140.011,0.3,0.0473,0.0897,Icarus (feat. Julie Elven),"Iván Torrent, Julie Elven",Energetic
0.539,0.199,109.769,0.36,0.812,0.947,Wrath of the Righteous Main Theme,Dmitry V. Silantyev,Energetic
0.906,0.59,140.021,0.478,0.0962,0.919,Strength of a Thousand Men,"Thomas Bergersen, Two Steps from Hell",Happy
0.769,0.039,128.325,0.396,0.197,0.752,See What I've Become,Zack Hemsey,Energetic
0.519,0.197,94.922,0.379,0.0463,0.672,Born a Legend,"Secession Studios, Greg Dombrowski",Energetic
0.698,0.577,109.95,0.456,0.236,0.913,Unforgiven,"Two Steps from Hell, Thomas Bergersen",Happy
0.562,0.325,147.025,0.43,0.0959,0.949,Son of War,Audio Armoury,Energetic
0.417,0.0873,85.823,0.223,0.329,0.745,A Legacy Uncovered,Icon,Sad
0.598,0.203,139.843,0.363,0.342,0.921,Aeternum,"Ramin Djawadi, Brandon Campbell",Energetic
0.266,0.0577,109.961,0.176,0.951,0.895,The Dynasty,"Andreas Waldetoft, Paradox Interactive",Sad
0.467,0.353,154.636,0.587,0.867,0.928,The Last of Us,Gustavo Santaolalla,Sad
0.344,0.106,126.06,0.375,0.81,0.776,Ezio's Family,"Jesper Kyd, Assassin's Creed",Sad
0.482,0.121,66.771,0.193,0.895,0.685,Dragonborn,Jeremy Soule,Sad
0.223,0.0372,145.522,0.128,0.667,0.952,Shared Vision,"Halo, Sean Callery, Colin Stetson",Sad
0.54,0.311,99.936,0.322,0.765,0.38,God of War II - Main Titles,Gerard Marino,Energetic
0.01,0.197,87.971,0.642,0.992,0.945,Sweden,C418,Sad
0.345,0.253,103.206,0.236,0.79,0.786,You Are The Resistance,Boris Salchow,Sad
0.571,0.338,89.982,0.413,0.00236,0.126,The Rebel Path,P.T. Adamczyk,Energetic
0.516,0.18,80.046,0.562,0.312,0.709,Defying the Odds,Justin Burnett,Energetic
0.254,0.0397,80.645,0.155,0.835,0.837,Burning Skies,"Kevin Riepl, Jason Graves",Sad
0.937,0.607,114.996,0.561,2.04e-05,0.812,Race To Destruction,Brain,Happy
0.00229,0.105,66.833,0.25,0.995,0.886,"Secunda (Transcr. Trifonov for Piano) - From ""The Elder Scrolls: Skyrim""","Jeremy Soule, Daniil Trifonov",Sad
0.601,0.187,121.86,0.419,0.0472,0.948,Divine Overture (Main Theme),Stephen Barton,Energetic
0.348,0.0561,69.386,0.181,0.11,0.938,Mirage Theme - From Assassin's Creed Mirage,"Brendan Angelides, Assassin's Creed, Layth Sidiq",Sad
0.132,0.0356,115.897,0.171,0.873,0.972,Enthroned on Mount Olympus,Winifred Phillips,Sad
0.334,0.0383,79.91,0.209,0.729,0.922,Into the Starfield (Main Theme),Inon Zur,Sad
0.738,0.39,143.861,0.551,0.117,0.0,The Lost Crown (Prince of Persia),"2WEI, Joznez, Kataem",Energetic
0.544,0.429,75.198,0.216,0.501,0.54,Emmett's Theme,Christopher Lennertz,Energetic
0.541,0.078,76.519,0.251,0.00825,0.682,Elden Ring,Tsukasa Saitoh,Energetic
0.539,0.214,119.963,0.473,0.229,0.896,Greater Together (Album Version),"John Paesano, Ben Billions",Energetic
0.262,0.0702,86.159,0.134,0.97,0.958,The Fallen Brother,Gerard Marino,Sad
0.267,0.0648,103.837,0.262,0.623,0.951,Fields of Dusk - Orchestral Version,TATRAN,Sad
0.834,0.791,102.021,0.613,0.000599,0.258,Astro,Kenneth C M Young,Happy
0.621,0.319,128.025,0.32,0.0429,0.896,Assassin's Creed IV Black Flag Main Theme,"Brian Tyler, Assassin's Creed",Energetic
0.337,0.0369,74.02,0.215,0.868,0.749,"Overture to the Unwritten (from ""Hogwarts Legacy"")","chuck e. myers 'sea', J Scott Rakozy, Peter Murray, Hogwarts Legacy",Sad
0.249,0.118,180.186,0.175,0.917,0.933,Fontaine,HOYO-MiX,Sad
0.947,0.511,150.059,0.485,6.63e-05,0.923,Force Projection,P.T. Adamczyk,Happy
0.0457,0.128,128.594,0.451,0.904,0.783,The Last of Us Part II,Gustavo Santaolalla,Sad
0.535,0.0788,94.965,0.219,0.449,0.667,Arkham City Main Theme,Nick Arundel,Energetic
0.608,0.284,158.641,0.463,0.243,0.951,New York's Only Spider-Man,John Paesano,Energetic
0.353,0.0399,79.416,0.1,0.2,0.776,The First Hunter,SIE Sound Team,Sad
0.186,0.0363,72.162,0.0664,0.943,0.887,The Streets of Whiterun,Jeremy Soule,Sad
0.162,0.0368,114.473,0.171,0.709,0.921,The Way of the Ghost,Ilan Eshkeri,Sad
0.187,0.212,132.679,0.303,0.989,0.499,Je te laisserai des mots,Patrick Watson,Sad
0.426,0.185,98.062,0.354,0.782,0.11,In the Woods Somewhere,Hozier,Sad
0.413,0.595,95.989,0.686,0.103,0.115,When the Night is Over,Lord Huron,Neutral
0.125,0.108,106.107,0.466,0.708,0.0,Persephone,The Tragic Thrills,Sad
0.256,0.334,79.81,0.542,0.903,0.0,Good Place,Kathleen Regan,Sad
0.318,0.192,137.983,0.478,0.197,4.35e-05,Please Don't Go,Abbey Glover,Sad
0.271,0.279,71.855,0.325,0.73,0.0,Writer In The Dark,Lorde,Sad
0.433,0.193,179.789,0.284,0.742,0.00386,toler,kaido,Sad
0.373,0.347,175.854,0.391,0.894,0.0694,NFWMB,Hozier,Sad
0.281,0.152,131.039,0.516,0.172,0.00861,Novels,Rusty Clanton,Sad
0.36,0.26,95.204,0.454,0.969,0.636,Scared of You,"Bobby, I Miss You",Sad
0.429,0.167,146.054,0.338,0.103,2.59e-06,Every Breath You Take,Chase Holfelder,Sad
0.0116,0.0331,65.057,0.0623,0.991,0.445,O Magnum Mysterium: O magnum mysterium,"Morten Lauridsen, Chamber Choir Of Europe, Nicol Matt",Sad
0.0218,0.0664,72.808,0.104,0.988,0.825,Whitacre: The Seal Lullaby,"Eric Whitacre, Eric Whitacre Singers",Sad
0.0539,0.0482,132.747,0.196,0.993,0.0316,The Road Home,"Stephen Paulus, Conspirare, Craig Hella Johnson",Sad
0.0949,0.0366,77.314,0.178,0.993,0.369,Nimrod (Lux Aeterna),"Edward Elgar, VOCES8",Sad
0.0846,0.0345,78.633,0.0902,0.946,0.0291,"Requiem in D Minor, K .626: III. Sequentia: 6. Lacrimosa - Amen, appendix","Wolfgang Amadeus Mozart, Franz Xaver Süssmayr, Ensemble Pygmalion, Raphael Pichon",Sad
0.0759,0.0363,142.767,0.137,0.975,0.263,Media Vita,"Kerensa Briggs, Anna Lapwood, The Chapel Choir of Pembroke College, Cambridge",Sad
0.118,0.0386,135.276,0.155,0.995,0.927,Versa est in luctum,"Alonso Lobo, Tenebrae, Nigel Short",Sad
0.0151,0.0656,68.649,0.2,0.991,0.413,La Kanteletar: I. Herkä neito,"Veljo Tormis, Mikrokosmos, Loïc Pierre",Sad
0.115,0.0389,70.782,0.123,0.987,0.633,Upon Your Heart,"Eleanor Daley, The Chapel Choir of Pembroke College, Cambridge, The Pembroke College Girls’ Choir, Anna Lapwood",Sad
0.0422,0.0392,134.837,0.156,0.985,0.00136,The Day Is Done (2006),"Stephen Paulus, Stephen Layton, The Choir Of Trinity College, Cambridge",Sad
0.0476,0.0538,131.97,0.162,0.941,0.943,Fljótavík (Arr. Lawson for Ensemble),"Jónsi, Georg Holm, Kjartan Sveinsson, Orri Pall Dyrason, VOCES8, Thomas Gould, Emma Denton, Sam Becker",Sad
0.104,0.0461,132.766,0.164,0.977,0.799,Avinu Malkeinu (Arr. Clements for Cello & Vocal Ensemble),"Max Janowski, Sheku Kanneh-Mason, VOCES8",Sad
0.0611,0.0344,79.45,0.0873,0.994,0.57,Stopping by Woods on a Snowy Evening,"Rebecca Dale, Robert Frost, Tenebrae, Nigel Short",Sad
0.105,0.0406,74.721,0.128,0.973,0.00768,"Veris gratia, Op. 6: VII. Hymn to Cypris","Kenneth Leighton, David Cuthbert, The Choir of The Queen's College Oxford, Owen Rees, Britten Sinfonia",Sad
0.00683,0.0359,73.135,0.191,0.99,0.991,Psalm 22.21,"jung jaeil, VOCES8",Sad
0.17,0.038,128.137,0.208,0.948,0.332,Seek Him That Maketh The Seven Stars,"Jonathan Dove, The Choir of Magdalen College, Oxford, Edward Byrne, Mark Williams",Sad
0.0144,0.0336,82.646,0.161,0.986,0.117,Now Sleeps The Crimson Petal (Four Madrigals On Rose Texts): Now Sleeps The Crimson Petal,"Paul Mealor, Tenebrae, Nigel Short",Sad
0.105,0.0731,122.977,0.196,0.986,0.782,Dreamweaver: 1. Prologue,"Ola Gjeilo, The Choir of Royal Holloway, Royal Philharmonic Orchestra, Rupert Gough",Sad
0.0746,0.036,75.575,0.0816,0.989,0.48,Whilst Great Is Our Poverty,"Cyrillus Kreek, Traditional, Anna-Liisa Eller, Angela Ambrosini, Marco Ambrosini, Vox Clamantis, Jaan-Eik Tulve",Sad
0.0286,0.0334,87.516,0.111,0.991,0.835,Shenandoah,"Traditional, Westminster Choir, James Jordan, Gregory Stout",Sad
0.0997,0.0465,71.775,0.14,0.989,0.428,Only in Sleep,"Ēriks Ešenvalds, Stephen Layton, The Choir Of Trinity College, Cambridge",Sad
0.105,0.0388,81.11,0.134,0.994,0.855,"Heyr, himna smiður","Härlanda Chamber Choir, David Molin",Sad
0.0768,0.0387,123.193,0.187,0.98,0.0475,There Will Come Soft Rains,"Ēriks Ešenvalds, The Pacific Lutheran Choir Of The West, Richard Nance",Sad
0.0301,0.0342,104.157,0.149,0.968,0.00497,The Promised Light of Life,"Cheryl Frances-Hoad, Owain Park, The Gesualdo Six",Sad
0.0293,0.0322,57.809,0.064,0.986,0.643,Stardust,"Taylor Scott Davis, VOCES8",Sad
0.933,0.763,122.003,0.816,0.0181,0.604,L'Amour,"WUULA, Dr Feel",Happy
0.766,0.286,118.997,0.718,0.00302,0.429,Nomathemba - Enoo Napa Remix,"FiNE, Lizwi, Enoo Napa",Energetic
0.7,0.0569,120.019,0.691,0.135,0.819,Kolwa,"Euggy, Suraj, Mumba Yachi",Energetic
0.751,0.0762,122.062,0.872,0.19,0.296,Hajikwai,"Naarly, Thabza De Soul, Idd Aziz",Energetic
0.822,0.714,121.996,0.704,0.000425,0.723,Sina,"Lakwister, Aweko Brian, Moses rallo",Happy
0.739,0.536,123.024,0.635,0.000224,0.775,Moors,Drumetic Boyz,Happy
0.706,0.245,119.98,0.533,0.0229,0.459,Letha,"Thandi Draai, Dj Beekay",Energetic
0.895,0.0438,119.997,0.613,0.0106,0.834,Space Fair,"Hanna Haïs, KingDonna",Energetic
0.689,0.578,118.009,0.791,0.111,0.318,Nomvula (feat. Nia Pearl & Bontle Smith),"Citizen Deep, Nia Pearl, Bontle Smith",Happy
0.784,0.549,149.61,0.425,0.185,0.911,Don't Give Up,Afro Swanky,Happy
0.799,0.157,121.011,0.772,0.00128,0.363,Tsoang Tsoang - Remix,"DJ Leo Cris, Dr. Victor",Energetic
0.817,0.653,116.007,0.762,0.00271,0.893,Udokotela,Muzari,Happy
0.643,0.323,147.247,0.409,0.323,0.46,FIND A WAY,"NAAK, Atmos Blaq",Energetic
0.728,0.287,153.07,0.788,0.17,4.82e-06,let it breathe (feat. Roddy Ricch),"Gunna, Roddy Ricch",Energetic
0.729,0.302,124.013,0.602,0.084,0.0,Goddard Song,Lil Uzi Vert,Energetic
0.616,0.0388,105.952,0.753,0.00583,1.77e-06,Topanga,Trippie Redd,Energetic
0.768,0.334,90.146,0.389,0.038,0.0,WRONG (feat. Lil Mosey),"The Kid LAROI, Lil Mosey",Energetic
0.482,0.608,140.064,0.736,0.327,0.0,Hard Work Pays Off,"Future, Juice WRLD",Neutral
0.604,0.28,128.845,0.41,0.777,0.0,ALWAYS,YOON MIRAE,Energetic
0.41,0.219,110.252,0.416,0.843,0.0,Beautiful,Crush,Sad
0.778,0.41,94.996,0.696,0.352,0.0,Say Yes,"Loco, Punch",Energetic
0.76,0.495,130.096,0.512,0.299,0.0,Stay Alive (Prod. SUGA of BTS),Jung Kook,Energetic
0.736,0.495,90.002,0.514,0.483,0.0,Everytime,"CHEN, Punch",Energetic
0.426,0.137,149.898,0.532,0.639,0.0,With you,"Jimin, HA SUNG WOON",Sad
0.294,0.461,87.895,0.59,0.854,0.0,Love Me Like That,Sam Kim,Sad
0.499,0.104,131.076,0.343,0.665,0.0,You Are My Everything,Gummy,Sad
0.431,0.167,133.675,0.497,0.66,0.0,I Will Go To You Like the First Snow,AILEE,Sad
0.446,0.214,138.66,0.406,0.739,0.0,This Love,DAVICHI,Sad
0.517,0.217,132.319,0.539,0.321,0.0,Like A Dream,MINNIE,Energetic
0.817,0.625,131.985,0.604,0.016,0.0,Run Run,ECLIPSE,Happy
0.603,0.657,100.171,0.418,0.536,2.52e-05,Your Existence,Wonstein,Happy
0.838,0.449,75.021,0.533,0.102,0.0,For You,"CHEN, BAEKHYUN, XIUMIN",Energetic
0.344,0.211,133.499,0.482,0.901,0.0,I Miss You,SOYOU,Sad
0.834,0.555,102.038,0.603,0.353,0.0,Descendants Of The Sun (Original Television Soundtrack) Pt.6 - Talk Love,K.Will,Happy
0.366,0.385,81.943,0.565,0.657,1.21e-05,Good Person (2022),HAECHAN,Sad
0.515,0.199,135.221,0.387,0.686,0.0,If It Is You,Jung Seung Hwan,Energetic
0.687,0.504,119.992,0.604,0.757,0.234,Round And Round,"HEIZE, Han Suji",Happy
0.839,0.702,110.989,0.756,0.193,0.0,Stand By Me,SHINee,Happy
0.343,0.158,121.879,0.375,0.859,0.0,MY LOVE,LeeHi,Sad
0.592,0.305,95.047,0.694,0.742,0.0,Can You Hear My Heart (feat. LEE HI),"Epik High, LeeHi",Energetic
0.423,0.249,135.917,0.528,0.678,0.00148,"Very, Slowly",BIBI,Sad
0.501,0.298,122.973,0.642,0.837,1.8e-05,Breath,Sam Kim,Energetic
0.39,0.118,82.035,0.573,0.345,2.64e-06,Here Always,Seungmin,Sad
0.735,0.502,111.961,0.643,0.0786,0.0,Starlight,TAEIL,Happy
0.48,0.815,92.157,0.853,0.0234,0.000618,Tus Ojos,Los Cafres,Neutral
0.515,0.289,169.874,0.669,0.746,0.0,Confianza,Micro TDH,Energetic
0.487,0.638,170.285,0.592,0.485,0.0,Hablar de Ti,Gepe,Neutral
0.434,0.926,80.015,0.851,0.52,0.0,Lo Que Hoy Quieras,Koino Yokan,Neutral
0.559,0.751,126.046,0.835,0.202,2.16e-06,Mi Balcon,"Vicente Garcia, Cultura Profética",Happy
0.731,0.812,150.151,0.676,0.0438,1.26e-05,Runaway,"Los Pericos, The Original Wailers",Happy
0.448,0.727,145.997,0.789,0.126,0.0,Decide Tú,Dread Mar I,Neutral
0.529,0.6,144.707,0.725,0.0908,0.0028,Sin Ti,King Chango,Happy
0.638,0.598,165.929,0.697,0.0216,0.00286,Casi q' me pierdo,Los Cafres,Happy
0.731,0.636,85.183,0.543,0.257,0.00523,Caney,"Rawayana, Jambene",Happy
0.647,0.82,149.877,0.732,0.654,8.12e-05,BSOS,Mora Navarro,Happy
0.324,0.78,95.961,0.881,0.353,0.00516,Por el Bien de los Dos,Abril Olivera,Neutral
0.668,0.741,150.043,0.773,0.374,0.0,Verte,"Nicki Nicole, Dread Mar I, Bizarrap",Happy
0.603,0.808,144.018,0.717,0.277,6.43e-05,Anónimos (feat. Carla Morrison),"Los Pericos, Carla Morrison",Happy
0.687,0.716,126.956,0.883,0.647,0.000336,San Bá,Vicente Garcia,Happy
0.614,0.53,105.071,0.72,0.142,0.000778,Fugaz,Connie Isla,Happy
0.815,0.52,93.984,0.751,0.345,0.0271,Porque Yo,"Pahua, Eva de Marce",Happy
0.702,0.536,97.514,0.77,0.434,0.834,Isla del Ritmo,Ritmo Machine,Happy
0.785,0.644,91.986,0.781,0.264,0.0,Una Cumbia Triste,Rels B,Happy
0.21,0.38,147.92,0.514,0.903,0.0,9 to 5,The Mayries,Sad
0.342,0.206,87.479,0.478,0.871,0.00654,Cult to A Saint,"Rhys, AKA lisa",Sad
0.254,0.388,143.916,0.504,0.886,0.00627,"I Miss You, I Do",Arny Margret,Sad
0.23,0.418,87.492,0.754,0.693,0.000228,i don’t know what i saw in you,Malen,Sad
0.0697,0.25,75.447,0.528,0.921,2.24e-05,The Speed of Life,Malin Pettersen,Sad
0.55,0.434,143.885,0.534,0.188,0.0,Flowers at a Funeral,NOEL,Energetic
0.426,0.173,137.989,0.618,0.723,0.0268,codepending,AKA lisa,Sad
0.634,0.796,159.896,0.558,0.114,7.71e-05,Turning Onto You,First Aid Kit,Happy
0.226,0.246,131.052,0.507,0.804,0.000197,Beautiful Woman,Sarah Klang,Sad
0.782,0.173,173.582,0.418,0.59,1.54e-05,I Let the Good Ones Go,Smith & Thell,Energetic
0.337,0.35,90.007,0.565,0.919,0.00409,Bloom,Alexander Grandjean,Sad
0.443,0.148,114.735,0.472,0.767,0.003,Love Songs,Emmelie de Forest,Sad
0.484,0.247,87.993,0.525,0.587,0.00016,Animal,Oklahoma,Sad
0.355,0.306,157.959,0.64,0.808,0.000644,anywhere,Malen,Sad
0.101,0.309,75.478,0.568,0.899,0.0,Fear/Hope,Malin Pettersen,Sad
0.439,0.33,116.143,0.698,0.343,0.0,Atmosphere,Crying Day Care Choir,Sad
0.707,0.273,119.946,0.414,0.0264,0.0,For What We Love,"Gunnhild Sundli, Ski-VM Trondheim 2025",Energetic
0.717,0.394,130.004,0.704,0.333,0.0,JUBA,Anendlessocean,Energetic
0.765,0.771,112.972,0.782,0.714,0.0,E Dey Flow,"Moses Bliss, Neeja, Ajay Asika, Festizie, S.O.N Music, Chizie",Happy
0.941,0.72,117.978,0.701,0.0249,0.00217,Big God,"Tim Godfrey, Fearless Community, Anderson",Happy
0.543,0.241,143.869,0.33,0.0983,0.0,Holy Spirit,Sunmisola Agbebi,Energetic
0.85,0.698,118.174,0.64,0.1,0.0,You Are Great,"Moses Bliss, Festizie, Chizie, Neeja, S.O.N Music, Ajay Asika",Happy
0.81,0.301,139.892,0.517,0.0806,0.0,Defe Defe,Team Eternity Ghana,Energetic
0.79,0.305,126.993,0.392,0.00662,0.0,Calling My Name (I'm A Soldier) - Live,Ebuka Songs,Energetic
0.624,0.481,143.853,0.464,0.83,1.79e-06,Kumama Papa,"Grace Lokwa, Moses Bliss, Prinx Emmanuel",Energetic
0.781,0.659,72.397,0.465,0.386,0.0,E Ti Tobi to (Live),"EmmaOMG, The OhEmGee Choir, Pelumi Deborah, BBO",Happy
0.688,0.785,112.891,0.772,0.201,0.000258,Darling Jesus,"S.O.N Music, Neeja",Happy
0.555,0.284,148.166,0.303,0.736,0.0,B'Ola - Honour,Sunmisola Agbebi,Energetic
0.82,0.331,144.058,0.422,0.00432,0.00174,Worthy of My Praise,"Dunsin Oyekan, Lawrence Oyor",Energetic
0.524,0.787,81.999,0.579,0.296,0.0,Gratitude,Anendlessocean,Happy
0.61,0.273,139.456,0.313,0.295,0.0,Look what you've done,Greatman Takit,Energetic
0.534,0.115,137.092,0.168,0.115,0.197,Yeshua - Live,Jesus Image,Energetic
0.713,0.396,153.999,0.419,0.465,0.0,Worship Medley I,Okunade Adedeji,Energetic
0.524,0.787,81.999,0.579,0.296,0.0,Gratitude,Anendlessocean,Happy
0.754,0.12,137.762,0.43,0.00463,0.0,Another One (feat. Chris Brown),"Elevation Worship, Chris Brown",Energetic
0.642,0.387,149.791,0.53,0.171,1.99e-06,PRAYER (ADURA),Biola Yakubu,Energetic
0.525,0.469,112.944,0.858,0.616,0.000293,Bigger - odogwu,Prinx Emmanuel,Energetic
0.742,0.389,159.983,0.333,0.109,0.0,Worship Medley II,Okunade Adedeji,Energetic
0.829,0.342,103.792,0.472,0.0991,0.0,In The Room (feat. Tasha Cobbs Leonard),"Maverick City Music, Naomi Raine, Chandler Moore, Tasha Cobbs Leonard",Energetic
0.836,0.612,130.627,0.656,0.0186,0.0,Turn It Up / No Longer a Slave / Made a Way / Ekwueme (Medley) [Live],Big Bolaji,Happy
0.898,0.675,132.027,0.779,0.022,0.142,Praise Combo,Olamilekan Akamo,Happy
0.785,0.471,113.012,0.718,0.118,0.000666,Altar (Hosanna),"Oba Reengy, Limoblaze, Gaise Baba",Energetic
0.897,0.707,124.92,0.725,0.487,1.23e-06,Praise Fest 1.0,Blessing Lopez,Happy
0.79,0.305,126.993,0.392,0.00662,0.0,Calling My Name (I'm A Soldier) - Live,Ebuka Songs,Energetic
0.477,0.263,69.982,0.651,0.682,0.0,Today,Ibquake,Sad
0.941,0.72,117.978,0.701,0.0249,0.00217,Big God,"Tim Godfrey, Fearless Community, Anderson",Happy
0.81,0.867,93.068,0.682,0.235,0.0,Kelechi,Mazi Floss,Happy
0.688,0.785,112.891,0.772,0.201,0.000258,Darling Jesus,"S.O.N Music, Neeja",Happy
0.929,0.855,127.003,0.813,0.156,0.0,Oil on My Head,Eben,Happy
0.604,0.155,125.085,0.264,0.0221,0.00146,"My Daddy, My Daddy - Live at AiiiH - As It Is In Heaven","Sunmisola Agbebi, Lawrence Oyor",Energetic
0.802,0.377,80.872,0.26,0.013,0.0,OLÙGBÈJÀ,"Veekee James, Shallom Matthew, OBA",Energetic
0.86,0.434,143.586,0.4,0.139,5.69e-06,I Get Backing,Victoria Orenze,Energetic
0.496,0.295,89.853,0.591,0.501,1.07e-06,Ifunanya,"Prinx Emmanuel, Limoblaze",Sad
0.641,0.44,80.052,0.509,0.455,0.0,Obinasom,Mercy Chinwo,Energetic
0.612,0.117,148.008,0.311,0.00377,0.0,"Breathe (feat. Jonathan McReynolds, DOE & Mav City Gospel Choir) - Studio Version","Maverick City Music, Chandler Moore, Jonathan McReynolds, DOE, Mav City Gospel Choir",Energetic
0.624,0.481,143.853,0.464,0.83,1.79e-06,Kumama Papa,"Grace Lokwa, Moses Bliss, Prinx Emmanuel",Energetic
0.868,0.486,127.939,0.777,0.381,0.0,Daaku,"Young Stunners, Bohemia",Energetic
0.864,0.877,129.933,0.787,0.232,8.97e-05,Joota Japani,"KR$NA, Mukesh, Shankar Jaikishan",Happy
0.588,0.237,97.026,0.669,0.177,0.0,3:59 AM,DIVINE,Energetic
0.663,0.736,98.022,0.819,0.643,0.00012,Payal,"Yo Yo Honey Singh, Paradox",Happy
0.606,0.38,175.917,0.656,0.335,0.0,Knife Brows,Dhanda Nyoliwala,Energetic
0.702,0.674,180.219,0.711,0.00487,0.0163,Baller,"Shubh, Ikky",Happy
0.737,0.717,140.055,0.858,0.284,0.0,Khatta Flow,"Seedhe Maut, KR$NA",Happy
0.703,0.591,90.012,0.816,0.121,0.0,Illegal,Dhanda Nyoliwala,Happy
0.905,0.926,137.953,0.83,0.172,0.0,I Guess,KR$NA,Happy
0.568,0.513,95.251,0.928,0.182,0.0,Murder,"Real Boss, BIG KAY SMG",Happy
0.837,0.893,85.075,0.598,0.185,1.83e-06,100 Million,"DIVINE, Karan Aujla",Happy
0.693,0.838,141.794,0.706,0.0123,0.0,12 Bande,Varinder Brar,Happy
0.46,0.474,149.909,0.636,0.745,0.0,love lost,"Umair, Talha Anjum",Sad
0.456,0.534,95.992,0.816,0.529,0.0,Afsanay,"Young Stunners, Talha Anjum, Talhah Yunus",Neutral
0.548,0.652,129.972,0.871,0.669,0.000157,Laado,"MC SQUARE, Hiten",Happy
0.447,0.391,120.069,0.856,0.744,0.0,Downers At Dusk,"Talha Anjum, Umair",Sad
0.472,0.364,149.97,0.748,0.596,1.1e-05,Ektarfa,King,Sad
0.644,0.446,150.015,0.749,0.0435,0.0,Drippy,"Sidhu Moose Wala, Mxrci, AR Paisley",Energetic
0.684,0.483,100.042,0.769,0.0977,0.0,8 ASLE,"Sukha, Chani Nattan, Prodgk, Gurlez Akhtar",Energetic
0.752,0.236,140.032,0.788,0.0711,0.0,Takeover,"AP Dhillon, Gurinder Gill, Money Musik, AR Paisley",Energetic
0.622,0.644,144.005,0.715,0.237,0.0,Haryana Hood,Irshad Khan,Happy
0.745,0.762,139.9,0.868,0.187,0.000342,Rubicon Drill,"Laddi Chahal, Parmish Verma, Gurlez Akhtar",Happy
0.558,0.362,112.617,0.683,0.0561,1.66e-05,Kaun Talha,"Talha Anjum, Umair",Energetic
0.928,0.6,129.188,0.452,0.000706,0.000637,I'm Shipping Up To Boston,Dropkick Murphys,Happy
0.848,0.738,147.009,0.63,0.075,3.99e-06,An Irish Pub Song,The Rumjacks,Happy
0.957,0.578,155.06,0.209,0.00306,3.38e-05,What's Left of the Flag,Flogging Molly,Happy
0.506,0.897,113.77,0.828,0.87,0.0,My Son John,Smokey Bastard,Happy
0.482,0.741,104.717,0.83,0.767,0.0,The Cruel Wars,The Dreadnoughts,Neutral
0.912,0.609,108.084,0.323,0.0219,0.0,Rose Tattoo,Dropkick Murphys,Happy
0.957,0.961,144.889,0.581,0.119,3.68e-06,Arrive On St. Patrick's Day,Sir Reg,Happy
0.934,0.776,79.949,0.373,0.00742,0.000184,Salty Dog,Flogging Molly,Happy
0.973,0.81,151.18,0.405,0.00292,0.0495,A Fistful O' Roses,The Rumjacks,Happy
0.752,0.897,141.085,0.461,0.0211,0.00043,Drunken Sailor,Blaggards,Happy
0.967,0.611,111.676,0.398,0.000945,5.71e-06,The State Of Massachusetts,Dropkick Murphys,Happy
0.903,0.828,149.881,0.461,0.00538,0.00623,Fight Song,The Stanfields,Happy
0.489,0.361,136.16,0.347,0.287,2.09e-06,The Worst Day Since Yesterday,Flogging Molly,Sad
0.906,0.801,89.963,0.576,0.0507,0.0,"Cheer Up Love (Worse Things Happen at Sea), Pt. 3",Smokey Bastard,Happy
0.644,0.536,151.065,0.677,0.161,0.00178,How To Fly,Sticky Fingers,Happy
0.624,0.851,82.524,0.763,0.408,0.00131,Smokin' Love (with Collie Buddz),"Stick Figure, Collie Buddz",Happy
0.757,0.552,80.976,0.708,0.0362,0.0,Doin' Time,Sublime,Happy
0.651,0.434,85.091,0.677,0.0706,0.0327,Love Me Easy,"ANORA, Stick Figure, Walshy Fire",Energetic
0.728,0.859,133.999,0.71,0.153,0.0,That's Not True,"Skip Marley, Damian Marley",Happy
0.771,0.703,139.989,0.655,0.0924,0.0,Falling Down (with Nick Hexum of 311),"Tropidelic, 311",Happy
0.726,0.961,74.995,0.781,0.241,0.00204,This Joint,Slightly Stoopid,Happy
0.527,0.52,76.022,0.801,0.0192,0.118,Warning (feat. Stick Figure),"Pepper, Stick Figure",Happy
0.803,0.846,96.014,0.624,0.0154,2.15e-06,Feeling Good,Dirty Heads,Happy
0.849,0.839,102.003,0.66,0.00458,0.000107,Gold Snafu,Sticky Fingers,Happy
0.538,0.742,141.017,0.869,0.333,0.128,World on Fire (feat. Slightly Stoopid),"Stick Figure, Slightly Stoopid",Happy
0.65,0.793,77.6,0.674,0.0323,6.21e-05,Sounds Of Summer (with Slightly Stoopid),"The Movement, Slightly Stoopid",Happy
0.392,0.963,117.644,0.774,0.406,0.947,Guajira Linda,"Putumayo, Cuba Quartet",Neutral
0.477,0.785,117.403,0.802,0.823,0.728,Congo Mulence,"Machito & His Orchestra, Candido Camero, Paul Cohen, Curtis Fuller, Joe Newman, Herbie Mann, Cannonball Adderley, Doc Cheatham",Neutral
0.531,0.947,123.195,0.707,0.0172,0.724,Jive Samba,Los Poboycitos,Happy
0.449,0.791,120.753,0.634,0.565,0.151,El Sabroson,Poncho Sanchez,Neutral
0.485,0.696,120.001,0.847,0.472,0.000248,Adios Guajira,Jesús Alejandro El Niño,Neutral
0.379,0.545,122.509,0.7,0.8,0.19,Cha Cha Cha,Tito Puente,Neutral
0.589,0.925,120.005,0.857,0.612,0.000607,La Melodía,"Putumayo, Guaschara",Happy
0.47,0.678,103.728,0.779,0.581,0.703,Bessoka - Version Courte,Manu Dibango,Neutral
0.423,0.852,127.942,0.799,0.275,0.746,Hægt en bítandi,Tómas R. Einarsson,Neutral
0.412,0.75,140.046,0.73,0.757,0.00192,Requiem de l'Amour,Mel Malonga,Neutral
0.605,0.576,154.781,0.662,0.0323,0.0128,Chan Chan,Armando Garzon,Happy
0.67,0.97,163.227,0.716,0.512,0.00293,Píntame un Son,"Putumayo, Dany Martinez & His Charanga",Happy
0.209,0.807,128.222,0.662,0.864,0.0975,Condena,"Francisco Canaro, Roberto Maida",Neutral
0.356,0.696,134.7,0.524,0.889,0.527,La Maleva,"Francisco Canaro, Orquesta Francisco Canaro",Neutral
0.399,0.849,121.014,0.645,0.811,0.173,Mi Dolor,Alfredo De Angelis,Neutral
0.266,0.54,116.479,0.463,0.849,0.807,Bahia Blanca,Carlos Di Sarli,Neutral
0.332,0.427,115.803,0.567,0.601,0.674,El escondite de Hernando,Florindo Sassone Y Su Orquesta,Sad
0.281,0.528,112.087,0.511,0.911,0.877,A la Gran Muñeca,Alberto Di Paulo,Neutral
0.257,0.488,117.325,0.527,0.742,0.53,Yunta de Oro,Color Tango,Sad
0.359,0.724,121.875,0.53,0.783,0.0014,Buscándote,Romántica Milonguera,Neutral
0.339,0.602,123.064,0.593,0.837,0.00106,Oigo Tu Voz,Romántica Milonguera,Neutral
0.244,0.538,157.413,0.36,0.297,0.0,To Vals Tou Gamou - Remastered,Orchestra Eleni Karaindrou,Neutral
0.664,0.946,101.9,0.914,0.431,0.000186,Iko Iko,The Dixie Cups,Happy
0.264,0.916,90.895,0.56,0.531,0.0,La danse de Mardi Gras,The Balfa Brothers,Neutral
0.377,0.319,96.105,0.7,0.201,0.189,Sunrise,Tab Benoit,Sad
0.428,0.403,67.559,0.307,0.0578,0.0,I'm Coming Home (To See My Mother),Clifton Chenier,Sad
0.841,0.747,175.808,0.462,0.0343,0.0,Vibrator,Travis Matte And The Zydeco Kingpins,Happy
0.778,0.976,149.956,0.693,0.11,0.00193,Put n' Work,Chris Ardoin,Happy
0.649,0.973,167.366,0.789,0.29,2.17e-06,My Toot Toot,Rockin' Sidney,Happy
0.89,0.931,77.278,0.76,0.115,0.00189,Overcome,"Keith Frank, The Soileau Zydeco Band",Happy
0.393,0.517,172.226,0.414,0.215,1.55e-06,Beast Of Burden,Buckwheat Zydeco,Neutral
0.33,0.961,177.976,0.536,0.822,0.845,I Got Loaded,Lil' Bob & the Lollipops,Neutral
0.337,0.734,96.059,0.776,0.96,0.931,Valse a Bamboula,Latché Swing,Neutral
0.384,0.704,145.408,0.436,0.505,0.823,Amor del Bajo Corrales,Cafe Accordion Orchestra,Neutral
0.34,0.781,121.01,0.85,0.807,0.869,Lucciola,Patrick Saussois,Neutral
0.0987,0.412,78.926,0.497,0.989,0.891,Quel temps fait-il à Paris ?,Gus Viseur,Sad
0.675,0.821,105.138,0.804,0.792,0.75,Il battagliero - Valzer,Riccardo Tesi,Happy
0.619,0.889,99.444,0.6,0.0982,0.000146,Fiesta de negritos - Remastered,Lucho Bermúdez,Happy
0.338,0.202,105.677,0.368,0.872,0.924,To Nie Vetier,Stars Of St. Petersburg,Sad
0.394,0.543,82.643,0.696,0.0554,0.0194,Poso Lipame - Remix,"Sofia Vebo, Imam Baildi",Neutral
0.394,0.829,197.358,0.436,0.961,0.0,A Vaibele A Tsnien,Dave Tarras,Neutral
0.309,0.595,131.552,0.62,0.91,0.0376,Paris au mois de Septembre,Tatiana Eva-Marie,Neutral
0.478,0.724,142.934,0.472,0.617,0.213,La Zingara,Cafe Accordion Orchestra,Neutral
0.782,0.655,119.992,0.727,0.0563,0.336,Move,"Adam Port, Stryv, Keinemusik, Orso, Malachiii",Happy
0.721,0.571,119.995,0.756,0.0965,0.251,Say What,"Rampa, Adam Port, &ME, chuala, Keinemusik",Happy
0.851,0.0825,122.971,0.669,0.0913,0.0377,Gabriel,"Hydawai, CMC$, Benji (UK)",Energetic
0.865,0.177,125.997,0.764,0.0118,0.722,CORAÇAO - 20th Anniversary Mix,"Jerry Ropero, HUGEL, Mijangos, Jesús Fernández",Energetic
0.826,0.501,121.009,0.642,0.00406,0.727,Another Life - Marten Lou Remix,"Naomi Sharon, Marten Lou",Happy
0.879,0.362,123.004,0.741,0.0841,0.0433,The Boy Is Mine,"James Mac, Vall, Rosalie",Energetic
0.954,0.396,123.943,0.772,0.00444,0.521,La Verdolaga (feat. Totó La Momposina),"HUGEL, Totó La Momposina",Energetic
0.755,0.114,120.036,0.597,0.000135,0.885,Gorah,"Nitefreak, Emmanuel Jal",Energetic
0.783,0.539,127.01,0.714,0.000178,0.881,Pasilda - Knee Deep Mix,"Afro Medusa, Knee Deep",Happy
0.656,0.338,119.003,0.672,0.000577,0.538,Papi (Bhabi),Eden Shalev,Energetic
0.745,0.302,122.015,0.692,0.00184,0.879,Nothing On Me,"Maz, APACHE (FR), MAXI MERAKI, Tabia",Energetic
0.739,0.123,122.986,0.578,0.000969,0.634,Makeda,Alice DiMar,Energetic
0.812,0.0977,119.994,0.662,0.00396,0.763,Andalucia,"HUGEL, GROSSOMODDO",Energetic
0.873,0.348,121.999,0.735,0.00273,0.164,Baiana - Radio Edit,Space Motion,Energetic
0.777,0.446,122.021,0.672,0.00535,0.174,Hey Hey - Jack Back Remix,"Dennis Ferrer, Jack Back, David Guetta",Energetic
0.708,0.586,119.988,0.675,0.0132,0.0841,Ode Ireti - Nitefreak Remix,"&friends, Nitefreak, eL-Jay, Oluwadamvic",Happy
0.714,0.067,123.946,0.696,0.0991,0.00837,Sawa,"Ahmed Spins, Idd Aziz",Energetic
0.811,0.196,122.013,0.645,0.00822,0.377,Yumi - edit,Notre Dame,Energetic
0.901,0.12,118.006,0.625,0.486,0.929,Milkshake 20 - Alex Wann Remix,"Kelis, Alex Wann",Energetic
0.914,0.346,126.001,0.754,0.0275,0.764,Banho de Folhas - Maz Remix,"Luedji Luna, Maz",Energetic
0.911,0.454,119.998,0.617,0.161,0.231,Halele - Alex Wann Remix,"&friends, Samuel Cosmic, Oluwadamvic, Alex Wann",Energetic
0.653,0.0745,120.051,0.652,0.428,0.0273,Somebody’s Watching Me,"ItsArius, Lynnic, Dinia",Energetic
0.726,0.122,122.978,0.7,0.132,0.046,It's Not Right - Radio Edit,"Gianni Romano, Emanuele Esposito, Helen Tesfazghi",Energetic
0.816,0.207,121.983,0.701,0.0112,0.413,Your Voice - Adam Port Remix,"Caiiro, AWEN, Adam Port",Energetic
0.794,0.389,123.025,0.679,0.389,0.51,Anchor Point,"Ahmed Spins, Stevo Atambire",Energetic
0.878,0.563,129.996,0.521,0.158,0.000299,Dancing Nihilist,Pathetic,Happy
0.505,0.318,114.532,0.51,0.342,0.96,Xtal,Aphex Twin,Energetic
0.8,0.108,121.873,0.655,0.0337,0.888,̸ ̡ ҉ ҉.·๑ඕั ҉ ̸ ̡ ҉ ҉.·๑ඕั ҉ ̸ ̡ ҉ ҉.·๑ඕั ҉ ̸ ̡ ҉ ҉.·๑ඕั ҉ ̸ ̡ ҉ ҉.·๑ඕั ҉ ̸ ̡ ҉ ҉.·๑ඕั ҉ ̸ ̡ ҉ ҉.·๑ඕั ҉,⣎⡇ꉺლ༽இ•̛)ྀ◞ ༎ຶ ༽ৣৢ؞ৢ؞ؖ ꉺლ,Energetic
0.128,0.263,129.995,0.571,0.949,0.955,Adrift,Yamaneko,Sad
0.444,0.957,177.954,0.465,0.907,0.932,awakenin,RAMZi,Neutral
0.306,0.211,120.024,0.643,0.958,0.909,Night Arp Blues,Indian Wells,Sad
0.237,0.796,76.739,0.365,0.985,0.964,Sink,7038634357,Neutral
0.665,0.188,179.42,0.265,0.107,0.855,Red Curbs Loop (Stuff I Dream About),Teebs,Energetic
0.404,0.112,149.846,0.254,0.889,0.929,Vizion - Centered,Machinedrum,Sad
0.204,0.0393,79.158,0.126,0.811,0.834,Memory Arc,Rival Consoles,Sad
0.923,0.199,94.989,0.633,0.474,0.746,Sol,Dinamarca,Energetic
0.914,0.96,134.994,0.525,0.00679,0.926,2008,Pathetic,Happy
0.486,0.303,119.319,0.765,0.42,0.876,Pulsewidth,Aphex Twin,Sad
0.93,0.236,129.028,0.852,0.0127,0.494,()vȯ)) ̷̨ʅ(۝ʅ(Ɵʅ():::()̵̳̗̊(Ɵʅ()vȯ)) ̷̨ʅ,⣎⡇ꉺლ༽இ•̛)ྀ◞ ༎ຶ ༽ৣৢ؞ৢ؞ؖ ꉺლ,Energetic
0.988,0.273,79.147,0.508,0.0933,0.804,Heroine,Dimitri Vegas & Like Mike,Energetic
0.851,0.152,159.957,0.219,0.1,0.132,Falling In Love,"Hardwell, Outsiders",Energetic
0.992,0.41,159.991,0.574,0.0129,0.0001,WELCOME 2 DA RECORDSHOP,Rooler,Energetic
0.898,0.297,169.913,0.531,0.0761,0.00012,DON'T SLEEP,"Slaughterhouse, N-Vitral, Deadly Guns",Energetic
0.974,0.316,150.008,0.495,0.000396,1.19e-06,The Age Of Love - Brennan Heart & ANDY SVGE Remix,"Age Of Love, Brennan Heart, ANDY SVGE",Energetic
0.911,0.227,154.986,0.427,0.0289,0.00525,New Perspective,"Frontliner, The Prophet",Energetic
0.951,0.263,155.01,0.422,0.00552,0.0,Ride Or Die,"Ran-D, Rebelion",Energetic
0.935,0.699,157.992,0.529,0.0279,0.0,Redemption & Rage,"Radical Redemption, Act of Rage, GLDY LX",Happy
0.895,0.776,154.999,0.695,0.00125,0.601,Off My Face,"Toneshifterz, Colin Hennerz, Audiofreq, Code Black, 3Blokes",Happy
0.96,0.0903,156.952,0.598,0.0273,0.0,Do What I Wanna Do - Rave Mix,"LNY TNZ, Lil Jon",Energetic
0.726,0.155,154.984,0.342,0.00756,1.06e-06,Defiance,"Wildstylez, Sound Rush",Energetic
0.996,0.461,100.02,0.569,0.198,0.0114,Wanna Play?,The Prophet,Energetic
0.977,0.404,92.5,0.633,0.00131,0.000351,Drop That,Lil Texas,Energetic
0.877,0.125,155.063,0.337,0.00575,0.0306,Live Forever,Headhunterz,Energetic
0.902,0.211,153.064,0.432,0.00253,0.00748,Save Me,"Sub Zero Project, Rebelion",Energetic
0.917,0.411,150.086,0.584,0.0156,0.000481,Turn The Tide,"Felix Harrer, Jerome",Energetic
0.987,0.276,157.275,0.688,0.104,0.871,Woops - Dimitri Vegas & Junkie Kid Remix,"Dj Bountyhunter, Dimitri Vegas, Junkie Kid",Energetic
0.95,0.557,150.024,0.497,0.0699,0.000129,Keep on Moving,Jordiz,Happy
0.966,0.781,154.973,0.402,0.00482,1.91e-05,Crossover,"Da Tweekaz, Used, LePrince",Happy
0.682,0.0856,149.996,0.237,0.00351,0.872,Now We Are Free,"Brennan Heart, Timmy Trumpet, Blademasterz",Energetic
0.995,0.0782,155.046,0.544,0.0323,0.000336,Open Sesame (Abracadabra) - D-Block & S-te-Fan Remix,"Maddix, Leila K, D-Block & S-te-Fan",Energetic
0.91,0.249,180.059,0.432,0.000751,0.0838,TAKE ME AWAY,"Rooler, Sickmode, Paul Elstak",Energetic
0.92,0.39,145.176,0.457,0.0137,3.43e-05,Moonlight Shadow,"W&W, Groove Coverage",Energetic
0.991,0.301,160.029,0.624,0.00869,0.00169,Ratata - Outsiders Remix,"La Fuente, Outsiders",Energetic
0.959,0.361,159.97,0.771,0.129,0.213,Dangerous,"Basswell, So Juice",Energetic
0.998,0.124,160.02,0.522,0.000894,0.564,Hard Beat,"TNT, Darren Styles, Technoboy, Tuneboy",Energetic
0.963,0.154,154.974,0.452,0.0164,3.39e-05,Behind Enemy Lines,"Ran-D, D-Block & S-te-Fan",Energetic
0.944,0.404,150.065,0.5,0.0378,0.148,Weekend!,Jordiz,Energetic
0.97,0.386,159.944,0.533,0.06,0.001,Burning Down,Dual Damage,Energetic
0.909,0.929,159.898,0.577,0.141,0.0,DOWN DOWN,"Sickmode, Rooler",Happy
0.993,0.182,159.915,0.599,0.0894,0.00823,Hit The Floor,"Bloodlust, Holy Priest",Energetic
0.914,0.0864,154.955,0.394,0.00732,0.000539,Gimme Bass,Outsiders,Energetic
0.98,0.209,159.991,0.445,0.00321,0.000473,FCK DAT!,"Rooler, Kronos",Energetic
0.966,0.17,89.72,0.3,0.00106,0.333,Anadrol,Yosuf,Energetic
0.99,0.161,160.046,0.487,0.000595,0.843,DLMD,"Darren Styles, TNT, Technoboy, Tuneboy",Energetic
0.905,0.217,149.965,0.509,0.00573,5.54e-05,I Like To Move It,"AXMO, le Shuuk, LePrince",Energetic
0.936,0.141,160.04,0.636,0.0198,0.925,Rave Mozart,"W&W, Vini Vici",Energetic
0.988,0.0634,100.025,0.567,0.0232,0.0351,Trip to Valhalla,Dr. Peacock,Energetic
0.896,0.173,165.054,0.332,0.0218,0.0146,Melody Of The World,"Dimitri Vegas & Like Mike, Loic D, Ronald-V",Energetic
0.864,0.464,160.04,0.557,0.0151,0.0084,GO STUPID,Sickmode,Energetic
0.925,0.585,154.915,0.498,0.0284,0.0,I Want It All,Da Tweekaz,Happy
0.803,0.368,154.952,0.553,0.00232,1.06e-06,I Like To Party,"AXMO, DJ Junior (TW)",Energetic
0.989,0.553,145.019,0.676,0.0442,0.0022,Come With Me,"W&W, Harris & Ford, Special D.",Happy
0.341,0.163,105.513,0.701,0.499,0.903,Spring 1 - 2012,"Max Richter, Daniel Hope, Konzerthaus Kammerorchester Berlin, Andre de Ridder",Sad
0.028,0.4,130.02,0.639,0.971,0.397,See You Tomorrow,Evgeny Grinko,Sad
0.107,0.146,129.368,0.367,0.862,0.926,Camping,Jóhann Jóhannsson,Sad
0.0621,0.0398,68.537,0.248,0.988,0.873,Ultraviolet,James Heather,Sad
0.0217,0.223,104.541,0.278,0.98,0.919,Éphémère,Tony Anderson,Sad
0.339,0.0719,90.041,0.53,0.567,0.874,Palladio: 1. Allegretto (arr. for Strings Orchestra),"Karl Jenkins, Carmine Lauri, David Alberman, London Symphony Orchestra",Sad
0.0696,0.276,95.193,0.495,0.96,0.898,Dreamy,Hania Rani,Sad
0.134,0.0642,134.986,0.567,0.99,0.921,Reflections,Borrtex,Sad
0.116,0.299,79.487,0.324,0.986,0.926,Beving: Ala,Joep Beving,Sad
0.216,0.109,99.635,0.325,0.977,0.861,Cornfield Chase - Piano-Cello Version,"Michael Forster, Anna Stevens",Sad
0.232,0.47,171.226,0.287,0.904,0.947,Le début du bonheur - Instrumental,Daprinski,Sad
0.154,0.0489,123.077,0.242,0.975,0.897,Le Onde,Ludovico Einaudi,Sad
0.341,0.288,107.098,0.374,0.576,0.561,Upper Egypt & Lower Egypt - Medley,Pharoah Sanders,Sad
0.563,0.158,108.622,0.333,0.645,0.723,Mantra,Alice Coltrane,Energetic
0.838,0.812,125.006,0.672,0.148,0.413,Been So Long,"Neon Vectors, Macross 82-99",Happy
0.846,0.481,122.433,0.742,0.0296,0.0104,FUTURE//PAST,Remlarr,Energetic
0.901,0.656,120.002,0.598,0.00447,0.335,Love,BarbWalters,Happy
0.771,0.251,125.021,0.726,0.000145,0.0691,I'm Attached To You,ED.,Energetic
0.947,0.36,123.825,0.513,0.000598,0.0477,Whatever Man,CHANCE デラソウル,Energetic
0.553,0.463,101.018,0.846,0.392,1.16e-06,Excuses - 2023 Remaster,"Tupperwave, Meltnet",Energetic
0.789,0.652,139.918,0.734,0.0345,0.00708,HELLO TODAY!!,yuugen,Happy
0.921,0.823,121.008,0.78,0.00954,0.87,They Should've Let Me Host Family Feud,Engelwood,Happy
0.835,0.622,119.002,0.88,0.000374,0.0,Fly with Me,サクラSAKURA-LEE,Happy
0.581,0.828,123.952,0.936,0.000779,0.409,So Sunny,SUPERCAT64 ビンクス猫,Happy
0.846,0.765,108.01,0.685,0.0154,0.00917,Million Miles Away - Edit,"Vantage, Milk Talk",Happy
0.732,0.374,128.05,0.732,0.0011,0.926,Night Cross,"Zai Kowen, Brayan Rojitas",Energetic
0.893,0.813,123.798,0.649,0.00368,0.62,There's Something,"Neon Vectors, Macross 82-99, Vantage",Happy
0.93,0.964,123.982,0.707,0.114,0.44,New Romantic (feat. Maki Nomiya),"Night Tempo, Maki Nomiya",Happy
0.935,0.822,118.022,0.666,0.0334,0.000128,Stasis,BarbWalters,Happy
0.841,0.139,108.082,0.854,0.00753,0.655,Lvst,Flammy,Energetic
0.581,0.681,123.844,0.651,0.00118,0.138,Downtown,Kouek,Happy
0.628,0.744,120.013,0.679,0.000978,0.83,Nu Diskette,DUCAT,Happy
0.864,0.759,110.104,0.773,0.0677,0.0505,Yuu-Huu,"Night Tempo, JEF",Happy
0.719,0.857,115.0,0.71,0.00155,0.00665,Green Path,Rhodes Rodosu,Happy
0.938,0.595,129.994,0.612,2.51e-05,0.717,Fun Tonight,Macross 82-99,Happy
0.676,0.548,124.013,0.809,0.0561,0.879,50//50 - Edit,Vantage,Happy
0.866,0.825,110.038,0.633,0.00587,0.835,Radiant Memories,TANUKI,Happy
0.757,0.905,124.986,0.707,0.00345,0.000294,It's Good to See You Again!!,Adrianwave,Happy
0.937,0.301,119.961,0.53,0.0025,0.0408,City Nightlife - Original Mix,"architecture in tokyo, Macross 82-99",Energetic
0.907,0.607,128.012,0.617,0.000245,0.838,Starlight,Andora,Happy
0.689,0.968,125.941,0.696,0.000325,0.82,Sunset On The Shore,Android Apartment,Happy
0.923,0.435,115.984,0.738,0.173,0.916,Dolce Disco,Superflat,Energetic
0.457,0.0733,113.974,0.652,0.841,0.913,Resonance - Slowed & Reverb,noturgf,Sad
0.375,0.645,169.951,0.661,0.0566,0.555,SimpsonWave1995,FrankJavCee,Neutral
0.515,0.0984,105.001,0.671,0.815,0.932,Equinox,admo,Energetic
0.255,0.231,142.568,0.74,0.275,0.894,School Rooftop - Slowed Down Version,"Hisohkah, WMD",Sad
0.754,0.457,170.084,0.564,0.0424,0.84,Resonance,Home,Energetic
0.181,0.647,86.393,0.686,0.652,0.934,5:32pm,The Deli,Neutral
0.599,0.0545,94.322,0.377,0.00303,0.475,Goth (Slowed + Reverb),Sidewalks and Skeletons,Energetic
0.487,0.0454,139.914,0.655,0.0347,0.897,Eternal Youth,RŮDE,Sad
0.855,0.422,142.026,0.606,0.447,0.889,Thelema,Øfdream,Energetic
0.118,0.049,139.688,0.251,0.898,0.93,aquatic ambience,Scizzie,Sad
0.894,0.456,81.377,0.469,0.00024,0.000194,Memory Reboot,"VØJ, Narvent",Energetic
0.222,0.212,75.048,0.382,0.929,0.901,distorted memories,"Øneheart, reidenshi",Sad
0.705,0.163,119.942,0.543,0.00251,0.0341,Suffocation,Crystal Castles,Energetic
0.68,0.504,130.019,0.729,0.219,0.0,Mbappe - Remix,"Eladio Carrion, Future",Happy
0.721,0.841,138.591,0.596,0.829,1.52e-05,Full of Diamonds,YOVNGCHIMI,Happy
0.651,0.36,139.927,0.741,0.154,0.0,Demasia’o de Grande,Tempo,Energetic
0.541,0.167,140.021,0.662,0.449,0.0,6PM EN MALLORCA,Eladio Carrion,Energetic
0.648,0.665,140.819,0.593,0.233,0.000273,"Danger (with DJ Drama, G Herbo & Sugarhill Ddot)","YOVNGCHIMI, DJ Drama, G Herbo, Sugarhill Ddot",Happy
0.684,0.571,139.654,0.795,0.425,1.65e-06,Fulete,"Cazzu, Brray, Luar La L, Ankhal",Happy
0.712,0.386,143.989,0.495,0.414,0.0,La 2blea,Anuel AA,Energetic
0.801,0.692,121.804,0.829,0.415,0.0,Los Palos,"De La Ghetto, Luar La L, YOVNGCHIMI",Happy
0.73,0.734,140.041,0.83,0.187,0.0,Bape (Remix),"Jovaan, KEVVO, Ñengo Flow, Brray, YOVNGCHIMI, Jon Z",Happy
0.559,0.755,140.083,0.801,0.502,0.0,REDBULL,"Eladio Carrion, Beny Jr",Happy
0.636,0.482,141.903,0.802,0.462,4.25e-05,AL CAPONE,Eladio Carrion,Energetic
0.659,0.441,142.044,0.689,0.221,0.0,Holy Shit - Remix,"Ankhal, JHAYCO",Energetic
0.49,0.528,111.976,0.87,0.0558,0.000257,IVIMA,"Shake Da Block, 0contactos",Neutral
0.78,0.558,139.849,0.733,0.459,0.0,Verde Y Azul (feat. Piero47),"Pablo Chill-E, Piero47",Happy
0.641,0.747,150.058,0.732,0.271,5.57e-05,Dame Luz,Brytiago,Happy
0.84,0.598,141.958,0.728,0.164,0.0,Wag1,Akapellah,Happy
0.624,0.107,154.992,0.467,0.101,0.0,PA' LA VUELTA,"Eladio Carrion, Morad",Energetic
0.786,0.643,140.042,0.737,0.683,0.0,TATA - Remix,"Eladio Carrion, J Balvin, Daddy Yankee, Bobby Shmurda",Happy
0.755,0.469,139.923,0.786,0.28,0.0,Patrón,"Big Soto, Neutro Shorty, De La Ghetto, Noriel",Energetic
0.864,0.897,142.689,0.621,0.099,0.0,"Skeem Set, Pt. 2","Milli Major, Jme, Scorcher, SeriousXSyikes, Crazy Titch",Happy
0.741,0.189,108.088,0.542,0.0643,0.0,Sticky,"Bashy, GRM Daily",Energetic
0.735,0.71,93.374,0.566,0.342,2.22e-05,Must Be Bored,"Big Zuu, D7, Crafty 893, Drifter",Happy
0.622,0.658,138.054,0.794,0.315,0.0,#skeptacore pt.2,"Ryder, Skepta",Happy
0.785,0.856,137.056,0.86,0.0348,0.0,Eyes on Me,Skepta,Happy
0.882,0.719,140.029,0.865,0.116,0.00037,Trenches,"Duke & Jones, Flowdan",Happy
0.74,0.946,135.026,0.767,0.0724,8.4e-05,Young Money,LZee,Happy
0.613,0.42,140.434,0.563,0.813,0.0,Iniesta Flow,"namesbliss, scruz",Energetic
0.922,0.669,140.009,0.708,0.0439,0.0,Knock Your Block Off,"Jme, Giggs",Happy
0.798,0.655,140.198,0.713,0.00452,0.0,Energy Gang,"D Double E, Sir Spyro",Happy
0.754,0.508,140.04,0.751,0.125,0.0,Stuttering,"P Money, Silencer, Chip, Dizzee Rascal, D Double E",Happy
0.708,0.859,90.999,0.652,0.055,0.0,MYWAY!,"ROMderful, KayFaraway",Happy
0.805,0.647,140.023,0.625,0.00649,0.34,VEX,slowthai,Happy
0.595,0.406,90.328,0.789,0.052,0.0,Hurdy Gurdy,"Big Narstie, Sir Spyro",Energetic
0.811,0.487,171.723,0.435,0.0659,0.0,Who's Dat,"Silencer, Lil ambush, Lil Shakz, YaroAlways, Kai Nero, Shakes",Energetic
0.722,0.395,141.999,0.891,0.0145,6.34e-06,Tekky,"Chip, Frisco, K-Trap, Krept",Energetic
0.604,0.492,135.144,0.898,0.0413,8.91e-05,Quest For Coin II,"Ezra Collective, Jme, Swindle",Energetic
0.891,0.612,138.878,0.395,0.0126,0.00337,LEON EDWARDS,"Snowy, LVNDLXRD",Happy
0.733,0.633,139.969,0.839,0.063,0.0,On Top,Jaykae,Happy
0.607,0.756,140.043,0.678,0.0751,0.85,Circles24,Preditah,Happy
0.634,0.229,139.975,0.824,0.0193,0.0,This Year,"P Money, Silencer, Tobi",Energetic
0.832,0.73,135.835,0.673,0.137,2.85e-05,Shake It,Trillary Banks,Happy
0.645,0.394,128.023,0.663,0.443,0.0,IC3 (feat. Skepta) - Single Version,"Ghetts, Skepta",Energetic
0.68,0.694,144.006,0.85,0.732,0.0,Loading,Central Cee,Happy
0.471,0.644,140.969,0.863,0.251,0.0,Keisha & Becky - Remix,"Russ Millions, Tion Wayne, Aitch, Swarmz, Sav'o, JAY1",Neutral
0.825,0.904,143.062,0.746,0.192,0.0,Obsessed With You,Central Cee,Happy
0.75,0.961,141.176,0.807,0.17,0.0,Je M'appelle,Benzz,Happy
0.519,0.532,140.013,0.871,0.313,8.14e-06,Clash (feat. Stormzy),"Dave, Stormzy",Happy
0.71,0.795,147.171,0.8,0.463,0.0,Commitment Issues,Central Cee,Happy
0.807,0.848,140.045,0.725,0.352,0.0,Oliver Twist,ArrDee,Happy
0.792,0.623,142.965,0.855,0.552,0.0,6 For 6,Central Cee,Happy
0.666,0.739,145.066,0.821,0.0954,0.0,I Dunno (feat. Dutchavelli & Stormzy),"Tion Wayne, dutchavelli, Stormzy",Happy
0.766,0.349,144.105,0.816,0.192,3.34e-05,Only If You Knew,dutchavelli,Energetic
0.713,0.803,143.052,0.723,0.495,0.0,Flowers (Say My Name),ArrDee,Happy
0.569,0.524,77.052,0.767,0.00988,1.45e-05,Ain't It Different (feat. AJ Tracey & Stormzy),"Headie One, AJ Tracey, Stormzy",Happy
0.481,0.842,140.122,0.813,0.217,0.0,Coming for You (feat. A1 x J1),"SwitchOTR, A1 x J1",Neutral
0.419,0.255,140.012,0.877,0.0837,0.0,TPL x Fumez The Engineer - Plugged In Freestyle,"Fumez The Engineer, OTP, BM, BM X MINI",Sad
0.62,0.638,139.927,0.811,0.1,0.0,Wow,Tion Wayne,Happy
0.826,0.804,146.95,0.68,0.562,0.0,Only You Freestyle,"Headie One, Drake",Happy
0.596,0.793,150.035,0.848,0.5,0.0,Darling,D-Block Europe,Happy
0.93,0.936,139.995,0.81,0.398,3.32e-06,Big Shark,Russ Millions,Happy
0.621,0.638,124.015,0.892,0.496,0.0,Streatham,Dave,Happy
0.673,0.66,142.031,0.855,0.45,0.0,AirForce,DigDat,Happy
0.803,0.895,140.994,0.759,0.413,0.0,Reggae & Calypso (Russ Millions x Buni x YV),"Russ Millions, Buni, YV",Happy
0.672,0.624,145.014,0.773,0.522,0.0,Khabib,Central Cee,Happy
0.616,0.782,143.176,0.826,0.313,0.0,Ungrateful,Central Cee,Happy
0.738,0.659,141.067,0.875,0.492,0.000119,6:30,Russ Millions,Happy
0.651,0.161,127.054,0.66,0.000244,0.84,Thula Moya Wami,Mr Thela,Energetic
0.66,0.489,127.008,0.795,0.173,0.0456,Izinto Zam,"Jabs CPT, Sangzin",Energetic
0.852,0.413,122.035,0.751,0.0469,0.00662,Buya Nini,"Mr Thela, Peace",Energetic
0.722,0.516,125.018,0.685,0.0017,0.108,Street Fighter,Assertive Fam,Happy
0.783,0.344,120.02,0.718,0.000912,0.763,Oh My Sax,"Cairo CPT, Don Vino",Energetic
0.5,0.189,121.999,0.843,0.0258,0.799,FOMO,"Goldmax, Dlala Thukzin, Funky Qla, Zee Nxumalo, Beast Rsa",Sad
0.799,0.269,126.027,0.805,0.0253,0.00613,Ngenyimini,"Rhass, Mapressa, Dj Ndista, Luzzar",Energetic
0.928,0.612,127.023,0.787,0.0391,0.775,Sicel'Imithandazo,Cairo CPT,Happy
0.987,0.756,127.009,0.782,0.0358,0.723,Sinomhlobo,"Cairo CPT, Xola Sofuthe",Happy
0.891,0.26,123.992,0.701,0.00621,0.0844,Kwandonga Ziyaduma,"Mr Thela, Njelic",Energetic
0.903,0.123,127.002,0.675,0.00103,0.685,No Contest (Broken kick),"UJeje, UBizza Wethu",Energetic
0.739,0.394,126.024,0.716,0.00209,0.0864,S'yophanda,"Rhass, Mshayi, Mr Thela",Energetic
0.498,0.826,113.001,0.822,0.0489,0.0419,Wami (feat. Nia Pearl),"Mas Musiq, Nia Pearl",Neutral
0.897,0.679,127.018,0.59,0.0106,0.769,Ivili Liyajikeleza 2.0,Cairo CPT,Happy
0.685,0.502,127.017,0.863,0.00124,0.0382,Izigqibo Zakho 2.0,"Cairo CPT, Minollar",Happy
0.769,0.778,125.968,0.814,0.0379,0.00988,Abathakathi,"Mshayi & Mr Thela, Rhass",Happy
0.794,0.522,125.996,0.773,0.0164,0.000324,Bhabhalaza,"Rhass, Mr Thela",Happy
0.716,0.53,126.99,0.78,0.0162,0.0192,Ngeke Badaniswe,"Mshayi, Mr Thela, Betusile",Happy
0.866,0.232,126.038,0.648,0.0768,0.855,Sun EL Style,Mr Thela,Energetic
0.631,0.42,115.004,0.708,0.0016,0.00465,Ndincede,"Bee DeeJay, Rhass, Mshayi, Mr Thela",Energetic
0.914,0.837,149.971,0.745,0.0393,2.69e-06,Famalay,"Skinny Fabulous, Machel Montano, Bunji Garlin",Happy
0.944,0.746,133.97,0.804,0.105,0.0,Like Ah Boss,Machel Montano,Happy
0.848,0.606,130.021,0.808,0.0783,0.0,Workout,"Kes, Nailah Blackman",Happy
0.797,0.351,110.034,0.792,0.0123,0.00489,Overdue,Erphaan Alves,Energetic
0.824,0.573,106.012,0.836,0.164,0.00534,Practice,GBM Nutron,Happy
0.919,0.861,107.991,0.736,0.331,0.000179,Runaway,Mical Teja,Happy
0.943,0.897,159.996,0.666,0.387,0.0,Hard Fete,Bunji Garlin,Happy
0.902,0.938,116.066,0.94,0.123,0.0,Born Wit It (Bumpa Riddim),Alison Hinds,Happy
0.951,0.821,130.207,0.682,0.143,0.0,Long Live Soca,Voice,Happy
0.821,0.958,108.878,0.74,0.153,0.0,Pump Me Up,Krosfyah,Happy
0.689,0.389,117.067,0.911,0.23,0.0,Holiday,"Problem Child, Jus Jay King, Nelieux",Energetic
0.675,0.442,105.151,0.699,0.0654,0.0,Whine & Kotch,"J Capri, Charly Black",Energetic
0.935,0.912,131.055,0.927,0.135,0.0,Mr. Fete,Machel Montano,Happy
0.792,0.9,119.992,0.843,0.0671,5.02e-05,Wotless,Kes,Happy
0.331,0.804,119.627,0.853,0.000494,0.61,Feels Good - Carrots & Beets,Electra,Neutral
0.736,0.987,107.393,0.681,0.0588,0.602,Stop,B.W.H.,Happy
0.525,0.573,120.643,0.702,0.00237,0.128,Cybernetic Love - Vocal,Casco,Happy
0.761,0.431,112.979,0.775,0.0413,0.776,Stranger in a Strange Land - Club Mix 1983,N.O.I.A.,Energetic
0.823,0.811,125.237,0.569,3.81e-05,0.00723,Robot Is Systematic (Vocal Version),Lectric Workers,Happy
0.475,0.967,132.148,0.897,0.136,0.00778,Sexy Films - Vocal,Kroma,Neutral
0.788,0.961,114.674,0.868,0.0334,2.6e-05,Ma quale idea,Pino D'Angiò,Happy
0.728,0.488,118.031,0.671,0.000372,0.00391,Take A Chance - Original Mix,Mr. Flagio,Energetic
0.956,0.321,104.595,0.698,0.000316,0.8,On and On (Fears Keep On) - Italoconnection Mix,"Decadance, Italoconnection",Energetic
0.69,0.676,123.555,0.715,0.192,0.000657,Lamento Boliviano,Los Enanitos Verdes,Happy
0.837,0.559,120.04,0.726,0.257,1.31e-05,Amores Lejanos,Los Enanitos Verdes,Happy
0.851,0.921,95.019,0.663,0.0992,0.0,Mala Gente,Juanes,Happy
0.385,0.174,174.167,0.258,0.0527,0.0,Bésame,Camila,Sad
0.779,0.978,99.999,0.787,0.0215,0.0,La Paga,Juanes,Happy
0.794,0.907,101.143,0.773,0.527,0.000354,Mariposa Traicionera,Maná,Happy
0.898,0.462,162.058,0.527,0.027,0.0,Labios Compartidos,Maná,Energetic
0.773,0.573,115.995,0.786,0.152,2.57e-06,Bendita Tu Luz,"Maná, Juan Luis Guerra 4.40",Happy
0.726,0.514,147.883,0.647,0.159,5.11e-06,Amor Clandestino,Maná,Happy
0.715,0.638,84.098,0.487,0.294,0.0,Fotografía,"Juanes, Nelly Furtado",Happy
0.52,0.306,124.082,0.426,0.17,0.86,A Little Distance,Tristeza,Energetic
0.313,0.0399,132.899,0.273,0.11,0.0922,Blaise Bailey Finnegan III,Godspeed You! Black Emperor,Sad
0.694,0.236,139.019,0.727,0.0639,0.118,Vizardit,"Hildá Länsman, Tuomas Norvio",Energetic
0.486,0.0391,94.993,0.701,0.00319,0.0779,Raven Strut (feat. K.Clevenger) - DASH Remix,"DKD Dancers, DASH, K.Clevenger",Sad
0.871,0.467,108.028,0.867,0.00213,0.0282,Tapwe,"Boogey the Beat, Young Spirit, Drezus, Pj Vegas",Energetic
0.802,0.705,96.015,0.729,0.0924,4.42e-06,Nuivunga - GFD Collective,"Jens Kleist, JASMIN, Da Bartali Crew",Happy
0.878,0.53,119.963,0.825,0.0657,2.42e-05,Meditjin,"Baker Boy, JessB",Happy
0.917,0.798,120.006,0.85,0.138,0.000101,Break It Down,Tjaka,Happy
0.821,0.648,100.061,0.58,0.00315,8.71e-05,uduli 跳一波,ABAO阿爆,Happy
0.831,0.698,125.012,0.844,0.00688,0.00012,Half Breed - Remix,DJ Shub,Happy
0.629,0.194,130.023,0.725,0.00139,0.0673,Sisters,"The Halluci Nation, Northern Voice",Energetic
0.731,0.0484,122.012,0.819,0.026,0.0731,Emta Njawzak Yamma,DAM,Energetic
0.474,0.534,79.933,0.707,0.201,0.000689,Behold a Pale Horse,"STOiK, Jah'kota, Plex, Drezus",Neutral
0.927,0.442,141.961,0.6,0.025,0.00581,AVINU CHAI (AM YISRAEL CHAI),Yoni Z,Energetic
0.907,0.336,115.087,0.684,0.346,0.000175,Lech Lecha (K3LZ Remix),"K3LZ, Eli Levin",Energetic
0.59,0.563,78.459,0.377,0.514,0.0,The Rain,TAI,Happy
0.465,0.652,110.014,0.794,0.751,1.37e-06,תלוי בנו,נהוראי אריאלי,Neutral
0.513,0.82,99.022,0.788,0.774,1.92e-05,ארץ ישראל,Ishay Ribo,Happy
0.568,0.628,118.027,0.806,0.0462,0.00165,Az Yashir 2.0,"K3LZ, Eli Levin, MOiSHE'LE",Happy
0.695,0.422,120.043,0.666,0.148,2.03e-06,Eimosai (K3LZ Remix),"Danny Palgon, K3LZ",Energetic
0.833,0.577,169.964,0.55,0.0523,4.53e-05,LOVE ME,"Nissim Black, Oryahh",Happy
0.737,0.802,92.006,0.66,0.536,0.0,BaTachti,Dovid Lowy,Happy
0.766,0.321,126.079,0.741,0.129,4.51e-05,Brighter,Zusha,Energetic
0.514,0.49,120.142,0.598,0.461,0.0,Ani Maamin,TAI,Energetic
0.69,0.603,104.995,0.747,0.108,0.0,נקודות,שמואל,Happy
0.699,0.266,133.069,0.536,0.59,0.0,Chaneinu,"Moshe Lang, Waterbury Mesivta, Sruli, Moyo",Energetic
0.57,0.28,127.956,0.555,0.261,3.51e-05,Before I Go,"DJ Kraz, Isaac Ben",Energetic
0.765,0.669,170.115,0.497,0.113,1.11e-05,Mili Deshtuta - Crazy Stuff,"Thank You Hashem, DJ Farbreng, Moshe Storch, Mikey Mause",Happy
0.603,0.841,104.98,0.752,0.19,3.03e-05,Ki Hu Levado,"Yossi Newman, Aryeh Barnett",Happy
0.795,0.628,75.03,0.62,0.273,3.9e-06,SCREAM,Nissim Black,Happy
0.41,0.337,94.993,0.753,0.464,0.0,Eliyahu Hanavi,"K3LZ, Avi Abikhzer",Sad
0.851,0.724,100.028,0.641,0.333,0.0,Bou,Danny Palgon,Happy
0.471,0.497,76.934,0.404,0.287,0.0,Not Today (Dear Yetzer Hara),TAI,Sad
0.705,0.562,159.97,0.595,0.221,0.000326,End of the Tunnel,A.Y. Bouzaglou,Happy
0.749,0.81,100.017,0.798,0.258,0.0,Ein Od Milvado,Mordechai Shapiro,Happy
0.952,0.664,127.996,0.654,0.00635,7.67e-06,Ad Matai (Blue),iZZy D JaY,Happy
0.752,0.444,128.046,0.604,0.0331,0.0,Ahalela,Avi Zelinger,Energetic
0.887,0.798,125.052,0.738,0.604,1.63e-05,Yom Yom,Dovid Lowy,Happy
0.746,0.476,99.97,0.607,0.0334,3.79e-06,Ana,"Matt Dubb, Itzik Dadya",Energetic
0.873,0.64,120.005,0.596,0.0417,0.000195,Tzur,Matt Dubb,Happy
0.725,0.847,160.037,0.689,0.0334,0.0,Set Me Free,DeScribe,Happy
0.752,0.29,99.984,0.768,0.0808,0.0,Yesh Kan,Mendy Piamenta,Energetic
0.855,0.764,75.03,0.589,0.0649,0.0,This Is My Home,Duvie Shapiro,Happy
0.782,0.706,179.878,0.489,0.28,1.08e-05,Closer,"DJ Kraz, Aryeh Kunstler",Happy
0.844,0.651,159.915,0.593,0.598,0.0,Zeh Keili,Ari Goldwag,Happy
0.73,0.691,92.06,0.677,0.378,0.0,Schar Mitzvah,Mordechai Shapiro,Happy
0.874,0.535,128.045,0.648,0.00054,0.0,So Alive,DeScribe,Happy
0.785,0.567,128.945,0.629,0.317,0.0,Friends,Mordechai Shapiro,Happy
0.741,0.267,109.928,0.616,0.132,0.0,Es Shem,Yechiel Lazarus,Energetic
0.897,0.912,113.01,0.806,0.124,0.015,Shema,Nachas,Happy
0.813,0.391,120.014,0.644,0.0426,1.91e-06,Dreamer,DeScribe,Energetic
0.672,0.345,133.992,0.547,0.0496,0.0,V'hu Haya,"Yossi Newman, Aryeh Barnett",Energetic
0.817,0.644,105.017,0.599,0.00799,1.16e-06,Long for the Day,Tani Polansky,Happy
0.701,0.414,126.062,0.738,0.261,0.0289,מצווה גדולה,Mikey Mocton,Energetic
0.633,0.464,104.415,0.434,0.0228,0.0,Welcome Back - Akiva Hammond Remix,"Waterbury Mesivta, Eli Dachs, Akiva Hammond",Energetic
0.818,0.519,180.004,0.511,0.0405,0.000189,Flames,"DJ Kraz, Sholom",Happy
0.939,0.558,134.973,0.52,0.000343,0.000187,V'ohavta,"Yechiel Lazarus, DJ YLK",Happy
0.825,0.546,113.04,0.7,0.0183,0.0,Hodu,Danny Palgon,Happy
0.527,0.292,132.017,0.601,0.00168,0.00307,Everything Is from You,Moshe Siegel,Energetic
0.853,0.77,94.958,0.728,0.318,0.0,Modeh Ani,Moshe Tischler,Happy
0.726,0.879,110.988,0.709,0.479,0.000697,Ki Le'olam Chasdo,Joey Newcomb,Happy
0.721,0.333,119.967,0.665,0.161,0.00019,Sameach,Moshe Lichtenstein,Energetic
0.88,0.894,125.004,0.692,0.0654,0.0001,Lo Nafsik Lirkod,Ari Goldwag,Happy
0.707,0.291,105.015,0.592,0.0915,1.62e-06,Adama V'shamayim - Remix,DJ Kraz,Energetic
0.633,0.357,149.99,0.573,0.0618,3.43e-05,Ani Maamin,DJ Kraz,Energetic
0.769,0.492,120.057,0.683,0.0891,1.1e-05,Ashira,"Danny Palgon, Yoni Z",Energetic
0.675,0.27,141.905,0.378,0.00531,0.000207,Baruch Hashem,"Zusha, Pumpidisa, Matt Dubb",Energetic
0.685,0.638,111.974,0.669,0.533,0.0,It's You,Ruvi New,Happy
0.853,0.897,149.916,0.686,0.325,0.0,Geshmak to Be a Yid,"Moshe Storch, DRS Senior Choir",Happy
0.834,0.3,127.908,0.58,0.0669,0.00583,Olam Chesed Yibaneh - Remix,"RJ2, Moshe Lang",Energetic
0.851,0.608,128.016,0.6,0.000291,1.32e-06,Rachem,RJ2,Happy
0.943,0.572,142.0,0.557,0.0259,0.0,Kol Sasson,RJ2,Happy
0.928,0.524,128.028,0.546,0.243,0.329,Emes 2.0,"Baruch Naftel, Caudio",Happy
0.877,0.758,122.041,0.713,0.228,0.000238,Lehodos,Yehuda Freundlich,Happy
0.828,0.606,103.964,0.643,0.153,0.0,Ashira Lashem,"Ari Goldwag, Dovid Pearlman",Happy
0.847,0.468,100.035,0.608,0.261,0.0,Shifchi,Danny Palgon,Energetic
0.816,0.497,99.983,0.697,0.1,0.0,Pischi,Danny Palgon,Energetic
0.503,0.574,121.966,0.648,0.648,0.0,Simcha Strong - Camp Simcha 2019 Boys Song - Camp Simcha Remix,"Ami Eller, Camp Simcha",Happy
0.885,0.427,122.035,0.59,0.00624,2.26e-05,Ponies (Turning Around) [feat. Aryeh Kunstler],"A.K.A. Pella, Aryeh Kunstler",Energetic
0.83,0.56,128.172,0.669,0.179,0.0,Thank You Hashem,Baruch Levine,Happy
0.778,0.892,95.05,0.687,0.0897,0.0,Anim,Gad Feureisen,Happy
0.633,0.386,144.04,0.578,0.429,0.0,Bsimcha,Danny Palgon,Energetic
0.852,0.533,104.982,0.708,0.0438,1.04e-06,Ayeh! - DJ Roi Cohen Remix,"Reuven Garber ראובן גרבר, DJ Roi Cohen",Happy
0.715,0.448,119.981,0.649,0.335,0.000106,Eimosai,Danny Palgon,Energetic
0.828,0.606,103.964,0.643,0.153,0.0,Ashira Lashem,"Dovid Pearlman, Ari Goldwag",Happy
0.886,0.314,139.968,0.625,0.00514,0.00252,Adon Olam,"Dovid Pearlman, C. Neuhaus",Energetic
0.919,0.789,130.019,0.612,0.00372,6.53e-06,לא נורא,Shuky,Happy
0.83,0.613,109.99,0.723,0.0682,1.81e-05,Power,Yoni Z,Happy
0.722,0.467,127.962,0.65,0.104,4.5e-05,B'yeshiva Sheli,Zevi Kaufman,Energetic
0.818,0.625,176.078,0.505,0.0868,1.94e-06,Hey-Ha,Uzi Bodner,Happy
0.855,0.737,113.019,0.641,0.0255,0.000141,Ad Layla,Uzi Bodner,Happy
0.736,0.725,120.972,0.553,0.287,0.0,Nodeh Lecha,Nachas,Happy
0.904,0.668,109.991,0.659,0.271,0.0635,Hallelukah,Yoni Z,Happy
0.606,0.413,144.115,0.422,0.0805,1.3e-05,Ein yeush,"Moshe Lang, A.Y. Bouzaglou",Energetic
0.482,0.391,79.995,0.759,0.147,0.0,Who Am I,BINYAMIN,Sad
0.569,0.445,80.027,0.542,0.201,0.0,Accept,Aryeh Kunstler,Energetic
0.402,0.337,99.914,0.722,0.678,0.0,Dry Tears,"Yossi Rodal, iZZy D JaY",Sad
0.624,0.718,127.903,0.853,0.132,0.0,Proud Jew,"Yossi Rodal, iZZy D JaY, CTeen",Happy
0.895,0.496,99.862,0.641,0.556,6.4e-06,Unspoken,"Yossi Rodal, iZZy D JaY",Energetic
0.634,0.124,97.043,0.702,0.146,0.0,How to Fly,Jeryko,Energetic
0.549,0.367,125.043,0.691,0.589,7.66e-06,Believe,"Eli Skies, Shmuel Zimmer",Energetic
0.517,0.151,74.997,0.545,0.259,0.0,Elokai,"Eli Skies, Dovid Gross",Energetic
0.872,0.628,124.943,0.707,0.0526,0.0,Nyet Nyet,"The International Nigun Project, Leo Chelyapov, Yossi Rodel, Shmuel Marcus, iZZy D JaY",Happy
0.804,0.453,125.99,0.612,0.137,0.0,Modeh Ani,"Hershel, iZZy D JaY",Energetic
0.647,0.171,111.979,0.455,0.0377,0.0116,Odecha,Reuven Garber ראובן גרבר,Energetic
0.72,0.696,113.015,0.714,0.0922,0.0,Idan Chadash,Duvie Shapiro,Happy
0.556,0.22,105.021,0.732,0.572,0.00487,Never Alone,Danny Palgon,Energetic
0.737,0.465,111.97,0.668,0.00296,0.000239,K'Echud,"Yossi Newman, Aryeh Barnett",Energetic
0.768,0.734,159.962,0.724,0.233,0.0,Only One,Nissim Black,Happy
0.644,0.45,128.083,0.666,0.133,0.0,Ah-Yay!,Nachas,Energetic
0.885,0.794,128.021,0.778,0.0827,0.0,תרקדו,איציק וינגרטן,Happy
0.807,0.748,124.723,0.605,0.0885,0.0,Sois Tosis,"Mordechai Shapiro, Freilach Band",Happy
0.789,0.601,105.048,0.637,0.434,0.0,Hashem Echad,Itzik Orlev,Happy
0.948,0.74,110.012,0.636,0.0625,3.06e-05,ריקוד מנצח,Itzik Orlev,Happy
0.743,0.586,140.028,0.797,0.00929,0.843,Sultan - Workout Remix,"Vishal-Shekhar, Sukhwinder Singh, Shadab Faridi, Irshad Kamil",Happy
0.854,0.277,155.867,0.468,0.176,0.0,"Humraah (From ""Malang - Unleash The Madness"")","Sachet Tandon, Kunaal Vermaa, The Fusion Project",Energetic
0.939,0.231,100.081,0.622,0.367,0.0901,"Singham Again Title Track (From ""Singham Again"")","Santhosh Venky, Ravi Basrur, Swanand Kirkire",Energetic
0.867,0.665,178.004,0.617,0.237,0.0,Dangal,"Pritam, Daler Mehndi",Happy
0.821,0.184,170.022,0.557,0.0189,0.0,Kar Har Maidaan Fateh,"Sukhwinder Singh, Shreya Ghoshal",Energetic
0.821,0.602,125.877,0.654,0.416,1.67e-05,"Sarphira (From ""Chandu Champion"")","Pritam, Sreerama Chandra, Kausar Munir",Happy
0.919,0.494,94.993,0.805,0.101,0.00343,"Illegal Weapon 2.0 (From ""Street Dancer 3D"")","Jasmine Sandlas, Garry Sandhu, Tanishk Bagchi, Intense",Energetic
0.727,0.864,118.034,0.695,0.0744,0.000175,"Ghungroo (From ""War"")","Vishal-Shekhar, Arijit Singh, Shilpa Rao, Kumaar",Happy
0.75,0.434,128.051,0.616,0.172,0.0,Sooraj Dooba Hain,"Arijit Singh, Aditi Singh Sharma",Energetic
0.858,0.949,119.974,0.83,0.134,1.72e-05,Gallan Goodiyaan,"Yashita Sharma, Manish Kumar Tipu, Farhan Akhtar, Shankar Mahadevan, Sukhwinder Singh",Happy
0.867,0.893,102.009,0.722,0.121,0.0052,"Coca Cola (From ""Luka Chuppi"")","Tony Kakkar, Neha Kakkar, Young Desi, Tanishk Bagchi",Happy
0.839,0.507,103.992,0.836,0.275,7.25e-06,Baby Doll,"Meet Bros Anjjan, Kanika Kapoor",Happy
0.738,0.616,104.964,0.817,0.0964,0.0,Jhoome Jo Pathaan,"Vishal-Shekhar, Arijit Singh, Sukriti Kakar, Vishal Dadlani, Shekhar Ravjiani, Kumaar",Happy
0.742,0.876,155.986,0.689,0.0339,0.0046,Ainvayi Ainvayi,"Salim–Sulaiman, Salim Merchant, Sunidhi Chauhan, Amitabh Bhattacharya",Happy
0.605,0.93,124.205,0.742,0.305,2.5e-05,Comment te dire adieu,Françoise Hardy,Happy
0.547,0.406,93.942,0.694,0.265,0.000196,Isla Privée,"Dele GT, LAVIERY",Energetic
0.797,0.541,97.988,0.811,0.0617,0.0,Djadja,Aya Nakamura,Happy
0.409,0.497,170.071,0.714,0.0821,0.0,La Bebé (Remix) [French Version],Dele GT,Sad
0.442,0.381,115.932,0.703,0.594,2.39e-05,Balance ton quoi,Angèle,Sad
0.586,0.395,113.655,0.736,0.553,2.21e-05,Yeux disent,Lomepal,Energetic
0.196,0.362,114.399,0.581,0.979,0.0103,Douce France,Charles Trenet,Sad
0.694,0.557,127.997,0.763,0.00438,0.0004,Alucin - Versión Francés,"Eugenio Esquivel, Dele GT, Los Esquivel, Sebastian Esquivel",Happy
0.542,0.285,105.005,0.692,0.493,2.75e-06,Tout oublier,"Angèle, Roméo Elvis",Energetic
0.238,0.358,98.957,0.543,0.796,0.0,Ella Baila Sola - Acustic French version,Dele GT,Sad
0.44,0.127,107.091,0.668,0.822,3.98e-06,Ta reine,Angèle,Sad
0.552,0.737,105.961,0.636,0.624,0.0,Impala,"Adèle Castillon, Videoclub",Happy
0.52,0.468,112.965,0.682,0.697,5.44e-06,Flou,Angèle,Energetic
0.411,0.322,111.926,0.923,0.0529,0.00699,CIEL,HOUDI,Sad
0.807,0.741,155.397,0.525,0.251,0.0,Je veux,Zaz,Happy
0.786,0.665,186.033,0.474,0.0076,0.000446,Face à la mer,"Calogero, Passi",Happy
0.399,0.372,177.547,0.406,0.828,6.28e-05,"Je t'aimais, je t'aime, je t'aimerai",Francis Cabrel,Sad
0.513,0.448,82.434,0.458,0.199,0.0767,Incapable,"Jewel Usain, Béesau, Hedges",Energetic
0.52,0.255,79.043,0.824,0.155,0.000202,Pastille bleue,Jewel Usain,Energetic
0.48,0.239,99.844,0.727,0.0887,5.54e-06,En plein océan,Jewel Usain,Sad
0.679,0.577,134.026,0.804,0.387,0.0,1994,Hamza,Happy
0.676,0.425,95.017,0.752,0.00892,1.94e-06,J'me tire,GIMS,Energetic
0.661,0.804,107.992,0.808,0.0358,0.0,Ramenez la coupe à la maison,Vegedream,Happy
0.622,0.593,167.758,0.531,0.602,0.0,Notes pour trop tard (feat. Ibeyi),"Orelsan, Ibeyi",Happy
0.66,0.324,123.902,0.748,0.295,5.56e-06,Trop beau,Lomepal,Energetic
0.785,0.389,125.025,0.747,0.053,0.0,Sur ma route,Black M,Energetic
0.482,0.677,100.013,0.631,0.428,0.0,Désolé,Sexion d'Assaut,Neutral
0.756,0.759,114.986,0.932,0.15,0.0,Wati by Night,Sexion d'Assaut,Happy
0.763,0.683,106.977,0.865,0.0783,0.0,Ma direction,Sexion d'Assaut,Happy
0.964,0.594,177.972,0.787,0.289,9.32e-06,Pitbull,Booba,Happy
0.654,0.749,110.943,0.955,0.727,3.19e-06,Tchikita,Jul,Happy
0.599,0.557,129.96,0.758,0.57,1.13e-06,FADE UP,"ZEG P, Hamza, SCH",Happy
0.939,0.805,142.948,0.901,0.117,0.0,Bande organisée,"Kofs, Soso Maness, Elams, Jul, SCH, Naps, Solda, Houari, 13 Organisé",Happy
0.464,0.0929,100.011,0.87,0.474,0.00122,Fusil,SCH,Sad
0.651,0.335,151.926,0.524,0.602,1.49e-06,6.45i,SCH,Energetic
0.673,0.453,122.975,0.801,0.27,0.0,92i veyron,Booba,Energetic
0.685,0.267,120.971,0.84,0.193,6.19e-05,E.L.E.P.H.A.N.T - Bonus Track,Booba,Energetic
0.278,0.338,82.331,0.371,0.981,0.0,La Vie en rose,Édith Piaf,Sad
0.503,0.468,129.76,0.665,0.701,1.08e-05,Je ne veux pas travailler,Sole Gimenez,Energetic
0.354,0.245,119.965,0.7,0.765,0.00158,Amour plastique,"Videoclub, Adèle Castillon, Mattyeux",Sad
0.438,0.932,149.897,0.649,0.911,0.759,Je ne t'aime plus,Manu Chao,Neutral
0.373,0.346,97.034,0.63,0.856,1.08e-06,Simple,"Moussa, Claire Laffut",Sad
0.665,0.656,127.977,0.719,0.419,0.0171,Paradis,Panache!,Happy
0.549,0.13,140.011,0.65,0.18,0.0,Bleu ciel,Smeels,Energetic
0.673,0.397,95.925,0.727,0.248,0.0,La recette,Slimane,Energetic
0.862,0.562,119.931,0.582,0.0263,0.000117,Sors,Ycare,Happy
0.759,0.777,86.037,0.694,0.0756,0.0,La pluie (feat. Stromae),"Orelsan, Stromae",Happy
0.675,0.633,82.183,0.634,0.099,0.000314,La terre est ronde,Orelsan,Happy
0.617,0.626,123.994,0.696,0.269,0.0,Parce que c'est toi,M. Pokora,Happy
0.791,0.593,105.074,0.75,0.189,0.0,Don't Stop,Lenni Kim,Happy
0.412,0.209,179.783,0.476,0.796,9.04e-06,Mais je t'aime,"Grand Corps Malade, Camille Lellouche",Sad
0.616,0.229,109.842,0.68,0.167,0.0,Derrière le brouillard,"Grand Corps Malade, Louane",Energetic
0.868,0.592,92.742,0.609,0.286,0.0,Pas l'temps pour les regrets,Lunatic,Happy
0.58,0.323,75.195,0.575,0.166,0.0,On verra,Nekfeu,Energetic
0.501,0.379,90.967,0.772,0.0106,1.16e-05,Qui peut le nier ! - Remasterisé,Oxmo Puccino,Energetic
0.392,0.697,119.983,0.792,0.864,0.0,AMNESIA,TIF,Neutral
0.145,0.698,99.508,0.677,0.929,0.0,Heureux qui comme Ulysse,Georges Brassens,Neutral
0.474,0.625,123.895,0.73,0.669,2.85e-05,Le chant des sirènes,Fréro Delavega,Neutral
0.636,0.438,127.021,0.673,0.268,0.0,FLEURS (feat. Tiakola),"Gazo, Tiakola",Energetic
0.667,0.731,132.009,0.789,0.356,0.0,Apollo13,"Mister V, Juice",Happy
0.565,0.407,177.941,0.755,0.113,2.77e-05,T'as peur,"Aya Nakamura, Myke Towers",Energetic
0.67,0.457,120.76,0.713,0.113,0.0,CP_009_ Évidemment,"Orelsan, Angèle",Energetic
0.552,0.629,138.032,0.726,0.534,2.74e-06,Magenta,Bekar,Happy
0.595,0.37,141.97,0.772,0.406,0.0,Salé,Niska,Energetic
0.536,0.524,95.034,0.781,0.36,2.21e-06,Mélodie,OBOY,Happy
0.691,0.711,102.025,0.765,0.226,4.19e-05,P A S C O M M E Ç A,"Tayc, Tiakola",Happy
0.578,0.58,140.709,0.622,0.602,0.0,Céline,"Elh Kmer, So La Lune",Happy
0.464,0.417,108.015,0.886,0.168,0.00107,AMARU,Dinos,Sad
0.596,0.547,120.954,0.707,0.55,0.0,Namek,Dinos,Happy
0.132,0.367,78.412,0.369,0.954,4.69e-06,"L’Amour, Les Baguettes, Paris",Stella Jang,Sad
0.736,0.612,115.983,0.756,0.0597,4.96e-06,Δ. Dieu ne ment jamais,Damso,Happy
0.623,0.816,123.08,0.916,0.15,0.0,DJ,Diam's,Happy
0.72,0.3,127.385,0.615,0.706,0.0,Billets,Gradur,Energetic
0.552,0.296,134.768,0.532,0.725,0.0,Des milliers de je t'aime,Slimane,Energetic
0.412,0.38,177.144,0.425,0.84,0.179,Hijo de la Luna - Fils de la Lune,The Top Club Band,Sad
0.509,0.504,127.143,0.745,0.391,0.0,BANKSY,"Recycled J, Selecta",Happy
0.44,0.411,137.321,0.382,0.777,0.00106,La maladie d'amour,Michel Sardou,Sad
0.71,0.391,138.241,0.343,0.497,1.42e-06,Les mots bleus,Christophe,Energetic
0.343,0.412,100.551,0.311,0.77,1.82e-06,Aimer à perdre la raison,Jean Ferrat,Sad
0.487,0.489,85.706,0.325,0.143,1.01e-06,Comme d'habitude,Claude François,Sad
0.624,0.831,115.981,0.834,0.0729,0.0,Coup de vieux,"Bigflo & Oli, Julien Doré",Happy
0.595,0.811,172.07,0.757,0.375,0.0,Dommage,Bigflo & Oli,Happy
0.784,0.69,82.009,0.573,0.141,0.0,Hit Sale,"Therapie TAXI, Roméo Elvis",Happy
0.618,0.381,92.02,0.649,0.0215,1.16e-06,Eté 90,Therapie TAXI,Energetic
0.684,0.563,103.978,0.781,0.256,0.0,Papa,"Bigflo & Oli, Fabian Ordonez",Happy
0.553,0.392,102.996,0.706,0.263,3.44e-05,1000°C,"Lomepal, Roméo Elvis",Energetic
0.766,0.512,124.011,0.702,0.259,0.0,Soleil,Roméo Elvis,Happy
0.693,0.678,92.021,0.841,0.396,3.99e-06,40%,Aya Nakamura,Happy
0.675,0.386,83.204,0.474,0.22,0.0,Lolita,Ashh,Energetic
0.772,0.597,137.014,0.567,0.252,0.0,J't'emmène au vent,Louise Attaque,Happy
0.623,0.869,75.996,0.712,0.4,0.0,A minuit,Bekar,Happy
0.146,0.158,88.934,0.391,0.984,0.000243,Les feuilles mortes,Yves Montand,Sad
0.838,0.707,140.04,0.63,0.00211,1.27e-05,Elle Danse sexy,"Sisi K, BB Model",Happy
0.907,0.884,128.056,0.621,0.091,0.0,Magic in the Air (feat. Ahmed Chawki),"Magic System, Chawki",Happy
0.773,0.734,131.559,0.851,0.192,0.0,Ambiance à l'africaine,Magic System,Happy
0.527,0.235,120.462,0.505,0.327,0.0,Bécane - A COLORS SHOW,Yamê,Energetic
0.774,0.517,109.999,0.806,0.106,0.0,Petit à petit,Arcadian,Happy
0.61,0.718,138.266,0.447,0.316,0.000175,I love you,"Dadju, Tayc",Happy
0.556,0.414,88.188,0.475,0.43,0.0,Les yeux de la mama,Kendji Girac,Energetic
0.702,0.793,105.232,0.669,0.713,0.0408,Le vent nous portera,Noir Désir,Happy
0.594,0.581,152.039,0.771,0.501,0.0,Côte Ouest,47ter,Happy
0.643,0.776,120.014,0.772,0.541,0.0,On avait dit,47ter,Happy
0.621,0.253,100.055,0.589,0.287,0.0,Et même après je t'aimerai,Hoshi,Energetic
0.624,0.866,133.977,0.742,0.252,0.154,Tout va bien,roland decembre,Happy
0.57,0.478,115.02,0.831,0.2,0.0,Dans ma tête,Nell Widmer,Energetic
0.305,0.551,118.677,0.763,0.857,0.000131,Reste en Vie,Luidji,Neutral
0.653,0.381,157.38,0.665,0.693,0.0,Médicament,"Niska, Booba",Energetic
0.668,0.349,150.093,0.795,0.161,0.0,Réseaux,Niska,Energetic
0.802,0.804,140.014,0.776,0.27,0.00356,P*Tain de m*Rde,Naza,Happy
0.168,0.556,84.749,0.241,0.965,0.114,La mer,Charles Trenet,Neutral
0.362,0.376,83.649,0.47,0.39,0.000703,Je t'aime moi non plus,"Serge Gainsbourg, Jane Birkin",Sad
0.412,0.922,179.852,0.651,0.444,0.0,Pacifique,Zoufris Maracas,Neutral
0.144,0.573,119.659,0.684,0.534,0.0249,Jardin d'hiver,Henri Salvador,Neutral
0.281,0.277,129.346,0.42,0.85,0.0,La mémoire et la mer,Léo Ferré,Sad
0.302,0.18,88.15,0.467,0.788,0.00065,La maison près de la fontaine,Nino Ferrer,Sad
0.56,0.599,89.885,0.534,0.451,9.63e-05,Le sud,Nino Ferrer,Happy
0.631,0.877,128.013,0.83,0.0022,0.0359,Used to Be in Love,The Jungle Giants,Happy
0.55,0.7,111.962,0.629,0.042,1.21e-06,Booster Seat,Spacey Jane,Happy
0.898,0.864,97.021,0.565,0.00491,0.00296,Sofa King,Royel Otis,Happy
0.852,0.499,86.309,0.493,0.0231,9.72e-06,Yellow Mellow,Ocean Alley,Energetic
0.883,0.5,95.951,0.506,0.29,0.0,Out Of Luck,Old Mervs,Energetic
0.603,0.474,108.074,0.718,0.326,0.0,Sunbleached Girl,Shag Rock,Energetic
0.849,0.375,148.002,0.673,0.0186,0.000274,Better in Blak,Thelma Plum,Energetic
0.585,0.412,110.058,0.646,0.163,0.293,Money,Lime Cordiale,Energetic
0.69,0.512,77.66,0.456,0.0215,0.0,Australia Street,Sticky Fingers,Happy
0.64,0.478,104.989,0.553,0.0109,0.0,Up In The Clouds,Skegss,Energetic
0.636,0.817,122.966,0.803,0.0231,0.00505,Feel the Way I Do,The Jungle Giants,Happy
0.805,0.906,100.003,0.746,0.321,0.00685,Rose Pink Cadillac,DOPE LEMON,Happy
0.542,0.809,169.31,0.334,0.0117,0.000632,Tombstone,Ocean Alley,Happy
0.16,0.0409,56.449,0.0789,0.733,0.786,Glaciers,Lights & Motion,Sad
0.0429,0.0575,69.569,0.196,0.977,0.983,The Ends,Luke Howard,Sad
0.185,0.0341,92.992,0.513,0.967,0.897,Ariana,Tony Anderson,Sad
0.163,0.371,166.037,0.398,0.987,0.905,Rush/Rest,Benjamin Drewitz,Sad
0.233,0.037,178.034,0.257,0.936,0.924,Umbra,Jakob Ahlbom,Sad
0.287,0.0392,64.845,0.128,0.96,0.927,Solskur - Rework,"Patrik Berg Almkvisth, LUCHS, Hollie Kenniff",Sad
0.106,0.251,118.084,0.612,0.99,0.937,Enghave Lys,Henrik Lindstrand,Sad
0.167,0.0769,79.948,0.417,0.976,0.916,december - Music Within remix,"Dear Gravity, Music Within",Sad
0.132,0.0916,132.338,0.208,0.95,0.913,We Still Share the Same Sky,Koshun Nakao,Sad
0.139,0.149,103.549,0.245,0.593,0.91,Monarch,From Somewhere Quiet,Sad
0.0917,0.0385,70.294,0.24,0.964,0.867,Relent,Jakob Ahlbom,Sad
0.206,0.0367,84.122,0.124,0.926,0.786,New Beginning,AEMIA,Sad
0.00945,0.249,76.745,0.152,0.971,0.94,love is like the wind,Ross Lara,Sad
0.0732,0.0703,88.092,0.18,0.954,0.94,Autonomy,"Jakob Ahlbom, Hanna Ekström, Anna Dager",Sad
0.0798,0.0679,86.126,0.254,0.943,0.977,Restore - Instrumental,"Salt Of The Sound, Simon Wester",Sad
0.0624,0.0387,69.11,0.227,0.761,0.939,Trampoline,"Stilhed, Jacob David",Sad
0.0445,0.241,70.694,0.267,0.987,0.911,Chapter Three,Sarah Watson,Sad
0.0661,0.0393,77.843,0.171,0.961,0.863,dvale,bløeme,Sad
0.039,0.0806,128.309,0.188,0.971,0.915,Cavendish Creek,Charlie Ryder,Sad
0.313,0.0381,112.876,0.207,0.936,0.888,Tundra,Immanu El,Sad
0.131,0.0703,86.729,0.166,0.808,0.896,Cambridge,From Somewhere Quiet,Sad
0.146,0.0369,79.161,0.186,0.916,0.938,Heartbeat,Ross Lara,Sad
0.137,0.0391,116.13,0.173,0.783,0.965,cure all - reimagined,Dear Gravity,Sad
0.0647,0.177,69.935,0.16,0.968,0.848,The Distance Between Us III,Alfonso Peduto,Sad
0.0637,0.0783,109.903,0.382,0.976,0.836,The Fig Tree,Jakob Ahlbom,Sad
0.151,0.0361,67.141,0.202,0.884,0.918,Through the Trees,"Raphah, We Dream of Eden",Sad
0.0254,0.246,53.829,0.426,0.991,0.951,Song For O,Ward Dhoore,Sad
0.0331,0.248,73.003,0.173,0.907,0.782,Sense of Perception,Charlie Ryder,Sad
0.122,0.0392,97.609,0.188,0.966,0.81,Eyries,"Jakob Ahlbom, Hanna Ekström, Anna Dager",Sad
0.0277,0.0861,124.035,0.489,0.962,0.933,Exist,Giuliano Poles,Sad
0.204,0.0367,90.792,0.102,0.914,0.952,Distant Memory,"Simon Wester, We Dream of Eden",Sad
0.105,0.0389,57.353,0.129,0.904,0.95,Sun,"Sun Rain, Alaskan Tapes",Sad
0.296,0.0342,98.021,0.192,0.621,0.837,Ecosystem,"Jakob Ahlbom, Anna Dager, Hanna Ekström",Sad
0.0519,0.131,70.798,0.121,0.979,0.817,New Mercies,Anneline Hugo,Sad
0.141,0.0385,133.731,0.382,0.802,0.779,Run,"Fryderyk HD, Lilibet",Sad
0.335,0.0501,82.398,0.265,0.941,0.843,Hoarfrost,PuzzleWaves,Sad
0.131,0.0656,97.16,0.401,0.977,0.9,Lakewood,Adalione,Sad
0.0503,0.0354,52.248,0.0642,0.93,0.967,Northern,Sailsetter,Sad
0.0745,0.0385,115.856,0.219,0.975,0.955,Altitude,Beneath The Mountain,Sad
0.072,0.0615,160.113,0.419,0.961,0.915,Sand Castle,Taisen,Sad
0.154,0.0388,120.408,0.345,0.493,0.905,Nostalgia,Libby Flores,Sad
0.0135,0.0895,80.163,0.17,0.977,0.958,Lost Love,Ben Laver,Sad
0.152,0.152,113.419,0.532,0.986,0.862,Landscapes,Uutela,Sad
0.259,0.0364,80.745,0.127,0.951,0.896,Coasting,Euan Dalgarno,Sad
0.139,0.104,102.462,0.2,0.881,0.918,Carry Me Away,From Somewhere Quiet,Sad
0.0293,0.0615,94.383,0.117,0.995,0.965,petals,springwell.,Sad
0.159,0.0302,56.162,0.0594,0.895,0.921,Where Nothing Is Forgotten,Kyle Preston,Sad
0.201,0.0327,77.711,0.138,0.913,0.796,Hope and a Future,Raphah,Sad
0.145,0.26,127.457,0.377,0.989,0.955,First Heartbeat,Sarah Watson,Sad
0.0325,0.326,126.368,0.359,0.991,0.862,No3 | Madrugada,Andreas Hauschild,Sad
0.155,0.0338,65.143,0.0597,0.917,0.914,In Bloom,Antonio Ministeri,Sad
0.0348,0.089,72.346,0.531,0.995,0.947,Latitude,George Ian Hewitt,Sad
0.151,0.0455,99.779,0.304,0.961,0.926,I Opened A Book,Have a Cigar,Sad
0.0525,0.0389,66.754,0.0658,0.925,0.83,Resonance,Christopher Galovan,Sad
0.168,0.0376,139.912,0.217,0.911,0.938,Seven Years,Josh Leake,Sad
0.0941,0.0527,67.817,0.192,0.9,0.89,Then There Was You,Beneath The Mountain,Sad
0.202,0.0656,92.081,0.24,0.783,0.93,"Tomorrow, I'll be fine",Onur Tarçın,Sad
0.0748,0.0385,48.232,0.207,0.904,0.9,Deep,Peter Sandberg,Sad
0.24,0.0307,79.44,0.0746,0.692,0.901,And So It Continues,"Johannes Baumer, Distant Cowboy",Sad
0.161,0.0439,64.971,0.405,0.945,0.796,Aria,Across The Great Valley,Sad
0.817,0.77,120.039,0.819,0.0593,0.201,Joha,Asake,Happy
0.537,0.769,102.014,0.861,0.504,0.0,Finesse,"Pheelz, Bnxn",Happy
0.705,0.624,113.006,0.827,0.0813,0.00556,Monalisa,"Lojay, Sarz",Happy
0.657,0.811,116.984,0.829,0.235,5.27e-05,Terminator,Asake,Happy
0.513,0.583,115.01,0.818,0.106,0.00105,Ijo (Laba Laba),Crayon,Happy
0.503,0.381,99.97,0.792,0.0369,0.00057,Rush,Ayra Starr,Energetic
0.588,0.705,111.995,0.861,0.00913,0.0,Sungba (feat. Burna Boy) - Remix,"Asake, Burna Boy",Happy
0.864,0.828,115.997,0.802,0.106,0.00107,High,"Adekunle Gold, Davido",Happy
0.659,0.441,116.054,0.819,0.0534,0.0,PALAZZO,"SPINALL, Asake",Energetic
0.716,0.961,115.991,0.92,0.296,0.00222,Buga (Lo Lo Lo),"Kizz Daniel, Tekno",Happy
0.639,0.612,105.016,0.808,0.621,0.0281,No Wahala,1da Banton,Happy
0.58,0.886,130.672,0.805,0.382,0.000361,Ototo,Asake,Happy
0.708,0.525,186.017,0.655,0.568,0.00117,love nwantiti (ah ah ah) [feat. Joeboy & Kuami Eugene] [Remix],"CKay, Joeboy, Kuami Eugene",Happy
0.718,0.627,114.125,0.741,0.124,0.0,Loaded,"Tiwa Savage, Asake",Happy
0.525,0.693,100.033,0.805,0.119,0.00203,Soundgasm,Rema,Happy
0.475,0.248,113.016,0.861,0.0325,0.322,Champion Sound,"Davido, Focalistic",Sad
0.653,0.51,112.995,0.871,0.623,0.403,"WATAWI (feat. Davido, Focalistic & Abidoza)","CKay, Focalistic, Davido, Abidoza",Happy
0.658,0.483,104.033,0.873,0.00858,0.0061,B. D’OR (feat. Wizkid),"Burna Boy, Wizkid",Energetic
0.415,0.633,108.014,0.951,0.572,0.00403,Peru,Fireboy DML,Neutral
0.7,0.755,101.944,0.897,0.0193,0.009,Mood (feat. BNXN),"Wizkid, Bnxn",Happy
0.694,0.587,189.998,0.686,0.253,0.000904,Joro,Wizkid,Happy
0.749,0.681,100.503,0.545,0.103,0.0,Ginger (feat. Burna Boy),"Wizkid, Burna Boy",Happy
0.511,0.676,109.033,0.847,0.00723,0.0128,Let Dem Kno,"Smallgod, Tiwa Savage, Kwesi Arthur",Happy
0.542,0.622,119.747,0.85,0.229,4.9e-05,True Love (feat. Tay Iwar & Projexx),"Wizkid, Tay Iwar, Projexx",Happy
0.715,0.706,96.11,0.736,0.626,0.0,Tinkerbell (feat. Wizkid),"R2Bees, Wizkid",Happy
0.37,0.941,94.893,0.771,0.426,0.363,Free My Mind,Omah Lay,Neutral
0.575,0.552,134.791,0.615,0.26,4.27e-06,Feeling,"LADIPOE, Bnxn",Happy
0.898,0.743,112.998,0.807,0.188,0.000395,Ameno Amapiano Remix (You Wanna Bamba),"Goya Menor, Nektunez",Happy
0.501,0.431,103.993,0.637,0.229,5.91e-05,In My Bed,"Rotimi, Wale",Energetic
0.651,0.544,109.953,0.79,0.284,0.00872,Trouble,"R-Wan, Minz",Happy
0.534,0.732,103.045,0.904,0.0345,0.00706,Colours,Kid AlpHa,Happy
0.565,0.53,107.035,0.776,0.36,8.81e-05,It's Plenty,Burna Boy,Happy
0.832,0.375,164.852,0.491,0.00287,0.822,風林火山 ～月冴ゆ夜～,"Hiromitsu Agatsuma, Chen Min, Akira Senju",Energetic
0.419,0.247,83.799,0.41,0.847,0.878,Toyohashi-matsuri (Toyohashi Festival) - Onibi (Demon Flame),Tomoe-Ryu Yutakadaiko,Sad
0.0341,0.0738,81.658,0.266,0.985,4.21e-06,A Ri Rang,Hideo Osaka Ensemble,Sad
0.301,0.497,114.346,0.506,0.569,0.79,Haneko odori (Bouncing Dance),Tomoe-Ryu Yutakadaiko,Sad
0.155,0.386,72.199,0.267,0.954,0.28,Samurai Song,Hideo Osaka Ensemble,Sad
0.411,0.418,138.331,0.537,0.799,0.969,Kodaiko,Taisei Iwasaki,Sad
0.401,0.158,99.7,0.588,0.801,0.927,Musashi Mai Uchi,Joji Hirota Taiko Drummers,Sad
0.259,0.338,90.047,0.426,0.989,0.767,Haru no Umi,Masayo Ishigure,Sad
0.599,0.377,145.895,0.508,0.753,0.96,じょんがら 健一,Yoshida Brothers,Energetic
0.216,0.651,131.186,0.617,0.958,0.424,Yamaguchi Sansa Odoriuta,Shogetsu Watanabe,Neutral
0.228,0.289,93.573,0.554,0.901,1.22e-05,Kurama Yama,Ensemble Kineya,Sad
0.304,0.626,116.616,0.573,0.979,0.971,Japanese Traditional Music,Traditional Japanese Music,Neutral
0.132,0.386,126.101,0.352,0.988,0.533,Harusame,Matsu Take Ensemble,Sad
0.279,0.372,173.186,0.438,0.837,0.958,Otoko-koko-ni Ariki (This is the man),Wadaiko Matsuriza,Sad
0.0734,0.293,97.917,0.604,0.852,0.0103,Deha,The Kyoto Nohgaku Kai,Sad
0.326,0.521,169.856,0.467,0.883,0.931,Japanese Tea Ceremony,Music Time,Neutral
0.29,0.159,110.38,0.415,0.475,0.943,暁 Akatsuki,Kodo,Sad
0.787,0.783,109.101,0.538,0.629,0.922,Japanese Drums,Japanese Taiko Drums,Happy
0.00293,0.658,115.722,0.294,0.994,0.000331,Japanese Peace Song,Asian Traditional Music,Neutral
0.181,0.179,105.181,0.223,0.882,0.262,Timelapse,"Uno Helmersson, Mari Samuelsen, Jesper Söderqvist, Gunnar Flagstad, TrondheimSolistene",Sad
0.124,0.0686,132.077,0.162,0.961,0.602,Near Light,"Ólafur Arnalds, Mari Samuelsen, Hakon Samuelsen, TrondheimSolistene",Sad
0.0663,0.0596,75.588,0.137,0.983,0.623,The Mist: Pt. 1,"Frans Bak, Mari Samuelsen, Hakon Samuelsen, Keld Haaning Ibsen, TrondheimSolistene",Sad
0.196,0.106,135.98,0.189,0.987,0.457,The Mist: Pt. 2,"Frans Bak, Mari Samuelsen, Hakon Samuelsen, Keld Haaning Ibsen, TrondheimSolistene",Sad
0.0391,0.13,67.4,0.252,0.951,0.655,The Mist: Pt. 3,"Frans Bak, Mari Samuelsen, Hakon Samuelsen, Keld Haaning Ibsen, TrondheimSolistene",Sad
0.0193,0.0382,100.334,0.2,0.961,0.0058,Darf ich ...,"Arvo Pärt, Mari Samuelsen, TrondheimSolistene",Sad
0.138,0.0346,87.528,0.233,0.904,0.373,Love & Rage,"Johan Söderqvist, Mari Samuelsen, TrondheimSolistene",Sad
0.0172,0.0297,74.931,0.159,0.941,0.988,"Study In Rituals, Prelude","Mari Samuelsen, Hakon Samuelsen, Johan Söderqvist, Uno Helmersson, TrondheimSolistene",Sad
0.336,0.4,149.638,0.454,0.943,0.709,Ana Delay,Kanari Music,Sad
0.251,0.414,152.037,0.522,0.802,0.935,Kolaymi,"Brian Keane, Omar Faruk Tekbilek",Sad
0.295,0.597,155.936,0.251,0.916,0.947,Last Moments of Love,Omar Faruk Tekbilek,Neutral
0.235,0.35,110.155,0.647,0.875,0.926,Hasret,Omar Faruk Tekbilek,Sad
0.106,0.262,143.972,0.643,0.962,0.937,鸿影,变奏的梦想,Sad
0.4,0.293,147.941,0.686,0.514,0.678,Dance of The Lotus,Yume.Play,Sad
0.106,0.161,135.693,0.389,0.983,0.844,灵魂的和谐,赵燮,Sad
0.0281,0.239,115.416,0.51,0.759,0.956,晨风,赵燮,Sad
0.328,0.139,82.981,0.483,0.888,0.413,长安不良帅 - 变奏版,小vie,Sad
0.202,0.168,113.956,0.564,0.931,0.967,壊れやすい心,hopeless_0taku,Sad
0.147,0.568,97.493,0.796,0.501,0.946,Crimson Lanterns,Kuroki,Neutral
0.23,0.343,68.529,0.474,0.101,0.855,风和树叶,浩宇,Sad
0.309,0.14,135.783,0.655,0.946,0.116,缥缃醉 - 纯音乐,"刘珂矣, 百慕三石",Sad
0.321,0.04,89.265,0.18,0.716,0.243,情缘,小vie,Sad
0.272,0.284,143.741,0.625,0.00219,0.462,Lotus,Kuroki,Sad
0.192,0.225,120.152,0.62,0.424,0.435,Mystic Cascade,Yume.Play,Sad
0.26,0.0441,116.501,0.388,0.974,0.728,暖かい,hopeless_0taku,Sad
0.195,0.356,116.915,0.404,0.914,0.653,无条件的爱,赵燮,Sad
0.135,0.532,118.0,0.503,0.95,0.931,The Night Whisperer,Kuroki,Neutral
0.125,0.295,86.05,0.315,0.846,0.971,风之歌,浩宇,Sad
0.223,0.0634,96.001,0.579,0.848,0.905,"跨越千山,仍未见你的模样","变奏的梦想, 喵步小雨中",Sad
0.0379,0.475,67.539,0.462,0.972,0.918,跳舞的叶子,浩宇,Sad
0.327,0.211,133.935,0.721,0.716,0.656,Nature's Wishes,Yume.Play,Sad
0.23,0.143,139.957,0.465,0.894,0.581,暖山 - 纯音乐,"刘珂矣, 百慕三石",Sad
0.13,0.302,128.073,0.688,0.943,0.866,如絲古風（輕音樂）,原調音樂,Sad
0.0869,0.49,144.325,0.687,0.894,0.95,被遗忘者的故事,浩宇,Sad
0.155,0.642,83.977,0.606,0.71,0.927,The Night's Tranquility,Kuroki,Neutral
0.277,0.187,132.057,0.721,0.856,0.545,重生的生命,赵燮,Sad
0.386,0.313,142.127,0.519,0.68,0.773,Promise of Prosperity,Yume.Play,Sad
0.254,0.136,153.975,0.443,0.228,7.61e-06,朝花夕拾,小vie,Sad
0.0727,0.37,129.911,0.482,0.949,0.953,闪亮的月亮,浩宇,Sad
0.394,0.0554,132.168,0.701,0.356,0.933,Enchanted Journeys,Yume.Play,Sad
0.301,0.488,82.986,0.696,0.581,0.603,Summer in Fujian,Kuroki,Sad
0.201,0.218,113.001,0.326,0.692,0.00723,湖边小路,赵燮,Sad
0.107,0.403,139.803,0.502,0.986,0.57,A Mild Tale Untold,HOYO-MiX,Sad
0.281,0.174,75.019,0.465,0.536,0.609,风誓 - 纯音乐,"刘珂矣, 百慕三石",Sad
0.151,0.322,85.976,0.662,0.317,0.942,生锈的叶子,浩宇,Sad
0.165,0.537,145.91,0.709,0.853,0.945,穿过开阔的田野,赵燮,Neutral
0.14,0.279,135.982,0.621,0.921,0.89,Mist Veil Over Falls,Yume.Play,Sad
0.341,0.133,80.046,0.385,0.901,0.056,黯然,小vie,Sad
0.324,0.207,144.087,0.695,0.719,0.236,Painted Heart,"Kuroki, Yume.Play",Sad
0.107,0.392,100.045,0.68,0.992,0.902,Quiet Reflections,Lemage,Sad
0.258,0.174,134.008,0.57,0.665,0.682,Serenade of The wind,Yume.Play,Sad
0.313,0.076,125.0,0.446,0.878,0.388,清狂《只画水墨》游戏插曲 - 洞箫版,小vie,Sad
0.385,0.104,68.999,0.598,0.325,0.805,Serenity,Yume.Play,Sad
0.195,0.189,79.933,0.419,0.925,0.0194,Winding River,Lemage,Sad
0.493,0.0555,120.101,0.641,0.0261,0.624,Mezame,Yume.Play,Sad
0.314,0.207,142.295,0.243,0.658,0.56,月亮的传说,赵燮,Sad
0.252,0.0776,129.869,0.422,0.925,0.896,Fallen Kingdom,Yume.Play,Sad
0.124,0.409,95.992,0.771,0.85,0.902,巫女,浩宇,Sad
0.295,0.345,134.087,0.762,0.758,0.921,Endless Love,"Kuroki, Yume.Play",Sad
0.318,0.134,77.178,0.571,0.802,0.59,永恒的雨,赵燮,Sad
0.286,0.47,148.042,0.699,0.666,0.81,Windy Hill,"Kuroki, Lemage",Sad
0.153,0.137,80.004,0.622,0.941,0.917,江上清风游,变奏的梦想,Sad
0.326,0.207,139.943,0.772,0.673,0.847,Lotus Rain,Kuroki,Sad
0.487,0.639,102.996,0.752,0.224,0.718,心的旅程,浩宇,Neutral
0.201,0.379,128.096,0.768,0.974,0.932,恬靜古風（輕音樂）,原調音樂,Sad
0.641,0.405,113.95,0.779,0.0147,0.00779,Walala Wasala,"Sam Deep, Zuma, LeeMcKrazy, The Bless",Energetic
0.588,0.301,113.002,0.848,0.00115,0.00485,"Biri Marung (feat. Sje Konka, Focalistic, DJ Maphorisa, Scotts Maphuma & CowBoii)","Mr Pilato, Ego Slimflow, Tebogo G Mashego, SJE Konka, Focalistic, DJ Maphorisa, Scotts Maphuma, CowBoii",Energetic
0.622,0.413,112.009,0.861,0.0632,7.79e-05,Wishi Wishi (feat. Scotts Maphuma & Young Stunna),"Kabza De Small, Vigro Deep, DJ Maphorisa, Scotts Maphuma, Young Stunna",Energetic
0.675,0.472,113.008,0.837,0.0117,0.814,Iza Mawala (feat. Dladla Mshunqisi & Goldmax),"Tycoon, Sly, Kabza De Small, Dladla Mshunqisi, Goldmax",Energetic
0.18,0.513,138.178,0.698,0.933,1.34e-06,Ucingo,"Zee Nxumalo, Sly, GL_Ceejay, Kabza De Small, Shakes & Les",Neutral
0.773,0.513,112.002,0.853,0.0275,0.0175,Shayi'Moto (feat. Seemah & Yanda Woods),"Mellow & Sleazy, Scotts Maphuma, Mr Pilato, Seemah, Yanda Woods",Happy
0.54,0.232,113.005,0.831,0.0052,0.814,"Intsango (feat. Marsey, CowBoii, Khalil Harrison, Ceeka RSA & Tyrone Dee)","Tyler ICU, DJ Exit, Khalil Harrison, Marsey, CowBoii, Ceeka RSA, Tyrone Dee",Energetic
0.878,0.562,111.996,0.839,0.134,0.000947,Amakhehla,"Vigro Deep, Freddy K, Mr. JazziQ, Scotts Maphuma, CowBoii",Happy
0.933,0.608,113.0,0.831,0.00132,0.0115,Yebo Lapho (Gogo) (feat. DJ Maphorisa & Djy Biza),"Felo Le Tee, Scotts Maphuma, Thabza Tee, DJ Maphorisa, Djy Biza",Happy
0.539,0.45,112.008,0.943,0.0512,0.00351,"Abo Nokthula (feat. The Exclusive SA, Scotts Maphuma, Kabelo Sings, Bontle Smith, 2woshort & Stompiiey)","TNK MusiQ, LeeMcKrazy, Seun1401, The Exclusive SA, Scotts Maphuma, Kabelo Sings, Bontle Smith, 2woshort, Stompiiey",Energetic
0.582,0.31,112.014,0.872,0.0417,0.0,Zase England,"Blacko SA, Mellow & Sleazy, Scotts Maphuma",Energetic
0.402,0.421,112.023,0.908,0.0188,0.044,Khuphuka,"Royal MusiQ, 2woBunnies, Djy Biza",Sad
0.773,0.836,113.018,0.873,0.0351,0.062,"Khuluma (feat. LilyFaith, Lowsheen & Theo Kgosinkwe)","OSKIDO, Master KG, MaWhoo, LilyFaith, Lowsheen, Theo Kgosinkwe",Happy
0.41,0.548,111.998,0.736,0.00577,2.49e-05,Lalela,"Amu Classic, Kappie, Djy Vino, Eemoh, Mpho Spizzy, Chronic Killer",Neutral
0.691,0.272,119.986,0.861,0.0182,0.00131,"Endofaya (feat. Eltee, Springle, ChocoDynasty & Mankay)","Pushkin RSA, Eltee, Springle, Choco Dynasty, ManKay",Energetic
0.573,0.728,112.995,0.867,0.00378,0.0015,Diwa Kae,"De Mthuda, Kabza De Small, Young Stunna, Mkeyz, McKenzie, Mthunzi",Happy
0.533,0.355,112.022,0.791,0.00745,0.895,Ng'limele (feat. Ceeka RSA),"Tyler ICU, Tumelo_za, Ceeka RSA",Energetic
0.58,0.885,113.005,0.834,0.048,0.424,ma thousand,Musa Keys,Happy
0.789,0.757,91.086,0.61,0.457,2.92e-06,Pedi Ao Céu,Almir Guineto,Happy
0.651,0.476,145.203,0.535,0.575,0.0,Lama Nas Ruas,Almir Guineto,Energetic
0.784,0.807,105.006,0.739,0.552,0.0,Saco Cheio,Almir Guineto,Happy
0.659,0.648,115.676,0.556,0.799,0.0,Pagode Da Dona Ivone,Mauro Diniz,Happy
0.876,0.944,100.767,0.626,0.205,0.0,A Batucada Dos Nossos Tantãs,Grupo Fundo De Quintal,Happy
0.815,0.97,102.461,0.507,0.345,0.0,Menina da Colina,Grupo Fundo De Quintal,Happy
0.919,0.939,89.059,0.442,0.753,0.0,No Nosso Fundo de Quintal,Grupo Fundo De Quintal,Happy
0.535,0.492,93.972,0.744,0.755,0.0,"Benza, Deus",Luiz Carlos Da Vila,Energetic
0.853,0.922,114.535,0.543,0.119,1.46e-05,"Vai Lá, Vai Lá",Grupo Fundo De Quintal,Happy
0.494,0.897,146.45,0.639,0.397,2.07e-06,Frasco Pequeno,Grupo Fundo De Quintal,Neutral
0.696,0.768,112.328,0.694,0.216,0.0,Pot-Pourri: Eu Não Sou o Que Ela Pensou/ Não Fique a Se Torturar/ Vai Pro Lado de Lá,Arlindo Cruz & Sombrinha,Happy
0.627,0.766,108.446,0.569,0.112,0.0,Pintou uma Lua Lá,Arlindo Cruz & Sombrinha,Happy
0.724,0.91,112.453,0.697,0.123,0.0,O Filho do Quitandeiro,Arlindo Cruz & Sombrinha,Happy
0.618,0.805,83.056,0.458,0.0898,0.0,Da Música,Arlindo Cruz & Sombrinha,Happy
0.718,0.406,93.026,0.244,0.652,1.53e-05,Lucidez,Grupo Fundo De Quintal,Energetic
0.688,0.763,99.438,0.454,0.696,0.0,A Amizade,Grupo Fundo De Quintal,Happy
0.812,0.87,92.934,0.464,0.668,0.0,Hoje tem samba,"Arlindo Cruz, Sombrinha",Happy
0.66,0.941,93.994,0.63,0.751,2.34e-05,A Luz do Vencedor,Luiz Carlos Da Vila,Happy
0.698,0.966,94.517,0.644,0.688,0.00797,Gamação,Luiz Carlos Da Vila,Happy
0.891,0.928,123.975,0.656,0.000184,0.118,Summer Dreaming,"Bingo Players, Pure Shores",Happy
0.88,0.341,128.02,0.7,0.115,0.037,Tears on the Dance Floor,Icona Pop,Energetic
0.688,0.316,123.069,0.492,0.0724,0.0029,On My Love,"Zara Larsson, David Guetta",Energetic
0.675,0.623,126.986,0.629,0.0106,5.75e-05,Helpless,Andreas Moe,Happy
0.633,0.886,125.011,0.783,0.0718,2.58e-05,Satama,KUUMAA,Happy
0.654,0.53,199.688,0.488,0.0252,0.0,Slutet av sommarn,Molly Sandén,Happy
0.831,0.288,123.981,0.658,0.0609,3e-05,Hit The Ground,Lilly Ahlberg,Energetic
0.797,0.921,130.021,0.796,0.047,6.89e-05,Svett,Peg Parnevik,Happy
0.762,0.962,120.028,0.714,0.0465,0.0,Hot Fever Dream,Astrid S,Happy
0.528,0.319,135.014,0.492,0.00617,0.0,27,Albin Tingwall,Energetic
0.866,0.646,135.005,0.672,0.145,0.000921,ICONIC,"Raaban, Julie Bergan",Happy
0.847,0.321,129.934,0.536,0.0656,1.74e-06,Wanted It To Be You,Sigrid,Energetic
0.717,0.853,105.988,0.743,0.0562,0.0,You're Hired (feat. Ayra Starr),"NEIKED, Ayra Starr",Happy
0.837,0.436,163.427,0.548,0.00325,0.0,Hoida mut,Benjamin,Energetic
0.701,0.679,117.997,0.682,0.0334,0.000112,Tell Mama,ALMA,Happy
0.543,0.513,94.086,0.545,0.249,0.0,Sweat,Isak Danielson,Happy
0.386,0.197,80.967,0.445,0.823,4.72e-06,Winter Song,Zara Larsson,Sad
0.866,0.855,130.037,0.594,0.0876,0.00595,Bloodline,Astrid S,Happy
0.616,0.0823,99.927,0.69,0.0564,7.41e-05,Ingen e som solen,"Danny Saucedo, Mapei",Energetic
0.559,0.53,125.021,0.664,0.135,3.34e-05,Misemotional,sixten,Happy
0.689,0.158,119.054,0.677,0.0292,2.25e-05,Barn som deg,"Matoma, Gabrielle, Hver gang vi møtes",Energetic
0.799,0.666,119.931,0.595,0.000895,0.0,24 Hours,Agnes,Happy
0.889,0.645,104.979,0.585,0.00153,0.000132,Effortless,Jacqline,Happy
0.641,0.65,115.963,0.599,0.1,0.0,För bra för att vara sant,Arwin,Happy
0.708,0.444,114.006,0.605,0.0137,0.0,Kerran elämässä,Elias Kaskinen,Energetic
0.595,0.0921,125.261,0.492,0.205,0.0,Ingen annan,"Niello, Lisa Ajax",Energetic
0.689,0.71,116.94,0.735,0.00381,0.00146,Mirror,Sigrid,Happy
0.825,0.593,103.051,0.644,0.0177,0.0,Lonely,LIAMOO,Happy
0.701,0.722,110.054,0.739,0.00538,0.0708,Ta på mig,Oscar Zia,Happy
0.84,0.369,124.018,0.662,0.0128,0.0628,Kysy mua ulos,Vesala,Energetic
0.858,0.345,109.984,0.695,0.0505,0.0,Like U Used To,Eric Saade,Energetic
0.574,0.571,150.121,0.675,0.519,0.0,Sommarn är över (feat. Eah Jé),"estraden, Eah Jé",Happy
0.547,0.282,101.96,0.539,0.333,1.73e-06,Frank Ocean,Julia Lov,Energetic
0.82,0.492,102.094,0.556,0.19,7.91e-05,Me ei kuuluta toisillemme,"Evelina, ANI",Energetic
0.382,0.731,123.741,0.593,0.822,9.74e-06,Faller tillbaks,"Albin Johnsén, Moa Michaeli",Neutral
0.593,0.853,120.057,0.879,0.203,0.0,Sämsta jag kan få,lovad,Happy
0.623,0.78,95.982,0.711,0.166,0.0,Kärlekssjuk,HON,Happy
0.35,0.332,128.984,0.641,0.819,0.0,Hela dig,Felicia Takman,Sad
0.736,0.395,145.141,0.622,0.014,0.0,Någonstans i Stockholm,Alex Järvi,Energetic
0.584,0.116,120.019,0.726,0.0302,0.000271,Fruen fra havet,Zupermaria,Energetic
0.527,0.688,89.983,0.77,0.454,2.63e-05,Kyssa dig nu,estraden,Happy
0.713,0.37,117.001,0.597,0.000949,2.64e-05,Burning Bridges,Sigrid,Energetic
0.707,0.792,111.017,0.658,0.0634,0.0,För mig själv,Alex Järvi,Happy
0.8,0.577,145.06,0.666,0.000363,0.0276,Allt som inte blir som jag vill att de ska vara,Felicia Takman,Happy
0.538,0.579,121.992,0.808,0.0979,0.0,let go,Andreas Wijk,Happy
0.709,0.459,160.982,0.677,0.00873,0.0,If It Weren’t For You,Christopher,Energetic
0.498,0.699,98.995,0.808,0.0532,0.0,Diskotek,"Jesper Jenset, vinni",Neutral
0.81,0.562,145.297,0.453,0.00759,0.0,Ain't Leaving Now,Vargas & Lagola,Happy
0.8,0.477,103.839,0.525,0.0565,2.33e-06,Sorry,Emma Steinbakken,Energetic
0.48,0.737,128.001,0.749,0.00607,0.0,Flyg Fula Fluga Flyg,Hanna Ferm,Neutral
0.689,0.718,76.954,0.648,0.0161,0.0,Jag Kan Inte Dansa,Rymdpojken,Happy
0.672,0.67,125.007,0.704,0.0165,0.00688,Vi ska aldrig gå hem,Molly Sandén,Happy
0.776,0.451,89.939,0.503,0.0718,0.0,Dark,LIAMOO,Energetic
0.657,0.54,90.012,0.564,0.0851,0.0,Rulla eftertexten,Felicia Takman,Happy
0.927,0.678,135.997,0.592,0.0138,0.0,Pixie's Parasol,Smith & Thell,Happy
0.448,0.43,96.98,0.631,0.253,1.94e-06,Lonely In A Crowd (feat. Joakim Berg),"Miriam Bryant, Joakim Berg",Sad
0.814,0.467,117.796,0.525,0.104,0.0327,Sing it back,Rebecca & Fiona,Energetic
0.456,0.465,106.937,0.658,0.454,1.76e-06,Januari,L1NA,Sad
0.609,0.404,127.757,0.341,0.108,0.0,Love Me Blind,Molly Hammar,Energetic
0.778,0.464,180.121,0.569,0.039,1.53e-05,Start Walking,Tove Styrke,Energetic
0.556,0.304,116.895,0.621,0.068,0.0,Høyt over havet,Chris Holsten,Energetic
0.811,0.77,159.998,0.689,0.161,0.00287,Bon Voyage,Dotter,Happy
0.802,0.488,155.144,0.461,0.00341,0.0,Jag Lovar,Norlie & KKV,Energetic
0.939,0.551,115.053,0.662,0.106,0.0,Som du vill,Theo,Happy
0.743,0.772,96.979,0.572,0.0713,0.0,Sista sommaren,Thomas Stenström,Happy
0.522,0.324,140.07,0.632,0.173,0.0,Aldrig säga aldrig,Felicia Takman,Energetic
0.63,0.687,126.957,0.789,0.0852,0.00506,För evigt,GULEED,Happy
0.782,0.29,117.994,0.638,0.0118,2.73e-05,Musik Non Stop - Spotify Singles,Felicia Takman,Energetic
0.717,0.778,169.945,0.587,0.00339,0.0,What You Were Made For,Måns Zelmerlöw,Happy
0.861,0.488,125.894,0.72,0.352,0.000236,Fint i mörker,Veronica Maggio,Energetic
0.732,0.52,90.022,0.761,0.25,0.0,Bränner,Kim Cesarion,Happy
0.69,0.404,123.006,0.799,0.511,0.000757,Everyone,Grandi,Energetic
0.709,0.332,121.948,0.694,0.0516,9.55e-05,Only Good Die Young,Dotter,Energetic
0.705,0.344,100.038,0.73,0.446,0.0,Saknar inte dig - Moonshine Remix,"ALMEA, Moonshine",Energetic
0.813,0.343,93.0,0.545,0.0534,7.06e-06,Du & jag,Poolkant,Energetic
0.633,0.412,130.986,0.731,0.12,0.0,Det Är Slut,Hanna Ferm,Energetic
0.547,0.186,102.976,0.603,0.166,0.0,Jag vill inte ha dig tillbaks,"Lancelot, Clara Klingenström",Energetic
0.494,0.0931,146.553,0.35,0.192,0.0,Hångel på balkongen,Clara Klingenström,Sad
0.744,0.684,142.968,0.652,0.434,0.0,Make It,Daniel Schulz,Happy
0.586,0.368,89.01,0.554,0.0533,0.0,Går emot dig,Klockrent!,Energetic
0.509,0.164,94.874,0.517,0.127,0.0,For evig,Chris Holsten,Energetic
0.649,0.44,140.063,0.68,0.0976,1.21e-05,Ihana kipu,"VIIVI, Robin Packalen",Energetic
0.537,0.364,89.988,0.609,0.0182,0.0,Om inte du (feat. Rasmus Wahlgren),"Emilia Pantic, Rasmus Wahlgren",Energetic
0.763,0.679,106.042,0.729,0.0694,5.17e-05,Can’t Stay Away,Molly Hammar,Happy
0.918,0.839,160.036,0.586,0.00343,0.00121,Sammumaton,BESS,Happy
0.672,0.297,127.018,0.681,0.0463,0.0,Dear Sandman,EMMY,Energetic
0.865,0.572,127.033,0.68,0.356,0.00143,Över nu,HON,Happy
0.688,0.788,79.757,0.668,0.105,0.0,Håper du har det bra,Jesper Jenset,Happy
0.762,0.602,193.766,0.443,0.0189,0.0,Dansa fult,Felicia Takman,Happy
0.412,0.0986,120.897,0.55,0.366,0.0,Så nära,Molly Hammar,Sad
0.741,0.736,125.977,0.652,0.0319,1.28e-06,N-Y-T,Benjamin,Happy
0.675,0.907,139.968,0.775,0.133,0.0,Välkommen Åter,"Hanna Ferm, Junie",Happy
0.941,0.578,116.007,0.672,0.00297,8.31e-06,Superstar,Darin,Happy
0.794,0.913,130.967,0.698,0.00857,0.0,GAY,Benjamin,Happy
0.663,0.601,90.191,0.621,0.0147,0.0,Another Stranger,Hedda Mae,Happy
0.812,0.82,121.004,0.745,0.067,0.0,Lättdistraherad,Dotter,Happy
0.732,0.696,154.999,0.644,0.12,2.74e-06,Distant,Hanne Mjøen,Happy
0.696,0.638,107.011,0.78,0.0076,6.66e-05,Mehän vaan tanssittiin,Tuure Boelius,Happy
0.79,0.136,74.933,0.395,0.00312,0.0,Till Solen Brinner Ut,Rymdpojken,Energetic
0.662,0.568,116.948,0.717,0.0148,0.0,It Ain't You,Hedda Mae,Happy
0.551,0.315,75.704,0.403,0.00399,1.24e-05,Arigato,Julie Bergan,Energetic
0.662,0.196,91.989,0.544,0.00418,1.35e-06,"Not Too Young, Pt. 2",Sabina Ddumba,Energetic
0.728,0.342,188.701,0.405,0.415,0.0,Smaller,Erik Hassle,Energetic
0.839,0.303,123.069,0.666,0.124,0.0,Worth Something,Isac Elliot,Energetic
0.8,0.441,100.008,0.486,0.263,0.00281,High,Jesper Jenset,Energetic
0.575,0.119,78.364,0.321,0.158,0.000331,Beautiful Heartbeat (feat. Frida Sundemo) - Radio Edit,"MORTEN, Frida Sundemo",Energetic
0.679,0.106,132.146,0.518,0.079,4.85e-05,Euphoria,Loreen,Energetic
0.912,0.248,189.983,0.504,0.199,0.0,Magical,"Tungevaag, Raaban",Energetic
0.723,0.624,117.977,0.676,0.077,0.00547,Spaceship,Comet Blue,Happy
0.837,0.943,123.001,0.674,0.16,0.0286,Lucky You,Linda Sundblad,Happy
0.769,0.46,124.043,0.624,0.000535,0.0,All About The Games - Official Swedish Song For Rio 2016,John Lundvik,Energetic
0.752,0.486,113.804,0.608,0.134,0.0,Hanging on to Nothing,Måns Zelmerlöw,Energetic
0.58,0.304,127.973,0.506,0.476,0.223,Au Volant,Elsa & Emilie,Energetic
0.715,0.361,95.996,0.488,0.0202,0.0,Alive,Madden,Energetic
0.679,0.191,111.594,0.497,0.127,0.0,A Million Years,Mariette,Energetic
0.429,0.188,125.868,0.341,0.892,0.352,The Sun,Frida Sundemo,Sad
0.716,0.487,102.038,0.587,0.00649,0.0,Burn,LIAMOO,Energetic
0.804,0.55,97.018,0.647,0.0323,0.0,Don't Tell Ma,Peg Parnevik,Happy
0.656,0.592,102.062,0.669,0.0991,0.0,Too Good To Be True,Rhys,Happy
0.494,0.405,79.315,0.612,0.381,2.14e-06,Same Moon,Juliander,Sad
0.695,0.678,106.031,0.705,0.0697,0.0,Lovesick (feat. Liza Owen),"SJUR, Liza Owen",Happy
0.595,0.334,183.736,0.538,0.0874,6.48e-06,Strongest,Ina Wroldsen,Energetic
0.267,0.255,93.072,0.433,0.681,0.0,Here With Me,Elina,Sad
0.648,0.503,167.966,0.457,0.163,0.0,Alltid god,Impuls,Happy
0.797,0.524,118.071,0.671,0.0162,1.65e-05,Den som e den,Molly Sandén,Happy
0.544,0.701,80.989,0.729,0.171,0.0,Blue Flag / Fun Things,Jesper Jenset,Happy
0.829,0.902,122.098,0.703,0.00092,1.43e-05,Shadows,Alphabeat,Happy
0.721,0.532,101.974,0.681,0.0494,0.0,STFU,Julie Bergan,Happy
0.85,0.47,129.918,0.69,0.0155,3.56e-05,Sight Of You,Sigrid,Energetic
0.77,0.393,106.016,0.733,0.456,7.39e-06,Time Machine,Chris Holsten,Energetic
0.542,0.285,171.867,0.605,0.593,0.000158,Say Something,Matilda,Energetic
0.793,0.83,110.11,0.696,0.259,9.86e-06,Losing You,Oscar Stembridge,Happy
0.663,0.418,154.865,0.593,0.0162,7.58e-05,24,SKAAR,Energetic
0.533,0.667,148.813,0.484,0.903,0.0,Endaro Mahanubhavulu - Sri - Adi,"Tyagaraja, M. Balamuralikrishna",Happy
0.857,0.863,126.412,0.686,0.888,0.0,Jaya Jaya - Dhanyasi - Adi,"Tyagaraja, M. Balamuralikrishna",Happy
0.656,0.761,92.121,0.43,0.677,2.2e-06,Kalaharana - Atana - Adi,"Tyagaraja, M. Balamuralikrishna",Happy
0.342,0.302,122.145,0.486,0.655,0.0597,Maha Ganapatim - Nata,T. N. Krishnan,Sad
0.424,0.605,75.466,0.352,0.965,0.0,Bhaja Govindam,M. S. Subbulakshmi,Neutral
0.349,0.358,147.193,0.471,0.975,0.945,Varnam,Jayanthi Kumaresh,Sad
0.595,0.87,174.308,0.436,0.816,0.868,"Sarasuda Varnam (Raga Saveri, Aadi Tala): Jaya Jaya (Raga Nattai, Khanda Chapu Tala)","Nirmala Rajasekar, Raghavendra Rao, Tanjore K. Murugaboopathi, V. Suresh",Happy
0.591,0.689,174.76,0.489,0.948,0.927,Raga Karnaranjani,Ganesh & Kumaresh,Happy
0.816,0.591,170.938,0.27,0.853,0.113,Nagumomu - Abheri - Adi - Live,Sudha Ragunathan,Happy
